NOC,Sport,Bronze Medals,Gold Medals,No Medals,Silver Medals,Total Medals
AFG,Athletics,0,0,2,0,0
AFG,Cycling Road,0,0,3,0,0
AFG,Judo,0,0,1,0,0
AFG,Swimming,0,0,1,0,0
AIN,Canoe Sprint,0,0,6,0,0
AIN,Cycling Road,0,0,7,0,0
AIN,Rowing,0,0,1,1,1
AIN,Shooting,0,0,2,0,0
AIN,Swimming,0,0,7,0,0
AIN,Taekwondo,0,0,1,0,0
AIN,Tennis,0,0,12,2,2
AIN,Trampoline Gymnastics,0,1,1,1,2
AIN,Weightlifting,1,0,1,0,1
AIN,Wrestling,0,0,2,0,0
ALB,Athletics,0,0,2,0,0
ALB,Shooting,0,0,2,0,0
ALB,Swimming,0,0,2,0,0
ALB,Wrestling,2,0,1,0,2
ALG,Artistic Gymnastics,0,1,5,0,1
ALG,Athletics,1,0,7,0,1
ALG,Badminton,0,0,2,0,0
ALG,Boxing,0,1,4,0,1
ALG,Canoe Slalom,0,0,2,0,0
ALG,Cycling Road,0,0,2,0,0
ALG,Fencing,0,0,8,0,0
ALG,Judo,0,0,3,0,0
ALG,Rowing,0,0,2,0,0
ALG,Sailing,0,0,1,0,0
ALG,Shooting,0,0,3,0,0
ALG,Swimming,0,0,2,0,0
ALG,Table Tennis,0,0,2,0,0
ALG,Weightlifting,0,0,1,0,0
ALG,Wrestling,0,0,8,0,0
AND,Athletics,0,0,1,0,0
AND,Canoe Slalom,0,0,3,0,0
ANG,Athletics,0,0,1,0,0
ANG,Canoe Sprint,0,0,3,0,0
ANG,Handball,0,0,15,0,0
ANG,Judo,0,0,1,0,0
ANG,Rowing,0,0,1,0,0
ANG,Sailing,0,0,3,0,0
ANG,Swimming,0,0,2,0,0
ANT,Athletics,0,0,2,0,0
ANT,Sailing,0,0,1,0,0
ANT,Swimming,0,0,2,0,0
ARG,Archery,0,0,1,0,0
ARG,Athletics,0,0,6,0,0
ARG,Canoe Sprint,0,0,2,0,0
ARG,Cycling BMX Freestyle,0,1,0,0,1
ARG,Cycling BMX Racing,0,0,2,0,0
ARG,Cycling Road,0,0,1,0,0
ARG,Equestrian,0,0,1,0,0
ARG,Fencing,0,0,1,0,0
ARG,Football,0,0,18,0,0
ARG,Golf,0,0,2,0,0
ARG,Handball,0,0,15,0,0
ARG,Hockey,16,0,18,0,16
ARG,Judo,0,0,1,0,0
ARG,Modern Pentathlon,0,0,1,0,0
ARG,Rowing,0,0,4,0,0
ARG,Rugby Sevens,0,0,14,0,0
ARG,Sailing,0,0,5,2,2
ARG,Shooting,0,0,5,0,0
ARG,Skateboarding,0,0,2,0,0
ARG,Swimming,0,0,5,0,0
ARG,Table Tennis,0,0,1,0,0
ARG,Taekwondo,0,0,1,0,0
ARG,Tennis,0,0,15,0,0
ARG,Triathlon,0,0,1,0,0
ARG,Volleyball,0,0,13,0,0
ARM,Artistic Gymnastics,0,0,3,1,1
ARM,Athletics,0,0,1,0,0
ARM,Boxing,0,0,1,0,0
ARM,Shooting,0,0,1,0,0
ARM,Swimming,0,0,2,0,0
ARM,Weightlifting,0,0,2,1,1
ARM,Wrestling,1,0,3,1,2
ARU,Cycling BMX Racing,0,0,1,0,0
ARU,Sailing,0,0,2,0,0
ARU,Shooting,0,0,1,0,0
ARU,Swimming,0,0,3,0,0
ASA,Athletics,0,0,1,0,0
ASA,Swimming,0,0,1,0,0
AUS,3x3 Basketball,0,0,4,0,0
AUS,"3x3 Basketball, Basketball",0,0,1,0,0
AUS,Archery,0,0,4,0,0
AUS,Artistic Gymnastics,0,0,40,0,0
AUS,Artistic Swimming,0,0,11,0,0
AUS,Athletics,5,1,82,2,8
AUS,Badminton,0,0,3,0,0
AUS,Basketball,11,0,12,0,11
AUS,Beach Volleyball,0,0,6,0,0
AUS,Boxing,2,0,10,0,2
AUS,Breaking,0,0,2,0,0
AUS,Canoe Slalom,0,3,5,0,3
AUS,Canoe Sprint,2,0,8,4,6
AUS,Cycling BMX Freestyle,1,0,1,0,1
AUS,Cycling BMX Racing,0,1,2,0,1
AUS,Cycling Mountain Bike,0,0,1,0,0
AUS,Cycling Road,0,1,7,0,1
AUS,Cycling Track,5,5,25,2,12
AUS,Diving,0,0,10,1,1
AUS,Equestrian,0,0,21,1,1
AUS,Football,0,0,19,0,0
AUS,Golf,0,0,4,0,0
AUS,Hockey,0,0,35,0,0
AUS,Judo,0,0,3,0,0
AUS,Marathon Swimming,0,0,3,0,0
AUS,"Marathon Swimming, Swimming",0,0,2,0,0
AUS,Modern Pentathlon,0,0,1,0,0
AUS,Rhythmic Gymnastics,0,0,6,0,0
AUS,Rowing,2,0,36,0,2
AUS,Rugby Sevens,0,0,25,0,0
AUS,Sailing,0,1,10,1,2
AUS,Shooting,1,0,14,0,1
AUS,Skateboarding,0,2,7,0,2
AUS,Sport Climbing,0,0,2,0,0
AUS,Surfing,0,0,3,1,1
AUS,Swimming,15,17,52,19,51
AUS,Table Tennis,0,0,12,0,0
AUS,Taekwondo,0,0,3,0,0
AUS,Tennis,0,2,13,0,2
AUS,Trampoline Gymnastics,0,0,1,0,0
AUS,Triathlon,0,0,4,0,0
AUS,Water Polo,0,0,13,13,13
AUS,Weightlifting,0,0,3,0,0
AUS,Wrestling,0,0,2,0,0
AUT,Archery,0,0,1,0,0
AUT,Artistic Gymnastics,0,0,6,0,0
AUT,Artistic Swimming,0,0,2,0,0
AUT,Athletics,0,0,7,0,0
AUT,Badminton,0,0,1,0,0
AUT,Beach Volleyball,0,0,2,0,0
AUT,Canoe Slalom,0,0,6,0,0
AUT,Cycling Mountain Bike,0,0,3,0,0
AUT,Cycling Road,0,0,7,0,0
AUT,Cycling Track,0,0,3,0,0
AUT,Diving,0,0,1,0,0
AUT,Equestrian,0,0,17,0,0
AUT,Golf,0,0,3,0,0
AUT,Judo,1,0,11,0,1
AUT,Marathon Swimming,0,0,1,0,0
AUT,"Marathon Swimming, Swimming",0,0,4,0,0
AUT,Rowing,0,0,3,0,0
AUT,Sailing,0,3,6,0,3
AUT,Shooting,0,0,10,0,0
AUT,Sport Climbing,2,0,0,0,2
AUT,Swimming,0,0,11,0,0
AUT,Table Tennis,0,0,2,0,0
AUT,Taekwondo,0,0,1,0,0
AUT,Tennis,0,0,2,0,0
AUT,Trampoline Gymnastics,0,0,1,0,0
AUT,Triathlon,0,0,4,0,0
AZE,3x3 Basketball,0,0,4,0,0
AZE,Archery,0,0,1,0,0
AZE,Athletics,0,0,1,0,0
AZE,Badminton,0,0,2,0,0
AZE,Boxing,0,0,4,1,1
AZE,Fencing,0,0,1,0,0
AZE,Judo,0,2,7,0,2
AZE,Rhythmic Gymnastics,0,0,6,0,0
AZE,Rowing,0,0,1,0,0
AZE,Shooting,0,0,2,0,0
AZE,Swimming,0,0,2,0,0
AZE,Taekwondo,0,0,0,1,1
AZE,Trampoline Gymnastics,0,0,1,0,0
AZE,Triathlon,0,0,1,0,0
AZE,Wrestling,3,0,9,0,3
BAH,Athletics,0,0,19,0,0
BAH,Swimming,0,0,2,0,0
BAN,Archery,0,0,1,0,0
BAN,Athletics,0,0,1,0,0
BAN,Shooting,0,0,1,0,0
BAN,Swimming,0,0,2,0,0
BAR,Athletics,0,0,2,0,0
BAR,Swimming,0,0,1,0,0
BAR,Triathlon,0,0,1,0,0
BDI,Athletics,0,0,5,0,0
BDI,Judo,0,0,1,0,0
BDI,Swimming,0,0,2,0,0
BEL,Artistic Gymnastics,0,0,22,0,0
BEL,Athletics,1,1,57,1,3
BEL,Badminton,0,0,2,0,0
BEL,Basketball,0,0,12,0,0
BEL,Boxing,0,0,3,0,0
BEL,Canoe Sprint,0,0,5,0,0
BEL,Cycling BMX Racing,0,0,4,0,0
BEL,Cycling Mountain Bike,0,0,3,0,0
BEL,Cycling Road,1,2,6,0,3
BEL,"Cycling Road, Cycling Track",0,0,3,0,0
BEL,Cycling Track,1,0,16,0,1
BEL,Equestrian,0,0,23,0,0
BEL,Fencing,0,0,1,0,0
BEL,Golf,0,0,3,0,0
BEL,Hockey,0,0,38,0,0
BEL,Judo,1,0,3,0,1
BEL,Rowing,0,0,3,0,0
BEL,Sailing,0,0,8,0,0
BEL,Sport Climbing,0,0,1,0,0
BEL,Swimming,0,0,8,0,0
BEL,Table Tennis,0,0,2,0,0
BEL,Taekwondo,1,0,0,0,1
BEL,Tennis,0,0,3,0,0
BEL,Triathlon,0,0,4,0,0
BEL,Weightlifting,0,0,1,0,0
BEN,Athletics,0,0,2,0,0
BEN,Judo,0,0,1,0,0
BEN,Swimming,0,0,2,0,0
BER,Athletics,0,0,1,0,0
BER,Rowing,0,0,1,0,0
BER,Sailing,0,0,1,0,0
BER,Swimming,0,0,2,0,0
BER,Triathlon,0,0,3,0,0
BHU,Archery,0,0,1,0,0
BHU,Athletics,0,0,1,0,0
BHU,Swimming,0,0,1,0,0
BIH,Athletics,0,0,1,0,0
BIH,Judo,0,0,2,0,0
BIH,Swimming,0,0,3,0,0
BIZ,Athletics,0,0,1,0,0
BOL,Athletics,0,0,2,0,0
BOL,Swimming,0,0,2,0,0
BOT,Athletics,0,1,10,6,7
BOT,Swimming,0,0,2,0,0
BRA,Archery,0,0,4,0,0
BRA,Artistic Gymnastics,5,1,35,2,8
BRA,Athletics,1,0,54,1,2
BRA,Badminton,0,0,2,0,0
BRA,Basketball,0,0,12,0,0
BRA,Beach Volleyball,0,2,6,0,2
BRA,Boxing,1,0,9,0,1
BRA,Canoe Slalom,0,0,6,0,0
BRA,Canoe Sprint,0,0,6,1,1
BRA,Cycling BMX Freestyle,0,0,1,0,0
BRA,Cycling BMX Racing,0,0,1,0,0
BRA,Cycling Mountain Bike,0,0,2,0,0
BRA,Cycling Road,0,0,2,0,0
BRA,Diving,0,0,1,0,0
BRA,Equestrian,0,0,17,0,0
BRA,Fencing,0,0,3,0,0
BRA,Football,0,0,0,22,22
BRA,Handball,0,0,17,0,0
BRA,Judo,11,1,10,1,13
BRA,Marathon Swimming,0,0,2,0,0
BRA,"Marathon Swimming, Swimming",0,0,5,0,0
BRA,Modern Pentathlon,0,0,1,0,0
BRA,Rhythmic Gymnastics,0,0,6,0,0
BRA,Rowing,0,0,2,0,0
BRA,Rugby Sevens,0,0,14,0,0
BRA,Sailing,0,0,12,0,0
BRA,Shooting,0,0,4,0,0
BRA,Skateboarding,2,0,10,0,2
BRA,Surfing,1,0,4,1,2
BRA,Swimming,0,0,39,0,0
BRA,Table Tennis,0,0,12,0,0
BRA,Taekwondo,1,0,3,0,1
BRA,Tennis,0,0,10,0,0
BRA,Trampoline Gymnastics,0,0,2,0,0
BRA,Triathlon,0,0,4,0,0
BRA,Volleyball,13,0,13,0,13
BRA,Weightlifting,0,0,2,0,0
BRA,Wrestling,0,0,1,0,0
BRN,Athletics,0,1,7,1,2
BRN,Judo,0,0,1,0,0
BRN,Swimming,0,0,2,0,0
BRN,Weightlifting,1,0,1,0,1
BRN,Wrestling,0,1,0,0,1
BRU,Athletics,0,0,1,0,0
BRU,Swimming,0,0,2,0,0
BUL,Artistic Gymnastics,0,0,12,0,0
BUL,Athletics,0,0,5,0,0
BUL,Badminton,0,0,3,0,0
BUL,Boxing,1,0,4,0,1
BUL,Canoe Sprint,0,0,1,0,0
BUL,Fencing,0,0,1,0,0
BUL,Judo,0,0,2,0,0
BUL,Modern Pentathlon,0,0,1,0,0
BUL,Rhythmic Gymnastics,0,0,6,1,1
BUL,Rowing,0,0,2,0,0
BUL,Shooting,0,0,5,0,0
BUL,Swimming,0,0,6,0,0
BUL,Taekwondo,1,0,0,0,1
BUL,Tennis,0,0,1,0,0
BUL,Weightlifting,1,1,1,0,2
BUL,Wrestling,0,2,4,0,2
BUR,Athletics,0,0,2,0,0
BUR,Cycling Road,0,0,1,0,0
BUR,Judo,0,0,1,0,0
BUR,Swimming,0,0,2,0,0
BUR,Taekwondo,0,0,2,0,0
CAF,Athletics,0,0,1,0,0
CAF,Judo,0,0,1,0,0
CAF,Swimming,0,0,2,0,0
CAM,Athletics,0,0,1,0,0
CAM,Swimming,0,0,2,0,0
CAN,3x3 Basketball,0,0,4,0,0
CAN,Archery,0,0,4,0,0
CAN,Artistic Gymnastics,0,0,76,0,0
CAN,Artistic Swimming,0,0,11,0,0
CAN,Athletics,1,8,55,1,10
CAN,Badminton,0,0,4,0,0
CAN,Basketball,0,0,24,0,0
CAN,Beach Volleyball,0,0,4,2,2
CAN,Boxing,1,0,1,0,1
CAN,Breaking,0,1,0,0,1
CAN,Canoe Slalom,0,0,6,0,0
CAN,Canoe Sprint,2,1,16,0,3
CAN,Cycling BMX Freestyle,0,0,1,0,0
CAN,Cycling BMX Racing,0,0,1,0,0
CAN,Cycling Mountain Bike,0,0,2,0,0
CAN,Cycling Road,0,0,6,0,0
CAN,Cycling Track,0,0,40,0,0
CAN,Diving,2,0,7,0,2
CAN,Equestrian,0,0,23,0,0
CAN,Fencing,1,0,23,0,1
CAN,Football,0,0,19,0,0
CAN,Golf,0,0,4,0,0
CAN,Judo,0,1,13,0,1
CAN,Marathon Swimming,0,0,1,0,0
CAN,Rowing,0,0,2,9,9
CAN,Rugby Sevens,0,0,0,14,14
CAN,Sailing,0,0,6,0,0
CAN,Shooting,0,0,4,0,0
CAN,Skateboarding,0,0,4,0,0
CAN,Surfing,0,0,1,0,0
CAN,Swimming,3,3,68,2,8
CAN,Table Tennis,0,0,6,0,0
CAN,Taekwondo,1,0,1,0,1
CAN,Tennis,2,0,8,0,2
CAN,Trampoline Gymnastics,1,0,0,0,1
CAN,Triathlon,0,0,3,0,0
CAN,Volleyball,0,0,13,0,0
CAN,Water Polo,0,0,13,0,0
CAN,Weightlifting,0,0,1,1,1
CAN,Wrestling,0,0,6,0,0
CAY,Athletics,0,0,1,0,0
CAY,Sailing,0,0,1,0,0
CAY,Swimming,0,0,3,0,0
CGO,Athletics,0,0,1,0,0
CGO,Swimming,0,0,2,0,0
CGO,Table Tennis,0,0,1,0,0
CHA,Archery,0,0,1,0,0
CHA,Athletics,0,0,1,0,0
CHA,Judo,0,0,1,0,0
CHI,Archery,0,0,1,0,0
CHI,Athletics,0,0,9,0,0
CHI,Beach Volleyball,0,0,2,0,0
CHI,Canoe Sprint,0,0,4,0,0
CHI,Cycling BMX Freestyle,0,0,1,0,0
CHI,Cycling BMX Racing,0,0,1,0,0
CHI,Cycling Mountain Bike,0,0,1,0,0
CHI,Cycling Road,0,0,1,0,0
CHI,Equestrian,0,0,1,0,0
CHI,Fencing,0,0,1,0,0
CHI,Golf,0,0,2,0,0
CHI,Judo,0,0,2,0,0
CHI,Modern Pentathlon,0,0,1,0,0
CHI,Rowing,0,0,4,0,0
CHI,Sailing,0,0,2,0,0
CHI,Shooting,0,1,1,0,1
CHI,Swimming,0,0,3,0,0
CHI,Table Tennis,0,0,3,0,0
CHI,Taekwondo,0,0,2,0,0
CHI,Tennis,0,0,5,0,0
CHI,Triathlon,0,0,2,0,0
CHI,Wrestling,0,0,1,1,1
CHN,3x3 Basketball,0,0,8,0,0
CHN,Archery,0,0,11,3,3
CHN,Artistic Gymnastics,2,2,61,9,13
CHN,Artistic Swimming,0,11,0,0,11
CHN,Athletics,2,1,55,1,4
CHN,Badminton,0,4,7,5,9
CHN,Basketball,0,0,12,0,0
CHN,Beach Volleyball,0,0,2,0,0
CHN,Boxing,0,3,3,2,5
CHN,Breaking,1,0,2,0,1
CHN,Canoe Slalom,0,0,5,0,0
CHN,Canoe Sprint,0,4,18,0,4
CHN,Cycling BMX Freestyle,0,1,1,0,1
CHN,Cycling Mountain Bike,0,0,2,0,0
CHN,Cycling Road,0,0,3,0,0
CHN,Cycling Track,0,0,17,0,0
CHN,Diving,1,12,1,2,15
CHN,Equestrian,0,0,2,0,0
CHN,Fencing,0,0,24,0,0
CHN,Golf,1,0,3,0,1
CHN,Hockey,0,0,0,17,17
CHN,Judo,1,0,5,0,1
CHN,Marathon Swimming,0,0,1,0,0
CHN,Modern Pentathlon,0,0,3,0,0
CHN,Rhythmic Gymnastics,0,5,1,0,5
CHN,Rowing,0,0,14,0,0
CHN,Rugby Sevens,0,0,14,0,0
CHN,Sailing,0,0,13,0,0
CHN,Shooting,4,6,21,2,12
CHN,Skateboarding,0,0,4,0,0
CHN,Sport Climbing,0,0,5,2,2
CHN,Surfing,0,0,1,0,0
CHN,Swimming,22,6,49,8,36
CHN,Table Tennis,0,10,1,1,11
CHN,Taekwondo,1,0,4,1,2
CHN,Tennis,0,1,9,2,3
CHN,Trampoline Gymnastics,1,0,2,1,2
CHN,Triathlon,0,0,1,0,0
CHN,Volleyball,0,0,13,0,0
CHN,Water Polo,0,0,13,0,0
CHN,Weightlifting,0,5,1,0,5
CHN,Wrestling,4,0,7,1,5
CIV,Athletics,0,0,12,0,0
CIV,Fencing,0,0,2,0,0
CIV,Judo,0,0,1,0,0
CIV,Taekwondo,1,0,2,0,1
CMR,Athletics,0,0,2,0,0
CMR,Judo,0,0,1,0,0
CMR,Swimming,0,0,2,0,0
CMR,Table Tennis,0,0,1,0,0
COD,Athletics,0,0,1,0,0
COD,Boxing,0,0,2,0,0
COD,Judo,0,0,1,0,0
COD,Swimming,0,0,2,0,0
COK,Athletics,0,0,1,0,0
COK,Swimming,0,0,1,0,0
COL,Archery,0,0,9,0,0
COL,Artistic Gymnastics,0,0,8,1,1
COL,Athletics,0,0,19,0,0
COL,Boxing,0,0,5,0,0
COL,Canoe Sprint,0,0,1,0,0
COL,Cycling BMX Freestyle,0,0,1,0,0
COL,Cycling BMX Racing,0,0,5,0,0
COL,Cycling Mountain Bike,0,0,1,0,0
COL,Cycling Road,0,0,3,0,0
COL,Cycling Track,0,0,9,0,0
COL,Diving,0,0,3,0,0
COL,Equestrian,0,0,1,0,0
COL,Fencing,0,0,1,0,0
COL,Football,0,0,19,0,0
COL,Golf,0,0,3,0,0
COL,Judo,0,0,1,0,0
COL,Sailing,0,0,1,0,0
COL,Skateboarding,0,0,1,0,0
COL,Swimming,0,0,2,0,0
COL,Tennis,0,0,1,0,0
COL,Trampoline Gymnastics,0,0,1,0,0
COL,Triathlon,0,0,1,0,0
COL,Weightlifting,0,0,2,2,2
COL,Wrestling,1,0,3,0,1
COM,Athletics,0,0,1,0,0
COM,Canoe Slalom,0,0,2,0,0
COM,Swimming,0,0,2,0,0
CPV,Athletics,0,0,1,0,0
CPV,Boxing,1,0,1,0,1
CPV,Fencing,0,0,1,0,0
CPV,Judo,0,0,1,0,0
CPV,Swimming,0,0,2,0,0
CRC,Athletics,0,0,1,0,0
CRC,Cycling Road,0,0,1,0,0
CRC,Judo,0,0,1,0,0
CRC,Surfing,0,0,1,0,0
CRC,Swimming,0,0,2,0,0
CRO,Artistic Gymnastics,0,0,5,0,0
CRO,Athletics,1,0,8,0,1
CRO,Boxing,0,0,1,0,0
CRO,Canoe Slalom,0,0,2,0,0
CRO,Canoe Sprint,0,0,1,0,0
CRO,Cycling BMX Freestyle,0,0,1,0,0
CRO,Handball,0,0,14,0,0
CRO,Judo,0,1,2,0,1
CRO,Rowing,0,2,3,0,2
CRO,Sailing,0,0,6,0,0
CRO,Shooting,1,0,4,0,1
CRO,Swimming,0,0,5,0,0
CRO,Table Tennis,0,0,6,0,0
CRO,Taekwondo,1,0,2,0,1
CRO,Tennis,0,0,5,1,1
CRO,Water Polo,0,0,0,13,13
CUB,Archery,0,0,1,0,0
CUB,Athletics,0,0,21,0,0
CUB,Beach Volleyball,0,0,2,0,0
CUB,Boxing,1,1,3,0,2
CUB,Canoe Sprint,1,0,4,0,1
CUB,Cycling Road,0,0,1,0,0
CUB,Diving,0,0,3,0,0
CUB,Judo,0,0,4,0,0
CUB,Modern Pentathlon,0,0,1,0,0
CUB,Rowing,0,0,2,0,0
CUB,Shooting,0,0,6,0,0
CUB,Swimming,0,0,2,0,0
CUB,Table Tennis,0,0,3,0,0
CUB,Taekwondo,1,0,1,0,1
CUB,Weightlifting,0,0,1,0,0
CUB,Wrestling,3,1,5,1,5
CYP,Artistic Gymnastics,0,0,8,0,0
CYP,Athletics,0,0,4,0,0
CYP,Cycling Road,0,0,1,0,0
CYP,Fencing,0,0,1,0,0
CYP,Judo,0,0,1,0,0
CYP,Rhythmic Gymnastics,0,0,1,0,0
CYP,Sailing,0,0,3,1,1
CYP,Shooting,0,0,1,0,0
CYP,Swimming,0,0,2,0,0
CZE,Archery,0,0,4,0,0
CZE,Artistic Gymnastics,0,0,6,0,0
CZE,Athletics,1,0,30,0,1
CZE,Badminton,0,0,4,0,0
CZE,Beach Volleyball,0,0,4,0,0
CZE,Canoe Slalom,0,0,8,0,0
CZE,Canoe Sprint,0,2,5,0,2
CZE,Cycling BMX Freestyle,0,0,1,0,0
CZE,Cycling Mountain Bike,0,0,2,0,0
CZE,Cycling Road,0,0,4,0,0
CZE,Cycling Track,0,0,4,0,0
CZE,Equestrian,0,0,2,0,0
CZE,Fencing,4,0,4,0,4
CZE,Golf,0,0,2,0,0
CZE,Judo,0,0,3,0,0
CZE,Marathon Swimming,0,0,1,0,0
CZE,Modern Pentathlon,0,0,4,0,0
CZE,Rowing,0,0,6,0,0
CZE,Sailing,0,0,3,0,0
CZE,Shooting,0,0,16,0,0
CZE,Sport Climbing,0,0,1,0,0
CZE,Swimming,0,0,9,0,0
CZE,Table Tennis,0,0,1,0,0
CZE,Taekwondo,0,0,2,0,0
CZE,Tennis,0,2,12,0,2
CZE,Triathlon,0,0,1,0,0
CZE,Weightlifting,0,0,1,0,0
DEN,Archery,0,0,1,0,0
DEN,Athletics,0,0,4,0,0
DEN,Badminton,0,1,8,0,1
DEN,Boxing,0,0,1,0,0
DEN,Canoe Sprint,1,0,7,0,1
DEN,Cycling BMX Racing,0,0,2,0,0
DEN,Cycling Mountain Bike,0,0,3,0,0
DEN,Cycling Road,0,0,10,0,0
DEN,"Cycling Road, Cycling Track",0,0,3,0,0
DEN,Cycling Track,1,0,14,0,1
DEN,Equestrian,0,0,5,4,4
DEN,Golf,0,0,4,0,0
DEN,Handball,15,16,2,0,31
DEN,Judo,0,0,1,0,0
DEN,Rowing,0,0,16,0,0
DEN,Sailing,0,0,8,1,1
DEN,Shooting,0,0,5,0,0
DEN,Skateboarding,0,0,1,0,0
DEN,Swimming,0,0,16,0,0
DEN,Table Tennis,0,0,5,0,0
DEN,Taekwondo,1,0,0,0,1
DEN,Tennis,0,0,2,0,0
DEN,Triathlon,0,0,2,0,0
DEN,Wrestling,1,0,0,0,1
DJI,Athletics,0,0,4,0,0
DJI,Judo,0,0,1,0,0
DJI,Swimming,0,0,2,0,0
DMA,Athletics,0,1,1,0,1
DMA,Swimming,0,0,2,0,0
DOM,Artistic Gymnastics,0,0,3,0,0
DOM,Athletics,0,1,11,0,1
DOM,Boxing,2,0,1,0,2
DOM,Diving,0,0,3,0,0
DOM,Equestrian,0,0,1,0,0
DOM,Football,0,0,19,0,0
DOM,Judo,0,0,2,0,0
DOM,Shooting,0,0,1,0,0
DOM,Swimming,0,0,2,0,0
DOM,Taekwondo,0,0,2,0,0
DOM,Volleyball,0,0,12,0,0
DOM,Weightlifting,0,0,3,0,0
DOM,Wrestling,0,0,1,0,0
ECU,Athletics,0,1,17,2,3
ECU,Boxing,0,0,3,0,0
ECU,Cycling BMX Racing,0,0,1,0,0
ECU,Cycling Road,0,0,1,0,0
ECU,Equestrian,0,0,3,0,0
ECU,Judo,0,0,1,0,0
ECU,Marathon Swimming,0,0,1,0,0
ECU,Modern Pentathlon,0,0,2,0,0
ECU,Shooting,0,0,4,0,0
ECU,Swimming,0,0,2,0,0
ECU,Table Tennis,0,0,1,0,0
ECU,Triathlon,0,0,1,0,0
ECU,Weightlifting,2,0,1,0,2
ECU,Wrestling,0,0,3,1,1
EGY,Archery,0,0,4,0,0
EGY,Artistic Gymnastics,0,0,14,0,0
EGY,Artistic Swimming,0,0,18,0,0
EGY,Athletics,0,0,6,0,0
EGY,Beach Volleyball,0,0,2,0,0
EGY,Boxing,0,0,3,0,0
EGY,Canoe Sprint,0,0,1,0,0
EGY,Cycling Track,0,0,2,0,0
EGY,Diving,0,0,4,0,0
EGY,Fencing,1,0,35,0,1
EGY,Football,0,0,19,0,0
EGY,Handball,0,0,15,0,0
EGY,Judo,0,0,2,0,0
EGY,Modern Pentathlon,0,1,3,0,1
EGY,Rhythmic Gymnastics,0,0,6,0,0
EGY,Rowing,0,0,3,0,0
EGY,Sailing,0,0,2,0,0
EGY,Shooting,0,0,17,0,0
EGY,Swimming,0,0,3,0,0
EGY,Table Tennis,0,0,12,0,0
EGY,Taekwondo,0,0,3,0,0
EGY,Tennis,0,0,1,0,0
EGY,Trampoline Gymnastics,0,0,1,0,0
EGY,Volleyball,0,0,13,0,0
EGY,Weightlifting,0,0,4,1,1
EGY,Wrestling,0,0,11,0,0
EOR,Athletics,0,0,8,0,0
EOR,Badminton,0,0,1,0,0
EOR,Boxing,1,0,1,0,1
EOR,Breaking,0,0,1,0,0
EOR,Canoe Slalom,0,0,2,0,0
EOR,Canoe Sprint,0,0,3,0,0
EOR,Cycling Road,0,0,2,0,0
EOR,Judo,0,0,12,0,0
EOR,Shooting,0,0,2,0,0
EOR,Swimming,0,0,2,0,0
EOR,Taekwondo,0,0,5,0,0
EOR,Weightlifting,0,0,2,0,0
EOR,Wrestling,0,0,2,0,0
ERI,Athletics,0,0,8,0,0
ERI,Cycling Road,0,0,2,0,0
ERI,Swimming,0,0,2,0,0
ESA,Archery,0,0,1,0,0
ESA,Badminton,0,0,1,0,0
ESA,Judo,0,0,1,0,0
ESA,Sailing,0,0,1,0,0
ESA,Shooting,0,0,2,0,0
ESA,Surfing,0,0,1,0,0
ESA,Swimming,0,0,2,0,0
ESP,3x3 Basketball,0,0,0,4,4
ESP,Archery,0,0,4,0,0
ESP,Artistic Gymnastics,0,0,61,0,0
ESP,Artistic Swimming,9,0,2,0,9
ESP,Athletics,1,3,61,1,5
ESP,Badminton,0,0,2,0,0
ESP,Basketball,0,0,24,0,0
ESP,Beach Volleyball,0,0,6,0,0
ESP,Boxing,1,0,4,1,2
ESP,Canoe Slalom,1,0,7,0,1
ESP,Canoe Sprint,6,0,19,0,6
ESP,Cycling Mountain Bike,0,0,2,0,0
ESP,Cycling Road,0,0,7,0,0
ESP,Cycling Track,0,0,4,0,0
ESP,Diving,0,0,4,0,0
ESP,Equestrian,0,0,14,0,0
ESP,Fencing,0,0,2,0,0
ESP,Football,0,22,22,0,22
ESP,Golf,0,0,4,0,0
ESP,Handball,15,0,18,0,15
ESP,Hockey,0,0,34,0,0
ESP,Judo,1,0,16,0,1
ESP,Marathon Swimming,0,0,2,0,0
ESP,"Marathon Swimming, Swimming",0,0,4,0,0
ESP,Modern Pentathlon,0,0,1,0,0
ESP,Rhythmic Gymnastics,0,0,7,0,0
ESP,Rowing,0,0,9,0,0
ESP,Sailing,0,2,11,0,2
ESP,Shooting,0,0,4,0,0
ESP,Skateboarding,0,0,6,0,0
ESP,Sport Climbing,0,0,2,0,0
ESP,Surfing,0,0,3,0,0
ESP,Swimming,0,0,38,0,0
ESP,Table Tennis,0,0,4,0,0
ESP,Taekwondo,0,0,4,0,0
ESP,Tennis,2,0,11,1,3
ESP,Trampoline Gymnastics,0,0,2,0,0
ESP,Triathlon,0,0,5,0,0
ESP,Water Polo,0,13,13,0,13
EST,Archery,0,0,1,0,0
EST,Athletics,0,0,5,0,0
EST,Badminton,0,0,1,0,0
EST,Cycling Mountain Bike,0,0,1,0,0
EST,Cycling Road,0,0,1,0,0
EST,Equestrian,0,0,1,0,0
EST,Fencing,0,0,1,0,0
EST,Judo,0,0,1,0,0
EST,Rowing,0,0,4,0,0
EST,Sailing,0,0,2,0,0
EST,Shooting,0,0,2,0,0
EST,Swimming,0,0,4,0,0
EST,Weightlifting,0,0,1,0,0
EST,Wrestling,0,0,1,0,0
ETH,Athletics,0,1,30,3,4
ETH,Swimming,0,0,1,0,0
FIJ,Athletics,0,0,1,0,0
FIJ,Judo,0,0,1,0,0
FIJ,Rugby Sevens,0,0,13,14,14
FIJ,Sailing,0,0,2,0,0
FIJ,Swimming,0,0,2,0,0
FIJ,Table Tennis,0,0,1,0,0
FIJ,Taekwondo,0,0,2,0,0
FIN,Archery,0,0,1,0,0
FIN,Athletics,0,0,25,0,0
FIN,Badminton,0,0,1,0,0
FIN,Boxing,0,0,1,0,0
FIN,Cycling Mountain Bike,0,0,1,0,0
FIN,Cycling Road,0,0,2,0,0
FIN,Equestrian,0,0,9,0,0
FIN,Golf,0,0,4,0,0
FIN,Judo,0,0,2,0,0
FIN,Sailing,0,0,7,0,0
FIN,Shooting,0,0,4,0,0
FIN,Skateboarding,0,0,1,0,0
FIN,Swimming,0,0,2,0,0
FIN,Wrestling,0,0,2,0,0
FRA,3x3 Basketball,0,0,4,4,4
FRA,Archery,1,0,10,3,4
FRA,Artistic Gymnastics,0,0,34,0,0
FRA,Artistic Swimming,0,0,11,0,0
FRA,Athletics,0,0,104,1,1
FRA,Badminton,0,0,10,0,0
FRA,Basketball,0,0,0,24,24
FRA,Beach Volleyball,0,0,8,0,0
FRA,Boxing,1,0,5,2,3
FRA,Breaking,0,0,3,1,1
FRA,Canoe Slalom,0,1,5,2,3
FRA,Canoe Sprint,0,0,10,0,0
FRA,Cycling BMX Freestyle,1,0,1,0,1
FRA,Cycling BMX Racing,1,1,3,1,3
FRA,Cycling Mountain Bike,0,1,2,1,2
FRA,Cycling Road,1,0,7,1,2
FRA,"Cycling Road, Cycling Track",0,0,2,0,0
FRA,Cycling Track,0,1,31,0,1
FRA,Diving,0,0,10,0,0
FRA,Equestrian,4,0,13,4,8
FRA,Fencing,8,1,26,7,16
FRA,Football,0,0,20,21,21
FRA,Golf,0,0,4,0,0
FRA,Handball,0,0,16,17,17
FRA,Hockey,0,0,35,0,0
FRA,Judo,6,15,5,2,23
FRA,Marathon Swimming,0,0,4,0,0
FRA,Modern Pentathlon,0,0,3,1,1
FRA,Rhythmic Gymnastics,0,0,6,0,0
FRA,Rowing,0,0,12,0,0
FRA,Rugby Sevens,0,13,12,0,13
FRA,Sailing,2,0,11,1,3
FRA,Shooting,0,0,25,1,1
FRA,Skateboarding,0,0,7,0,0
FRA,Sport Climbing,0,0,7,0,0
FRA,Surfing,1,1,2,0,2
FRA,Swimming,7,4,66,1,12
FRA,Table Tennis,4,0,8,0,4
FRA,Taekwondo,1,1,2,0,2
FRA,Tennis,0,0,18,0,0
FRA,Trampoline Gymnastics,0,0,2,0,0
FRA,Triathlon,1,1,4,0,2
FRA,Volleyball,0,13,13,0,13
FRA,Water Polo,0,0,26,0,0
FRA,Weightlifting,0,0,4,0,0
FRA,Wrestling,0,0,3,0,0
FSM,Athletics,0,0,1,0,0
FSM,Swimming,0,0,2,0,0
GAB,Athletics,0,0,1,0,0
GAB,Judo,0,0,1,0,0
GAB,Swimming,0,0,2,0,0
GAB,Taekwondo,0,0,1,0,0
GAM,Athletics,0,0,4,0,0
GAM,Judo,0,0,1,0,0
GAM,Swimming,0,0,2,0,0
GAM,Taekwondo,0,0,1,0,0
GBR,Archery,0,0,14,0,0
GBR,Artistic Gymnastics,2,0,74,0,2
GBR,Artistic Swimming,0,0,0,2,2
GBR,Athletics,30,1,53,9,40
GBR,Badminton,0,0,3,0,0
GBR,Boxing,1,0,5,0,1
GBR,Canoe Slalom,2,0,4,2,4
GBR,Cycling BMX Freestyle,0,0,1,1,1
GBR,Cycling BMX Racing,0,0,4,0,0
GBR,Cycling Mountain Bike,0,0,3,0,0
GBR,Cycling Road,0,0,7,1,1
GBR,"Cycling Road, Cycling Mountain Bike",0,0,2,0,0
GBR,Cycling Track,9,4,16,11,24
GBR,Diving,7,0,7,2,9
GBR,Equestrian,6,8,8,0,14
GBR,Golf,0,0,3,1,1
GBR,Hockey,0,0,34,0,0
GBR,Judo,0,0,5,0,0
GBR,Marathon Swimming,0,0,3,0,0
GBR,Modern Pentathlon,0,0,4,0,0
GBR,Rowing,15,15,6,6,36
GBR,Rugby Sevens,0,0,14,0,0
GBR,Sailing,1,1,12,0,2
GBR,Shooting,0,1,8,1,2
GBR,Skateboarding,1,0,2,0,1
GBR,Sport Climbing,0,1,3,0,1
GBR,Swimming,0,6,61,4,10
GBR,Table Tennis,0,0,2,0,0
GBR,Taekwondo,0,0,3,1,1
GBR,Tennis,0,0,11,0,0
GBR,Trampoline Gymnastics,0,1,2,0,1
GBR,Triathlon,1,1,3,0,2
GBR,Weightlifting,1,0,0,0,1
GBS,Athletics,0,0,1,0,0
GBS,Judo,0,0,1,0,0
GBS,Swimming,0,0,1,0,0
GBS,Taekwondo,0,0,1,0,0
GBS,Wrestling,0,0,2,0,0
GEO,Athletics,0,0,1,0,0
GEO,Boxing,1,0,1,0,1
GEO,Fencing,0,0,1,0,0
GEO,Judo,0,1,16,2,3
GEO,Shooting,0,0,2,0,0
GEO,Swimming,0,0,2,0,0
GEO,Trampoline Gymnastics,0,0,1,0,0
GEO,Weightlifting,0,1,2,0,1
GEO,Wrestling,0,1,5,1,2
GEQ,Athletics,0,0,2,0,0
GEQ,Swimming,0,0,1,0,0
GER,3x3 Basketball,0,4,0,0,4
GER,Archery,0,0,7,2,2
GER,Artistic Gymnastics,0,0,58,0,0
GER,Athletics,5,1,92,2,8
GER,Badminton,0,0,4,0,0
GER,Basketball,0,0,24,0,0
GER,Beach Volleyball,0,0,4,2,2
GER,Boxing,1,0,2,0,1
GER,Canoe Slalom,1,0,6,1,2
GER,Canoe Sprint,2,6,14,4,12
GER,Cycling BMX Freestyle,0,0,1,0,0
GER,Cycling BMX Racing,0,0,4,0,0
GER,Cycling Mountain Bike,0,0,3,0,0
GER,Cycling Road,0,0,7,0,0
GER,"Cycling Road, Cycling Track",0,0,2,0,0
GER,Cycling Track,4,0,35,1,5
GER,Diving,0,0,11,0,0
GER,Equestrian,0,7,14,1,8
GER,Fencing,0,0,2,0,0
GER,Football,20,0,0,0,20
GER,Golf,0,0,3,1,1
GER,Handball,0,0,17,16,16
GER,Hockey,0,0,18,18,18
GER,Judo,0,0,19,1,1
GER,Marathon Swimming,0,0,1,0,0
GER,"Marathon Swimming, Swimming",0,0,8,0,0
GER,Modern Pentathlon,0,0,4,0,0
GER,Rhythmic Gymnastics,0,1,6,0,1
GER,Rowing,4,1,18,0,5
GER,Sailing,0,0,14,0,0
GER,Shooting,0,0,26,0,0
GER,Skateboarding,0,0,2,0,0
GER,Sport Climbing,0,0,3,0,0
GER,Surfing,0,0,2,0,0
GER,Swimming,1,1,50,0,2
GER,Table Tennis,0,0,12,0,0
GER,Taekwondo,0,0,1,0,0
GER,Tennis,0,0,18,0,0
GER,Trampoline Gymnastics,0,0,1,0,0
GER,Triathlon,0,0,6,0,0
GER,Volleyball,0,0,13,0,0
GER,Wrestling,0,0,7,0,0
GHA,Athletics,0,0,9,0,0
GHA,Swimming,0,0,2,0,0
GRE,Artistic Gymnastics,1,0,1,0,1
GRE,Artistic Swimming,0,0,2,0,0
GRE,Athletics,1,1,12,0,2
GRE,Basketball,0,0,12,0,0
GRE,Cycling Road,0,0,1,0,0
GRE,Equestrian,0,0,1,0,0
GRE,Fencing,0,0,1,0,0
GRE,Judo,1,0,1,0,1
GRE,Marathon Swimming,0,0,1,0,0
GRE,Rowing,4,0,3,0,4
GRE,Sailing,0,0,4,0,0
GRE,Shooting,0,0,8,0,0
GRE,Swimming,0,0,31,1,1
GRE,Table Tennis,0,0,1,0,0
GRE,Tennis,0,0,9,0,0
GRE,Water Polo,0,0,26,0,0
GRE,Wrestling,1,0,2,0,1
GRN,Athletics,2,0,2,0,2
GRN,Swimming,0,0,2,0,0
GUA,Athletics,0,0,5,0,0
GUA,Badminton,0,0,1,0,0
GUA,Judo,0,0,1,0,0
GUA,Modern Pentathlon,0,0,2,0,0
GUA,Sailing,0,0,1,0,0
GUA,Shooting,1,1,2,0,2
GUA,Swimming,0,0,2,0,0
GUI,Archery,0,0,1,0,0
GUI,Athletics,0,0,1,0,0
GUI,Football,0,0,19,0,0
GUI,Judo,0,0,2,0,0
GUI,Swimming,0,0,2,0,0
GUM,Athletics,0,0,2,0,0
GUM,Canoe Sprint,0,0,2,0,0
GUM,Judo,0,0,1,0,0
GUM,Triathlon,0,0,1,0,0
GUM,Weightlifting,0,0,1,0,0
GUM,Wrestling,0,0,2,0,0
GUY,Athletics,0,0,2,0,0
GUY,Swimming,0,0,2,0,0
GUY,Table Tennis,0,0,1,0,0
HAI,Artistic Gymnastics,0,0,6,0,0
HAI,Athletics,0,0,2,0,0
HAI,Boxing,0,0,1,0,0
HAI,Judo,0,0,1,0,0
HAI,Swimming,0,0,2,0,0
HKG,Artistic Gymnastics,0,0,2,0,0
HKG,Athletics,0,0,1,0,0
HKG,Badminton,0,0,6,0,0
HKG,Cycling Road,0,0,1,0,0
HKG,"Cycling Road, Cycling Track",0,0,2,0,0
HKG,Fencing,0,2,2,0,2
HKG,Judo,0,0,1,0,0
HKG,Rowing,0,0,1,0,0
HKG,Sailing,0,0,5,0,0
HKG,Swimming,2,0,16,0,2
HKG,Table Tennis,0,0,8,0,0
HKG,Taekwondo,0,0,1,0,0
HKG,Triathlon,0,0,1,0,0
HON,Athletics,0,0,1,0,0
HON,Swimming,0,0,2,0,0
HON,Wrestling,0,0,1,0,0
HUN,Artistic Gymnastics,0,0,18,0,0
HUN,Athletics,0,0,19,1,1
HUN,Boxing,0,0,3,0,0
HUN,Canoe Sprint,7,0,15,6,13
HUN,Cycling Road,0,0,2,0,0
HUN,"Cycling Road, Cycling Mountain Bike",0,0,2,0,0
HUN,Equestrian,0,0,1,0,0
HUN,Fencing,1,4,15,4,9
HUN,Handball,0,0,34,0,0
HUN,Judo,0,0,14,0,0
HUN,Marathon Swimming,0,1,1,0,1
HUN,"Marathon Swimming, Swimming",0,0,2,0,0
HUN,Modern Pentathlon,0,1,3,0,1
HUN,Rhythmic Gymnastics,0,0,1,0,0
HUN,Rowing,0,0,1,0,0
HUN,Sailing,0,0,2,0,0
HUN,Shooting,1,0,11,0,1
HUN,Swimming,0,2,38,1,3
HUN,Table Tennis,0,0,3,0,0
HUN,Taekwondo,0,1,2,0,1
HUN,Tennis,0,0,4,0,0
HUN,Triathlon,0,0,3,0,0
HUN,Water Polo,0,0,26,0,0
HUN,Wrestling,0,0,5,0,0
INA,Archery,0,0,9,0,0
INA,Artistic Gymnastics,0,0,2,0,0
INA,Athletics,0,0,1,0,0
INA,Badminton,1,0,8,0,1
INA,Cycling Track,0,0,1,0,0
INA,Judo,0,0,1,0,0
INA,Rowing,0,0,1,0,0
INA,Shooting,0,0,2,0,0
INA,Sport Climbing,0,1,3,0,1
INA,Surfing,0,0,1,0,0
INA,Swimming,0,0,2,0,0
INA,Weightlifting,0,1,2,0,1
IND,Archery,0,0,14,0,0
IND,Athletics,0,0,31,1,1
IND,Badminton,0,0,7,0,0
IND,Boxing,0,0,6,0,0
IND,Equestrian,0,0,1,0,0
IND,Golf,0,0,4,0,0
IND,Hockey,16,0,0,0,16
IND,Judo,0,0,1,0,0
IND,Rowing,0,0,1,0,0
IND,Sailing,0,0,2,0,0
IND,Shooting,4,0,28,0,4
IND,Swimming,0,0,2,0,0
IND,Table Tennis,0,0,10,0,0
IND,Tennis,0,0,3,0,0
IND,Weightlifting,0,0,1,0,0
IND,Wrestling,1,0,5,0,1
IRI,Archery,0,0,1,0,0
IRI,Artistic Gymnastics,0,0,2,0,0
IRI,Athletics,0,0,2,0,0
IRI,Canoe Sprint,0,0,2,0,0
IRI,Cycling Road,0,0,1,0,0
IRI,Fencing,0,0,7,0,0
IRI,Rowing,0,0,3,0,0
IRI,Shooting,0,0,5,0,0
IRI,Sport Climbing,0,0,1,0,0
IRI,Swimming,0,0,1,0,0
IRI,Table Tennis,0,0,3,0,0
IRI,Taekwondo,1,1,0,2,4
IRI,Weightlifting,0,0,2,0,0
IRI,Wrestling,2,2,4,4,8
IRL,Artistic Gymnastics,0,1,1,0,1
IRL,Athletics,0,0,31,0,0
IRL,Badminton,0,0,2,0,0
IRL,Boxing,0,1,9,0,1
IRL,Canoe Slalom,0,0,7,0,0
IRL,Cycling Road,0,0,4,0,0
IRL,Cycling Track,0,0,11,0,0
IRL,Diving,0,0,2,0,0
IRL,Equestrian,0,0,16,0,0
IRL,Golf,0,0,4,0,0
IRL,Hockey,0,0,17,0,0
IRL,"Marathon Swimming, Swimming",0,0,3,0,0
IRL,Rowing,2,2,12,0,4
IRL,Rugby Sevens,0,0,28,0,0
IRL,Sailing,0,0,4,0,0
IRL,Swimming,1,0,26,0,1
IRL,Taekwondo,0,0,1,0,0
IRQ,Athletics,0,0,1,0,0
IRQ,Football,0,0,19,0,0
IRQ,Judo,0,0,1,0,0
IRQ,Swimming,0,0,1,0,0
IRQ,Weightlifting,0,0,1,0,0
ISL,Athletics,0,0,1,0,0
ISL,Shooting,0,0,1,0,0
ISL,Swimming,0,0,4,0,0
ISL,Triathlon,0,0,1,0,0
ISR,Archery,0,0,4,0,0
ISR,Artistic Gymnastics,0,0,8,1,1
ISR,Artistic Swimming,0,0,2,0,0
ISR,Athletics,0,0,7,0,0
ISR,Badminton,0,0,1,0,0
ISR,Cycling Mountain Bike,0,0,1,0,0
ISR,Cycling Road,0,0,2,0,0
ISR,Cycling Track,0,0,2,0,0
ISR,Equestrian,0,0,6,0,0
ISR,Fencing,0,0,1,0,0
ISR,Football,0,0,19,0,0
ISR,Judo,1,0,21,2,3
ISR,Marathon Swimming,0,0,1,0,0
ISR,Rhythmic Gymnastics,0,0,1,5,5
ISR,Sailing,0,1,6,1,2
ISR,Shooting,0,0,1,0,0
ISR,Surfing,0,0,1,0,0
ISR,Swimming,0,0,41,0,0
ISR,Taekwondo,0,0,1,0,0
ISR,Triathlon,0,0,1,0,0
ISV,Archery,0,0,1,0,0
ISV,Athletics,0,0,1,0,0
ISV,Fencing,0,0,1,0,0
ISV,Swimming,0,0,2,0,0
ITA,Archery,0,0,9,0,0
ITA,Artistic Gymnastics,1,1,69,5,7
ITA,Artistic Swimming,0,0,11,0,0
ITA,Athletics,2,0,97,1,3
ITA,Badminton,0,0,1,0,0
ITA,Beach Volleyball,0,0,6,0,0
ITA,Boxing,0,0,8,0,0
ITA,Breaking,0,0,1,0,0
ITA,Canoe Slalom,0,1,6,0,1
ITA,Canoe Sprint,0,0,2,2,2
ITA,Cycling BMX Racing,0,0,2,0,0
ITA,Cycling Mountain Bike,0,0,4,0,0
ITA,Cycling Road,0,0,7,0,0
ITA,"Cycling Road, Cycling Track",0,0,10,0,0
ITA,Cycling Track,4,2,13,1,7
ITA,Diving,0,0,12,0,0
ITA,Equestrian,0,0,9,0,0
ITA,Fencing,1,4,28,9,14
ITA,Golf,0,0,3,0,0
ITA,Judo,0,1,25,0,1
ITA,Marathon Swimming,0,0,2,0,0
ITA,"Marathon Swimming, Swimming",0,0,5,0,0
ITA,Modern Pentathlon,1,0,3,0,1
ITA,Rhythmic Gymnastics,6,0,1,0,6
ITA,Rowing,0,0,28,6,6
ITA,Sailing,0,3,9,0,3
ITA,Shooting,1,2,19,2,5
ITA,Skateboarding,0,0,2,0,0
ITA,Sport Climbing,0,0,4,0,0
ITA,Surfing,0,0,1,0,0
ITA,Swimming,6,2,63,0,8
ITA,Table Tennis,0,0,2,0,0
ITA,Taekwondo,1,0,2,0,1
ITA,Tennis,1,2,15,0,3
ITA,Triathlon,0,0,5,0,0
ITA,Volleyball,0,13,13,0,13
ITA,Water Polo,0,0,26,0,0
ITA,Weightlifting,1,0,2,0,1
ITA,Wrestling,0,0,3,0,0
IVB,Athletics,0,0,3,0,0
IVB,Sailing,0,0,1,0,0
JAM,Athletics,2,1,71,3,6
JAM,Diving,0,0,1,0,0
JAM,Judo,0,0,1,0,0
JAM,Swimming,0,0,2,0,0
JOR,Artistic Gymnastics,0,0,2,0,0
JOR,Athletics,0,0,1,0,0
JOR,Boxing,0,0,3,0,0
JOR,Swimming,0,0,2,0,0
JOR,Table Tennis,0,0,1,0,0
JOR,Taekwondo,0,0,3,1,1
JPN,Archery,0,0,9,0,0
JPN,Artistic Gymnastics,1,7,62,0,8
JPN,Artistic Swimming,0,0,11,0,0
JPN,Athletics,0,1,63,0,1
JPN,Badminton,4,0,8,0,4
JPN,Basketball,0,0,24,0,0
JPN,Beach Volleyball,0,0,2,0,0
JPN,Boxing,0,0,2,0,0
JPN,Breaking,0,1,3,0,1
JPN,Canoe Slalom,0,0,7,0,0
JPN,Cycling BMX Freestyle,0,0,1,0,0
JPN,Cycling BMX Racing,0,0,2,0,0
JPN,Cycling Mountain Bike,0,0,1,0,0
JPN,Cycling Road,0,0,2,0,0
JPN,Cycling Track,0,0,34,0,0
JPN,Diving,0,0,4,1,1
JPN,Equestrian,4,0,11,0,4
JPN,Fencing,8,5,13,4,17
JPN,Football,0,0,43,0,0
JPN,Golf,1,0,3,0,1
JPN,Handball,0,0,14,0,0
JPN,Hockey,0,0,16,0,0
JPN,Judo,3,3,7,15,21
JPN,Marathon Swimming,0,0,2,0,0
JPN,Modern Pentathlon,0,0,1,1,1
JPN,Rowing,0,0,5,0,0
JPN,Rugby Sevens,0,0,26,0,0
JPN,Sailing,0,0,5,2,2
JPN,Shooting,0,0,6,0,0
JPN,Skateboarding,0,2,6,2,4
JPN,Sport Climbing,0,0,3,1,1
JPN,Surfing,0,0,4,0,0
JPN,Swimming,0,0,49,1,1
JPN,Table Tennis,1,0,8,3,4
JPN,Tennis,0,0,10,0,0
JPN,Trampoline Gymnastics,0,0,2,0,0
JPN,Triathlon,0,0,3,0,0
JPN,Volleyball,0,0,26,0,0
JPN,Water Polo,0,0,13,0,0
JPN,Weightlifting,0,0,3,0,0
JPN,Wrestling,2,8,2,1,11
KAZ,Archery,0,0,6,0,0
KAZ,Artistic Gymnastics,0,0,9,1,1
KAZ,Athletics,0,0,8,0,0
KAZ,Badminton,0,0,1,0,0
KAZ,Boxing,1,0,8,1,2
KAZ,Breaking,0,0,1,0,0
KAZ,Canoe Sprint,0,0,9,0,0
KAZ,Cycling Road,0,0,3,0,0
KAZ,Cycling Track,0,0,2,0,0
KAZ,Fencing,0,0,8,0,0
KAZ,Judo,1,1,14,0,2
KAZ,Modern Pentathlon,0,0,2,0,0
KAZ,Rhythmic Gymnastics,0,0,1,0,0
KAZ,Rowing,0,0,1,0,0
KAZ,Shooting,2,0,20,0,2
KAZ,Sport Climbing,0,0,1,0,0
KAZ,Swimming,0,0,3,0,0
KAZ,Table Tennis,0,0,1,0,0
KAZ,Taekwondo,0,0,2,0,0
KAZ,Tennis,0,0,6,0,0
KAZ,Trampoline Gymnastics,0,0,1,0,0
KAZ,Triathlon,0,0,1,0,0
KAZ,Wrestling,0,0,7,1,1
KEN,Athletics,5,4,36,2,11
KEN,Fencing,0,0,1,0,0
KEN,Judo,0,0,1,0,0
KEN,Rugby Sevens,0,0,13,0,0
KEN,Swimming,0,0,2,0,0
KEN,Volleyball,0,0,13,0,0
KGZ,Athletics,0,0,1,0,0
KGZ,Boxing,0,0,0,1,1
KGZ,Judo,0,0,2,0,0
KGZ,Swimming,0,0,3,0,0
KGZ,Wrestling,4,0,5,1,5
KIR,Athletics,0,0,1,0,0
KIR,Judo,0,0,1,0,0
KIR,Weightlifting,0,0,1,0,0
KOR,Archery,1,10,2,1,12
KOR,Artistic Gymnastics,0,0,44,0,0
KOR,Artistic Swimming,0,0,2,0,0
KOR,Athletics,0,0,3,0,0
KOR,Badminton,0,1,10,2,3
KOR,Boxing,1,0,1,0,1
KOR,Breaking,0,0,1,0,0
KOR,Cycling Road,0,0,2,0,0
KOR,Diving,0,0,6,0,0
KOR,Equestrian,0,0,1,0,0
KOR,Fencing,0,5,14,4,9
KOR,Golf,0,0,5,0,0
KOR,Handball,0,0,17,0,0
KOR,Judo,13,0,7,2,15
KOR,Modern Pentathlon,1,0,3,0,1
KOR,Sailing,0,0,1,0,0
KOR,Shooting,0,3,22,4,7
KOR,Sport Climbing,0,0,3,0,0
KOR,Swimming,1,0,31,0,1
KOR,Table Tennis,5,0,7,0,5
KOR,Taekwondo,1,2,1,0,3
KOR,Weightlifting,0,0,4,1,1
KOR,Wrestling,0,0,3,0,0
KOS,Athletics,0,0,1,0,0
KOS,Boxing,0,0,1,0,0
KOS,Judo,1,0,3,1,2
KOS,Swimming,0,0,2,0,0
KSA,Athletics,0,0,2,0,0
KSA,Equestrian,0,0,6,0,0
KSA,Swimming,0,0,2,0,0
KSA,Taekwondo,0,0,1,0,0
KUW,Athletics,0,0,2,0,0
KUW,Fencing,0,0,1,0,0
KUW,Rowing,0,0,1,0,0
KUW,Sailing,0,0,1,0,0
KUW,Shooting,0,0,2,0,0
KUW,Swimming,0,0,2,0,0
LAO,Athletics,0,0,1,0,0
LAO,Rhythmic Gymnastics,0,0,1,0,0
LAO,Swimming,0,0,2,0,0
LAT,3x3 Basketball,0,0,4,0,0
LAT,Athletics,0,0,8,0,0
LAT,Beach Volleyball,0,0,2,0,0
LAT,Cycling BMX Freestyle,0,0,1,0,0
LAT,Cycling BMX Racing,0,0,2,0,0
LAT,Cycling Mountain Bike,0,0,1,0,0
LAT,Cycling Road,0,0,2,0,0
LAT,Diving,0,0,1,0,0
LAT,Equestrian,0,0,1,0,0
LAT,Modern Pentathlon,0,0,1,0,0
LAT,Shooting,0,0,5,0,0
LAT,Swimming,0,0,2,0,0
LAT,Tennis,0,0,1,0,0
LAT,Weightlifting,0,0,1,0,0
LBA,Athletics,0,0,1,0,0
LBA,Rowing,0,0,1,0,0
LBA,Shooting,0,0,1,0,0
LBA,Swimming,0,0,2,0,0
LBA,Weightlifting,0,0,1,0,0
LBN,Fencing,0,0,1,0,0
LBN,Judo,0,0,1,0,0
LBN,Shooting,0,0,1,0,0
LBN,Swimming,0,0,2,0,0
LBN,Table Tennis,0,0,1,0,0
LBN,Taekwondo,0,0,1,0,0
LBN,Tennis,0,0,4,0,0
LBR,Athletics,0,0,10,0,0
LCA,Athletics,0,1,1,1,2
LCA,Sailing,0,0,1,0,0
LCA,Swimming,0,0,1,0,0
LES,Athletics,0,0,2,0,0
LES,Taekwondo,0,0,1,0,0
LIE,Cycling Mountain Bike,0,0,1,0,0
LTU,3x3 Basketball,4,0,0,0,4
LTU,Artistic Gymnastics,0,0,3,0,0
LTU,Athletics,0,0,10,1,1
LTU,Beach Volleyball,0,0,2,0,0
LTU,Breaking,0,0,0,1,1
LTU,Canoe Sprint,0,0,7,0,0
LTU,Cycling Road,0,0,1,0,0
LTU,Cycling Track,0,0,3,0,0
LTU,Equestrian,0,0,2,0,0
LTU,Modern Pentathlon,0,0,2,0,0
LTU,Rowing,1,0,7,0,1
LTU,Sailing,0,0,2,0,0
LTU,Swimming,0,0,14,0,0
LTU,Wrestling,0,0,3,0,0
LUX,Archery,0,0,1,0,0
LUX,Athletics,0,0,4,0,0
LUX,Cycling Road,0,0,2,0,0
LUX,Equestrian,0,0,1,0,0
LUX,Swimming,0,0,1,0,0
LUX,Table Tennis,0,0,3,0,0
LUX,Triathlon,0,0,1,0,0
MAD,Athletics,0,0,2,0,0
MAD,Judo,0,0,1,0,0
MAD,Swimming,0,0,2,0,0
MAD,Table Tennis,0,0,1,0,0
MAD,Weightlifting,0,0,1,0,0
MAR,Athletics,0,1,12,0,1
MAR,Beach Volleyball,0,0,2,0,0
MAR,Boxing,0,0,3,0,0
MAR,Breaking,0,0,2,0,0
MAR,Canoe Slalom,0,0,2,0,0
MAR,Canoe Sprint,0,0,1,0,0
MAR,Cycling BMX Racing,0,0,1,0,0
MAR,Cycling Road,0,0,2,0,0
MAR,Equestrian,0,0,2,0,0
MAR,Fencing,0,0,2,0,0
MAR,Football,19,0,0,0,19
MAR,Golf,0,0,1,0,0
MAR,Judo,0,0,3,0,0
MAR,Rowing,0,0,1,0,0
MAR,Shooting,0,0,1,0,0
MAR,Skateboarding,0,0,1,0,0
MAR,Surfing,0,0,1,0,0
MAR,Swimming,0,0,2,0,0
MAR,Taekwondo,0,0,2,0,0
MAR,Triathlon,0,0,1,0,0
MAR,Wrestling,0,0,1,0,0
MAS,Archery,0,0,6,0,0
MAS,Athletics,0,0,1,0,0
MAS,Badminton,3,0,5,0,3
MAS,Cycling Road,0,0,1,0,0
MAS,Cycling Track,0,0,6,0,0
MAS,Diving,0,0,2,0,0
MAS,Golf,0,0,2,0,0
MAS,Sailing,0,0,2,0,0
MAS,Shooting,0,0,1,0,0
MAS,Swimming,0,0,2,0,0
MAS,Weightlifting,0,0,1,0,0
MAW,Athletics,0,0,1,0,0
MAW,Swimming,0,0,2,0,0
MDA,Archery,0,0,4,0,0
MDA,Athletics,0,0,5,0,0
MDA,Canoe Sprint,1,0,4,0,1
MDA,Equestrian,0,0,1,0,0
MDA,Judo,2,0,1,0,2
MDA,Shooting,0,0,1,0,0
MDA,Swimming,0,0,2,0,0
MDA,Table Tennis,0,0,1,0,0
MDA,Weightlifting,0,0,1,0,0
MDA,Wrestling,0,0,6,1,1
MDV,Athletics,0,0,1,0,0
MDV,Badminton,0,0,1,0,0
MDV,Swimming,0,0,2,0,0
MDV,Table Tennis,0,0,1,0,0
MEX,Archery,3,0,11,0,3
MEX,Artistic Gymnastics,0,0,18,0,0
MEX,Artistic Swimming,0,0,11,0,0
MEX,Athletics,0,0,20,0,0
MEX,Badminton,0,0,1,0,0
MEX,Boxing,0,0,3,1,1
MEX,Canoe Slalom,0,0,2,0,0
MEX,Canoe Sprint,0,0,4,0,0
MEX,Cycling Mountain Bike,0,0,2,0,0
MEX,Cycling Road,0,0,1,0,0
MEX,Cycling Track,0,0,9,0,0
MEX,Diving,1,0,11,2,3
MEX,Equestrian,0,0,5,0,0
MEX,Fencing,0,0,1,0,0
MEX,Golf,0,0,4,0,0
MEX,Judo,0,0,1,1,1
MEX,Marathon Swimming,0,0,2,0,0
MEX,Modern Pentathlon,0,0,4,0,0
MEX,Rhythmic Gymnastics,0,0,5,0,0
MEX,Rowing,0,0,3,0,0
MEX,Sailing,0,0,2,0,0
MEX,Shooting,0,0,9,0,0
MEX,Surfing,0,0,1,0,0
MEX,Swimming,0,0,6,0,0
MEX,Table Tennis,0,0,2,0,0
MEX,Taekwondo,0,0,2,0,0
MEX,Triathlon,0,0,4,0,0
MEX,Weightlifting,0,0,1,0,0
MEX,Wrestling,0,0,2,0,0
MGL,Archery,0,0,1,0,0
MGL,Athletics,0,0,3,0,0
MGL,Boxing,0,0,2,0,0
MGL,Cycling Road,0,0,2,0,0
MGL,Judo,0,0,19,1,1
MGL,Shooting,0,0,8,0,0
MGL,Swimming,0,0,2,0,0
MGL,Weightlifting,0,0,1,0,0
MGL,Wrestling,0,0,9,0,0
MHL,Athletics,0,0,1,0,0
MHL,Swimming,0,0,2,0,0
MHL,Weightlifting,0,0,1,0,0
MKD,Athletics,0,0,1,0,0
MKD,Judo,0,0,1,0,0
MKD,Shooting,0,0,1,0,0
MKD,Swimming,0,0,1,0,0
MKD,Taekwondo,0,0,1,0,0
MKD,Wrestling,0,0,1,0,0
MLI,Athletics,0,0,1,0,0
MLI,Boxing,0,0,1,0,0
MLI,Football,0,0,19,0,0
MLI,Swimming,0,0,2,0,0
MLI,Taekwondo,0,0,1,0,0
MLT,Athletics,0,0,1,0,0
MLT,Judo,0,0,1,0,0
MLT,Shooting,0,0,1,0,0
MLT,Swimming,0,0,2,0,0
MNE,Athletics,0,0,1,0,0
MNE,Boxing,0,0,1,0,0
MNE,Sailing,0,0,1,0,0
MNE,Swimming,0,0,2,0,0
MNE,Tennis,0,0,1,0,0
MNE,Water Polo,0,0,13,0,0
MON,Athletics,0,0,1,0,0
MON,Judo,0,0,1,0,0
MON,Marathon Swimming,0,0,1,0,0
MON,Rowing,0,0,1,0,0
MON,Swimming,0,0,1,0,0
MON,Table Tennis,0,0,1,0,0
MOZ,Athletics,0,0,1,0,0
MOZ,Boxing,0,0,2,0,0
MOZ,Judo,0,0,1,0,0
MOZ,Sailing,0,0,1,0,0
MOZ,Swimming,0,0,2,0,0
MRI,Athletics,0,0,2,0,0
MRI,Badminton,0,0,2,0,0
MRI,Cycling Road,0,0,2,0,0
MRI,Judo,0,0,1,0,0
MRI,Sailing,0,0,2,0,0
MRI,Swimming,0,0,2,0,0
MRI,Triathlon,0,0,1,0,0
MTN,Athletics,0,0,1,0,0
MTN,Swimming,0,0,1,0,0
MYA,Badminton,0,0,1,0,0
MYA,Swimming,0,0,1,0,0
NAM,Athletics,0,0,1,0,0
NAM,Cycling Mountain Bike,0,0,1,0,0
NAM,Cycling Road,0,0,1,0,0
NAM,Marathon Swimming,0,0,1,0,0
NCA,Athletics,0,0,1,0,0
NCA,Judo,0,0,1,0,0
NCA,Rowing,0,0,1,0,0
NCA,Shooting,0,0,1,0,0
NCA,Surfing,0,0,1,0,0
NCA,Swimming,0,0,2,0,0
NED,3x3 Basketball,0,4,0,0,4
NED,Archery,0,0,9,0,0
NED,Artistic Gymnastics,0,0,76,0,0
NED,Artistic Swimming,2,0,0,0,2
NED,Athletics,3,7,40,7,17
NED,Badminton,0,0,2,0,0
NED,Beach Volleyball,0,0,6,0,0
NED,Boxing,0,0,1,0,0
NED,Breaking,0,0,3,0,0
NED,Canoe Slalom,0,0,6,0,0
NED,Canoe Sprint,0,0,4,0,0
NED,Cycling BMX Racing,0,0,5,1,1
NED,Cycling Mountain Bike,0,0,2,0,0
NED,Cycling Road,0,0,9,1,1
NED,Cycling Track,2,6,20,1,9
NED,Diving,0,0,1,0,0
NED,Equestrian,1,0,21,0,1
NED,Fencing,0,0,1,0,0
NED,Golf,0,0,1,0,0
NED,Handball,0,0,17,0,0
NED,Hockey,0,35,0,0,35
NED,Judo,0,0,20,0,0
NED,Marathon Swimming,0,1,0,0,1
NED,Rowing,1,11,6,15,27
NED,Sailing,2,3,6,0,5
NED,Skateboarding,0,0,2,0,0
NED,Swimming,2,0,44,0,2
NED,Table Tennis,0,0,1,0,0
NED,Tennis,0,0,11,0,0
NED,Triathlon,0,0,4,0,0
NED,Volleyball,0,0,13,0,0
NED,Water Polo,13,0,0,0,13
NEP,Athletics,0,0,1,0,0
NEP,Badminton,0,0,1,0,0
NEP,Judo,0,0,1,0,0
NEP,Shooting,0,0,1,0,0
NEP,Swimming,0,0,2,0,0
NEP,Table Tennis,0,0,1,0,0
NGR,Athletics,0,0,48,0,0
NGR,Badminton,0,0,1,0,0
NGR,Basketball,0,0,12,0,0
NGR,Boxing,0,0,2,0,0
NGR,Canoe Sprint,0,0,4,0,0
NGR,"Cycling Road, Cycling Track",0,0,3,0,0
NGR,Football,0,0,18,0,0
NGR,Swimming,0,0,2,0,0
NGR,Table Tennis,0,0,4,0,0
NGR,Taekwondo,0,0,1,0,0
NGR,Weightlifting,0,0,2,0,0
NGR,Wrestling,0,0,6,0,0
NIG,Athletics,0,0,1,0,0
NIG,Fencing,0,0,1,0,0
NIG,Judo,0,0,1,0,0
NIG,Swimming,0,0,2,0,0
NIG,Taekwondo,0,0,2,0,0
NOR,Athletics,0,2,27,1,3
NOR,Beach Volleyball,2,0,0,0,2
NOR,Boxing,0,0,2,0,0
NOR,Canoe Sprint,0,0,7,0,0
NOR,Cycling Mountain Bike,0,0,1,0,0
NOR,Cycling Road,0,0,6,0,0
NOR,Cycling Track,0,0,1,0,0
NOR,Diving,0,0,1,0,0
NOR,Equestrian,0,0,2,0,0
NOR,Golf,0,0,4,0,0
NOR,Handball,0,15,16,0,15
NOR,"Marathon Swimming, Swimming",0,0,3,0,0
NOR,Rowing,0,0,10,0,0
NOR,Sailing,1,0,4,0,1
NOR,Shooting,0,0,13,0,0
NOR,Swimming,0,0,2,0,0
NOR,Taekwondo,0,0,1,0,0
NOR,Tennis,0,0,1,0,0
NOR,Triathlon,0,0,4,0,0
NOR,Weightlifting,0,1,0,0,1
NOR,Wrestling,1,0,0,0,1
NRU,Athletics,0,0,1,0,0
NZL,Artistic Gymnastics,0,0,6,0,0
NZL,Artistic Swimming,0,0,2,0,0
NZL,Athletics,0,1,15,1,2
NZL,Canoe Slalom,0,1,3,0,1
NZL,Canoe Sprint,0,7,11,0,7
NZL,Cycling BMX Racing,0,0,3,0,0
NZL,Cycling Mountain Bike,0,0,2,0,0
NZL,Cycling Road,0,0,6,0,0
NZL,Cycling Track,1,2,14,9,12
NZL,Diving,0,0,1,0,0
NZL,Equestrian,0,0,9,0,0
NZL,Football,0,0,40,0,0
NZL,Golf,0,1,2,0,1
NZL,Hockey,0,0,19,0,0
NZL,Judo,0,0,2,0,0
NZL,Rowing,4,2,9,5,11
NZL,Rugby Sevens,0,12,13,0,12
NZL,Sailing,2,0,8,2,4
NZL,Shooting,0,0,2,0,0
NZL,Sport Climbing,0,0,2,0,0
NZL,Surfing,0,0,2,0,0
NZL,Swimming,0,0,21,0,0
NZL,Tennis,0,0,3,0,0
NZL,Trampoline Gymnastics,0,0,2,0,0
NZL,Triathlon,0,0,3,1,1
NZL,Weightlifting,0,0,1,0,0
NZL,Wrestling,0,0,1,0,0
OMA,Athletics,0,0,2,0,0
OMA,Shooting,0,0,1,0,0
OMA,Swimming,0,0,1,0,0
PAK,Athletics,0,1,1,0,1
PAK,Shooting,0,0,6,0,0
PAK,Swimming,0,0,2,0,0
PAN,Artistic Gymnastics,0,0,6,0,0
PAN,Athletics,0,0,2,0,0
PAN,Boxing,0,0,0,1,1
PAN,Cycling Road,0,0,1,0,0
PAN,Judo,0,0,1,0,0
PAN,Swimming,0,0,2,0,0
PAR,Athletics,0,0,2,0,0
PAR,Beach Volleyball,0,0,2,0,0
PAR,Football,0,0,19,0,0
PAR,Golf,0,0,1,0,0
PAR,Judo,0,0,1,0,0
PAR,Rowing,0,0,2,0,0
PAR,Swimming,0,0,2,0,0
PER,Athletics,0,0,13,0,0
PER,Badminton,0,0,1,0,0
PER,Fencing,0,0,1,0,0
PER,Judo,0,0,1,0,0
PER,Marathon Swimming,0,0,1,0,0
PER,Rowing,0,0,3,0,0
PER,Sailing,1,0,2,0,1
PER,Shooting,0,0,4,0,0
PER,Surfing,0,0,3,0,0
PER,Swimming,0,0,2,0,0
PHI,Artistic Gymnastics,0,2,24,0,2
PHI,Athletics,0,0,3,0,0
PHI,Boxing,2,0,3,0,2
PHI,Fencing,0,0,1,0,0
PHI,Golf,0,0,2,0,0
PHI,Judo,0,0,1,0,0
PHI,Rowing,0,0,1,0,0
PHI,Swimming,0,0,2,0,0
PHI,Weightlifting,0,0,3,0,0
PLE,Athletics,0,0,2,0,0
PLE,Boxing,0,0,1,0,0
PLE,Judo,0,0,1,0,0
PLE,Shooting,0,0,1,0,0
PLE,Swimming,0,0,2,0,0
PLE,Taekwondo,0,0,1,0,0
PLW,Athletics,0,0,1,0,0
PLW,Swimming,0,0,2,0,0
PNG,Athletics,0,0,1,0,0
PNG,Boxing,0,0,1,0,0
PNG,Swimming,0,0,2,0,0
PNG,Taekwondo,0,0,2,0,0
PNG,Weightlifting,0,0,1,0,0
POL,3x3 Basketball,0,0,4,0,0
POL,Archery,0,0,1,0,0
POL,Athletics,1,0,74,0,1
POL,Beach Volleyball,0,0,2,0,0
POL,Boxing,0,0,4,1,1
POL,Canoe Slalom,0,0,6,1,1
POL,Canoe Sprint,0,0,17,0,0
POL,Cycling Mountain Bike,0,0,2,0,0
POL,Cycling Road,0,0,7,0,0
POL,Cycling Track,0,0,17,1,1
POL,Diving,0,0,1,0,0
POL,Equestrian,0,0,20,0,0
POL,Fencing,4,0,17,0,4
POL,Golf,0,0,1,0,0
POL,Judo,0,0,4,0,0
POL,Marathon Swimming,0,0,1,0,0
POL,Modern Pentathlon,0,0,4,0,0
POL,Rowing,4,0,2,0,4
POL,Sailing,0,0,10,0,0
POL,Shooting,0,0,14,0,0
POL,Sport Climbing,1,1,0,0,2
POL,Swimming,0,0,46,0,0
POL,Table Tennis,0,0,6,0,0
POL,Tennis,1,0,4,0,1
POL,Triathlon,0,0,1,0,0
POL,Volleyball,0,0,13,13,13
POL,Weightlifting,0,0,1,0,0
POL,Wrestling,0,0,5,0,0
POR,Artistic Gymnastics,0,0,6,0,0
POR,Athletics,0,0,22,1,1
POR,Breaking,0,0,1,0,0
POR,Canoe Sprint,0,0,4,0,0
POR,Cycling Mountain Bike,0,0,1,0,0
POR,Cycling Road,0,0,5,0,0
POR,Cycling Track,0,2,3,1,3
POR,Equestrian,0,0,10,0,0
POR,Judo,1,0,6,0,1
POR,Marathon Swimming,0,0,1,0,0
POR,Sailing,0,0,4,0,0
POR,Shooting,0,0,1,0,0
POR,Skateboarding,0,0,2,0,0
POR,Surfing,0,0,2,0,0
POR,Swimming,0,0,6,0,0
POR,Table Tennis,0,0,7,0,0
POR,Tennis,0,0,4,0,0
POR,Trampoline Gymnastics,0,0,1,0,0
POR,Triathlon,0,0,4,0,0
PRK,Artistic Gymnastics,0,0,4,0,0
PRK,Athletics,0,0,1,0,0
PRK,Boxing,1,0,1,0,1
PRK,Diving,1,0,1,2,3
PRK,Judo,0,0,1,0,0
PRK,Table Tennis,0,0,1,2,2
PRK,Wrestling,2,0,1,0,2
PUR,Archery,0,0,1,0,0
PUR,Athletics,1,0,7,0,1
PUR,Basketball,0,0,24,0,0
PUR,Boxing,0,0,2,0,0
PUR,Diving,0,0,1,0,0
PUR,Golf,0,0,1,0,0
PUR,Judo,0,0,2,0,0
PUR,Sailing,0,0,1,0,0
PUR,Shooting,0,0,2,0,0
PUR,Skateboarding,0,0,1,0,0
PUR,Swimming,0,0,3,0,0
PUR,Table Tennis,0,0,3,0,0
PUR,Wrestling,1,0,3,0,1
QAT,Athletics,1,0,6,0,1
QAT,Beach Volleyball,0,0,2,0,0
QAT,Shooting,0,0,2,0,0
QAT,Swimming,0,0,1,0,0
QAT,Weightlifting,0,0,1,0,0
ROU,Archery,0,0,1,0,0
ROU,Artistic Gymnastics,1,0,34,0,1
ROU,Athletics,0,0,12,0,0
ROU,Boxing,0,0,1,0,0
ROU,Canoe Sprint,0,0,3,0,0
ROU,Cycling Mountain Bike,0,0,1,0,0
ROU,Fencing,0,0,1,0,0
ROU,Judo,0,0,1,0,0
ROU,Rhythmic Gymnastics,0,0,1,0,0
ROU,Rowing,0,11,28,6,17
ROU,Sailing,0,0,1,0,0
ROU,Swimming,1,1,3,0,2
ROU,Table Tennis,0,0,9,0,0
ROU,Tennis,0,0,7,0,0
ROU,Triathlon,0,0,1,0,0
ROU,Water Polo,0,0,13,0,0
ROU,Weightlifting,0,0,1,1,1
ROU,Wrestling,0,0,5,0,0
RSA,Archery,0,0,1,0,0
RSA,Artistic Gymnastics,0,0,6,0,0
RSA,Athletics,0,0,35,5,5
RSA,Badminton,0,0,1,0,0
RSA,Canoe Sprint,0,0,8,0,0
RSA,Cycling BMX Freestyle,0,0,1,0,0
RSA,Cycling BMX Racing,0,0,1,0,0
RSA,Cycling Mountain Bike,1,0,1,0,1
RSA,Cycling Road,0,0,3,0,0
RSA,Cycling Track,0,0,2,0,0
RSA,Diving,0,0,1,0,0
RSA,Equestrian,0,0,1,0,0
RSA,Fencing,0,0,1,0,0
RSA,Golf,0,0,4,0,0
RSA,Hockey,0,0,33,0,0
RSA,Judo,0,0,1,0,0
RSA,Rowing,0,0,3,0,0
RSA,Rugby Sevens,13,0,13,0,13
RSA,Skateboarding,0,0,3,0,0
RSA,Sport Climbing,0,0,4,0,0
RSA,Surfing,0,0,3,0,0
RSA,Swimming,0,1,10,1,2
RSA,Triathlon,0,0,3,0,0
RSA,Wrestling,0,0,1,0,0
RWA,Athletics,0,0,2,0,0
RWA,Cycling Road,0,0,3,0,0
RWA,Fencing,0,0,1,0,0
RWA,Swimming,0,0,2,0,0
SAM,Athletics,0,0,1,0,0
SAM,Boxing,0,0,1,0,0
SAM,Canoe Sprint,0,0,2,0,0
SAM,Judo,0,0,1,0,0
SAM,Rugby Sevens,0,0,12,0,0
SAM,Sailing,0,0,2,0,0
SAM,Swimming,0,0,2,0,0
SAM,Weightlifting,0,0,2,0,0
SAM,Wrestling,0,0,1,0,0
SEN,Athletics,0,0,3,0,0
SEN,Canoe Slalom,0,0,3,0,0
SEN,Canoe Sprint,0,0,1,0,0
SEN,Fencing,0,0,1,0,0
SEN,Judo,0,0,1,0,0
SEN,Swimming,0,0,2,0,0
SEN,Table Tennis,0,0,1,0,0
SEN,Taekwondo,0,0,1,0,0
SEY,Athletics,0,0,1,0,0
SEY,Swimming,0,0,2,0,0
SGP,Athletics,0,0,3,0,0
SGP,Badminton,0,0,4,0,0
SGP,Canoe Sprint,0,0,1,0,0
SGP,Equestrian,0,0,1,0,0
SGP,Fencing,0,0,2,0,0
SGP,Golf,0,0,1,0,0
SGP,Rowing,0,0,1,0,0
SGP,Sailing,1,0,1,0,1
SGP,Shooting,0,0,2,0,0
SGP,Swimming,0,0,12,0,0
SGP,Table Tennis,0,0,3,0,0
SKN,Athletics,0,0,2,0,0
SKN,Swimming,0,0,1,0,0
SLE,Athletics,0,0,1,0,0
SLE,Judo,0,0,1,0,0
SLE,Swimming,0,0,2,0,0
SLO,Archery,0,0,4,0,0
SLO,Artistic Gymnastics,0,0,6,0,0
SLO,Athletics,0,0,8,0,0
SLO,Canoe Slalom,0,0,8,0,0
SLO,Cycling Mountain Bike,0,0,1,0,0
SLO,Cycling Road,0,0,9,0,0
SLO,Golf,0,0,2,0,0
SLO,Handball,0,0,32,0,0
SLO,Judo,0,1,5,0,1
SLO,Rhythmic Gymnastics,0,0,1,0,0
SLO,Rowing,0,0,2,0,0
SLO,Sailing,0,0,5,1,1
SLO,Sport Climbing,0,1,2,0,1
SLO,Swimming,0,0,10,0,0
SLO,Table Tennis,0,0,5,0,0
SLO,Taekwondo,0,0,1,0,0
SLO,Volleyball,0,0,13,0,0
SMR,Archery,0,0,1,0,0
SMR,Athletics,0,0,1,0,0
SMR,Shooting,0,0,1,0,0
SMR,Swimming,0,0,1,0,0
SMR,Wrestling,0,0,1,0,0
SOL,Athletics,0,0,1,0,0
SOL,Swimming,0,0,1,0,0
SOM,Athletics,0,0,1,0,0
SRB,3x3 Basketball,0,0,4,0,0
SRB,Athletics,0,0,6,0,0
SRB,Basketball,12,0,12,0,12
SRB,Boxing,0,0,3,0,0
SRB,Canoe Sprint,0,0,13,0,0
SRB,Cycling Road,0,0,2,0,0
SRB,Judo,0,0,12,0,0
SRB,Rowing,0,0,3,0,0
SRB,Shooting,0,2,4,0,2
SRB,Swimming,0,0,12,0,0
SRB,Table Tennis,0,0,1,0,0
SRB,Taekwondo,0,0,2,1,1
SRB,Tennis,0,1,1,0,1
SRB,Volleyball,0,0,26,0,0
SRB,Water Polo,0,13,0,0,13
SRB,Wrestling,0,0,5,0,0
SRI,Athletics,0,0,3,0,0
SRI,Badminton,0,0,1,0,0
SRI,Swimming,0,0,2,0,0
SSD,Athletics,0,0,2,0,0
SSD,Basketball,0,0,12,0,0
STP,Athletics,0,0,1,0,0
STP,Canoe Sprint,0,0,1,0,0
STP,Judo,0,0,1,0,0
SUD,Athletics,0,0,1,0,0
SUD,Rowing,0,0,1,0,0
SUD,Swimming,0,0,2,0,0
SUI,Artistic Gymnastics,0,0,49,0,0
SUI,Athletics,0,0,46,0,0
SUI,Badminton,0,0,2,0,0
SUI,Beach Volleyball,2,0,2,0,2
SUI,Canoe Slalom,0,0,5,0,0
SUI,Cycling BMX Freestyle,0,0,1,0,0
SUI,Cycling BMX Racing,1,0,5,0,1
SUI,Cycling Mountain Bike,0,0,4,0,0
SUI,Cycling Road,0,0,9,0,0
SUI,Cycling Track,0,0,5,0,0
SUI,Equestrian,0,0,16,1,1
SUI,Fencing,0,0,2,0,0
SUI,Golf,0,0,3,0,0
SUI,Judo,0,0,3,0,0
SUI,Modern Pentathlon,0,0,2,0,0
SUI,Rowing,2,0,15,0,2
SUI,Sailing,0,0,7,0,0
SUI,Shooting,1,1,4,0,2
SUI,Sport Climbing,0,0,1,0,0
SUI,Swimming,1,0,20,0,1
SUI,Tennis,0,0,2,0,0
SUI,Triathlon,0,0,5,1,1
SUR,Athletics,0,0,1,0,0
SUR,Badminton,0,0,1,0,0
SUR,Cycling Track,0,0,2,0,0
SUR,Swimming,0,0,2,0,0
SVK,Archery,0,0,1,0,0
SVK,Athletics,0,0,10,0,0
SVK,Boxing,0,0,1,0,0
SVK,Canoe Slalom,1,0,7,0,1
SVK,Cycling Road,0,0,3,0,0
SVK,Judo,0,0,1,0,0
SVK,Sailing,0,0,1,0,0
SVK,Shooting,0,0,7,0,0
SVK,Skateboarding,0,0,1,0,0
SVK,Swimming,0,0,2,0,0
SVK,Table Tennis,0,0,1,0,0
SVK,Tennis,0,0,1,0,0
SVK,Wrestling,0,0,1,0,0
SWE,Athletics,0,1,22,0,1
SWE,Beach Volleyball,0,2,0,0,2
SWE,Boxing,0,0,2,0,0
SWE,Canoe Slalom,0,0,2,0,0
SWE,Canoe Sprint,0,0,5,0,0
SWE,Cycling Mountain Bike,1,0,0,0,1
SWE,Cycling Road,0,0,2,0,0
SWE,Diving,0,0,1,0,0
SWE,Equestrian,0,0,22,0,0
SWE,Golf,0,0,4,0,0
SWE,Handball,0,0,33,0,0
SWE,Judo,1,0,1,0,1
SWE,"Marathon Swimming, Swimming",0,0,4,0,0
SWE,Modern Pentathlon,0,0,1,0,0
SWE,Sailing,2,0,4,2,4
SWE,Shooting,0,0,10,1,1
SWE,Skateboarding,0,0,1,0,0
SWE,Swimming,0,2,32,0,2
SWE,Table Tennis,0,0,8,4,4
SWE,Triathlon,0,0,1,0,0
SWE,Wrestling,0,0,2,0,0
SWZ,Athletics,0,0,1,0,0
SWZ,Swimming,0,0,2,0,0
SYR,Artistic Gymnastics,0,0,5,0,0
SYR,Athletics,0,0,1,0,0
SYR,Equestrian,0,0,1,0,0
SYR,Judo,0,0,1,0,0
SYR,Swimming,0,0,1,0,0
SYR,Weightlifting,0,0,1,0,0
TAN,Athletics,0,0,4,0,0
TAN,Judo,0,0,1,0,0
TAN,Swimming,0,0,2,0,0
TGA,Athletics,0,0,1,0,0
TGA,Boxing,0,0,1,0,0
TGA,Swimming,0,0,2,0,0
THA,Athletics,0,0,2,0,0
THA,Badminton,0,0,8,1,1
THA,Boxing,1,0,7,0,1
THA,Cycling BMX Racing,0,0,2,0,0
THA,Cycling Road,0,0,3,0,0
THA,Cycling Track,0,0,2,0,0
THA,Equestrian,0,0,1,0,0
THA,Golf,0,0,4,0,0
THA,Judo,0,0,1,0,0
THA,Modern Pentathlon,0,0,1,0,0
THA,Rowing,0,0,1,0,0
THA,Sailing,0,0,4,0,0
THA,Shooting,0,0,5,0,0
THA,Skateboarding,0,0,1,0,0
THA,Swimming,0,0,2,0,0
THA,Table Tennis,0,0,5,0,0
THA,Taekwondo,0,1,2,0,1
THA,Weightlifting,1,0,1,2,3
TJK,Athletics,0,0,1,0,0
TJK,Boxing,1,0,2,0,1
TJK,Judo,2,0,4,0,2
TJK,Swimming,0,0,2,0,0
TJK,Taekwondo,0,0,1,0,0
TJK,Wrestling,0,0,1,0,0
TKM,Athletics,0,0,1,0,0
TKM,Judo,0,0,2,0,0
TKM,Swimming,0,0,2,0,0
TKM,Weightlifting,0,0,1,0,0
TLS,Athletics,0,0,1,0,0
TLS,Swimming,0,0,2,0,0
TLS,Taekwondo,0,0,1,0,0
TOG,Athletics,0,0,1,0,0
TOG,Rowing,0,0,1,0,0
TOG,Swimming,0,0,2,0,0
TOG,Triathlon,0,0,1,0,0
TPE,Archery,0,0,14,0,0
TPE,Artistic Gymnastics,1,0,3,0,1
TPE,Athletics,0,0,4,0,0
TPE,Badminton,0,2,4,0,2
TPE,Boxing,2,1,3,0,3
TPE,Breaking,0,0,1,0,0
TPE,Canoe Slalom,0,0,4,0,0
TPE,Canoe Sprint,0,0,1,0,0
TPE,Fencing,0,0,1,0,0
TPE,Golf,0,0,4,0,0
TPE,Judo,0,0,3,0,0
TPE,Shooting,1,0,7,0,1
TPE,Swimming,0,0,2,0,0
TPE,Table Tennis,0,0,12,0,0
TPE,Taekwondo,0,0,1,0,0
TPE,Tennis,0,0,4,0,0
TPE,Weightlifting,1,0,2,0,1
TTO,Athletics,0,0,16,0,0
TTO,Cycling Track,0,0,4,0,0
TTO,Swimming,0,0,3,0,0
TUN,Archery,0,0,1,0,0
TUN,Athletics,0,0,3,0,0
TUN,Boxing,0,0,1,0,0
TUN,Canoe Slalom,0,0,3,0,0
TUN,Canoe Sprint,0,0,1,0,0
TUN,Fencing,0,0,1,1,1
TUN,Judo,0,0,2,0,0
TUN,"Marathon Swimming, Swimming",0,0,4,0,0
TUN,Rowing,0,0,3,0,0
TUN,Shooting,0,0,1,0,0
TUN,Swimming,0,0,1,0,0
TUN,Taekwondo,1,1,2,0,2
TUN,Tennis,0,0,1,0,0
TUN,Weightlifting,0,0,1,0,0
TUN,Wrestling,0,0,3,0,0
TUR,Archery,3,0,6,0,3
TUR,Artistic Gymnastics,0,0,42,0,0
TUR,Athletics,0,0,16,0,0
TUR,Badminton,0,0,1,0,0
TUR,Boxing,1,0,4,2,3
TUR,Cycling Road,0,0,1,0,0
TUR,Fencing,0,0,2,0,0
TUR,Judo,0,0,16,0,0
TUR,"Marathon Swimming, Swimming",0,0,5,0,0
TUR,Modern Pentathlon,0,0,2,0,0
TUR,Rowing,0,0,1,0,0
TUR,Sailing,0,0,8,0,0
TUR,Shooting,0,0,11,2,2
TUR,Swimming,0,0,11,0,0
TUR,Table Tennis,0,0,1,0,0
TUR,Taekwondo,1,0,4,0,1
TUR,Volleyball,0,0,13,0,0
TUR,Weightlifting,0,0,1,0,0
TUR,Wrestling,2,0,9,0,2
TUV,Athletics,0,0,2,0,0
UAE,Athletics,0,0,1,0,0
UAE,Cycling Road,0,0,1,0,0
UAE,Equestrian,0,0,6,0,0
UAE,Judo,0,0,6,0,0
UAE,Swimming,0,0,2,0,0
UGA,Athletics,0,1,21,1,2
UGA,Cycling Road,0,0,1,0,0
UGA,Rowing,0,0,1,0,0
UGA,Swimming,0,0,2,0,0
UKR,Archery,0,0,4,0,0
UKR,Artistic Gymnastics,0,0,47,1,1
UKR,Artistic Swimming,0,0,2,0,0
UKR,Athletics,2,1,25,0,3
UKR,Badminton,0,0,1,0,0
UKR,Boxing,0,1,2,0,1
UKR,Breaking,0,0,3,0,0
UKR,Canoe Slalom,0,0,3,0,0
UKR,Canoe Sprint,0,0,10,2,2
UKR,Cycling Mountain Bike,0,0,2,0,0
UKR,Cycling Road,0,0,3,0,0
UKR,Diving,0,0,11,0,0
UKR,Fencing,1,4,9,0,5
UKR,Football,0,0,18,0,0
UKR,Judo,0,0,5,0,0
UKR,Modern Pentathlon,0,0,3,0,0
UKR,Rhythmic Gymnastics,0,0,6,0,0
UKR,Rowing,0,0,6,0,0
UKR,Shooting,0,0,10,1,1
UKR,Sport Climbing,0,0,2,0,0
UKR,Swimming,0,0,7,0,0
UKR,Table Tennis,0,0,3,0,0
UKR,Tennis,0,0,7,0,0
UKR,Weightlifting,0,0,1,0,0
UKR,Wrestling,1,0,6,2,3
URU,Athletics,0,0,3,0,0
URU,Canoe Sprint,0,0,1,0,0
URU,Cycling Road,0,0,1,0,0
URU,Judo,0,0,1,0,0
URU,Rowing,0,0,1,0,0
URU,Rugby Sevens,0,0,14,0,0
URU,Sailing,0,0,3,0,0
URU,Swimming,0,0,2,0,0
URU,Taekwondo,0,0,1,0,0
USA,3x3 Basketball,4,0,4,0,4
USA,Archery,2,0,6,1,3
USA,Artistic Gymnastics,9,7,59,1,17
USA,Artistic Swimming,0,0,2,9,9
USA,Athletics,9,33,96,16,58
USA,Badminton,0,0,8,0,0
USA,Basketball,0,24,0,0,24
USA,Beach Volleyball,0,0,8,0,0
USA,Boxing,1,0,7,0,1
USA,Breaking,1,0,3,0,1
USA,Canoe Slalom,1,0,4,0,1
USA,Canoe Sprint,0,0,4,1,1
USA,Cycling BMX Freestyle,0,0,3,1,1
USA,Cycling BMX Racing,0,0,7,0,0
USA,Cycling Mountain Bike,0,0,3,1,1
USA,Cycling Road,0,0,5,0,0
USA,"Cycling Road, Cycling Track",0,0,5,0,0
USA,"Cycling Road, Triathlon",0,0,2,0,0
USA,Cycling Track,0,5,4,0,5
USA,Diving,0,0,12,2,2
USA,Equestrian,0,0,18,4,4
USA,Fencing,1,5,28,1,7
USA,Football,0,20,19,0,20
USA,Golf,0,1,6,0,1
USA,Hockey,0,0,16,0,0
USA,Judo,0,0,4,0,0
USA,Marathon Swimming,0,0,2,0,0
USA,"Marathon Swimming, Swimming",0,0,3,0,0
USA,Modern Pentathlon,0,0,1,0,0
USA,Rhythmic Gymnastics,0,0,1,0,0
USA,Rowing,9,4,29,0,13
USA,Rugby Sevens,12,0,14,0,12
USA,Sailing,2,0,11,0,2
USA,Shooting,1,1,24,4,6
USA,Skateboarding,1,0,9,2,3
USA,Sport Climbing,1,0,6,1,2
USA,Surfing,0,1,4,0,1
USA,Swimming,7,27,42,35,69
USA,Table Tennis,0,0,6,0,0
USA,Taekwondo,1,0,3,0,1
USA,Tennis,2,0,14,2,4
USA,Trampoline Gymnastics,0,0,2,0,0
USA,Triathlon,0,0,4,0,0
USA,Volleyball,13,0,0,13,26
USA,Water Polo,13,0,13,0,13
USA,Weightlifting,1,1,3,0,2
USA,Wrestling,3,2,9,2,7
UZB,Archery,0,0,4,0,0
UZB,Artistic Gymnastics,0,0,18,0,0
UZB,Athletics,0,0,4,0,0
UZB,Boxing,0,5,6,0,5
UZB,Canoe Sprint,0,0,3,0,0
UZB,Cycling Road,0,0,4,0,0
UZB,Diving,0,0,1,0,0
UZB,Fencing,0,0,1,0,0
UZB,Football,0,0,21,0,0
UZB,Judo,2,1,21,0,3
UZB,Modern Pentathlon,0,0,1,0,0
UZB,Rhythmic Gymnastics,0,0,6,0,0
UZB,Rowing,0,0,3,0,0
UZB,Swimming,0,0,3,0,0
UZB,Taekwondo,0,1,3,1,2
UZB,Weightlifting,0,0,2,1,1
UZB,Wrestling,1,1,5,0,2
VAN,Athletics,0,0,1,0,0
VAN,Judo,0,0,1,0,0
VAN,Swimming,0,0,2,0,0
VAN,Table Tennis,0,0,1,0,0
VAN,Weightlifting,0,0,1,0,0
VEN,Athletics,0,0,7,0,0
VEN,Boxing,0,0,2,0,0
VEN,Equestrian,0,0,2,0,0
VEN,Fencing,0,0,8,0,0
VEN,Judo,0,0,1,0,0
VEN,Shooting,0,0,2,0,0
VEN,Swimming,0,0,5,0,0
VEN,Taekwondo,0,0,1,0,0
VEN,Weightlifting,0,0,5,0,0
VEN,Wrestling,0,0,4,0,0
VIE,Archery,0,0,4,0,0
VIE,Athletics,0,0,1,0,0
VIE,Badminton,0,0,2,0,0
VIE,Boxing,0,0,2,0,0
VIE,Canoe Sprint,0,0,1,0,0
VIE,Cycling Road,0,0,1,0,0
VIE,Judo,0,0,1,0,0
VIE,Rowing,0,0,1,0,0
VIE,Shooting,0,0,3,0,0
VIE,Swimming,0,0,3,0,0
VIE,Weightlifting,0,0,1,0,0
VIN,Athletics,0,0,2,0,0
VIN,Swimming,0,0,2,0,0
YEM,Athletics,0,0,1,0,0
YEM,Judo,0,0,1,0,0
YEM,Shooting,0,0,1,0,0
YEM,Swimming,0,0,1,0,0
ZAM,Athletics,1,0,6,0,1
ZAM,Boxing,0,0,2,0,0
ZAM,Football,0,0,20,0,0
ZAM,Judo,0,0,1,0,0
ZAM,Swimming,0,0,2,0,0
ZIM,Athletics,0,0,4,0,0
ZIM,Rowing,0,0,1,0,0
ZIM,Swimming,0,0,2,0,0
