Rank,Name,Gold,Silver,Bronze,Total,Year,NOC,Country,More_Than_3_Medals,Medals_Last_3_Years
82,Afghanistan,0,0,1,1,2008,AFG,Afghanistan,,
79,Afghanistan,0,0,1,1,2012,AFG,Afghanistan,,
80,Albania,0,0,2,2,2024,ALB,Albania,,
42,Algeria,0,0,2,2,1984,ALG,Algeria,,
34,Algeria,1,0,1,2,1992,ALG,Algeria,,
34,Algeria,2,0,1,3,1996,ALG,Algeria,,
42,Algeria,1,1,3,5,2000,ALG,Algeria,,
68,Algeria,0,1,1,2,2008,ALG,Algeria,,
50,Algeria,1,0,0,1,2012,ALG,Algeria,,
63,Algeria,0,2,0,2,2016,ALG,Algeria,,
39,Algeria,2,0,1,3,2024,ALG,Algeria,,
16,Argentina,1,3,2,6,1924,ARG,Argentina,,
12,Argentina,3,3,1,7,1928,ARG,Argentina,,
12,Argentina,3,1,0,4,1932,ARG,Argentina,,
14,Argentina,2,2,3,7,1936,ARG,Argentina,,
13,Argentina,3,3,1,7,1948,ARG,Argentina,,
19,Argentina,1,2,2,5,1952,ARG,Argentina,,
29,Argentina,0,1,1,2,1956,ARG,Argentina,,
30,Argentina,0,1,1,2,1960,ARG,Argentina,,
30,Argentina,0,1,0,1,1964,ARG,Argentina,,
41,Argentina,0,0,2,2,1968,ARG,Argentina,,
33,Argentina,0,1,0,1,1972,ARG,Argentina,,
35,Argentina,0,1,1,2,1988,ARG,Argentina,,
54,Argentina,0,0,1,1,1992,ARG,Argentina,,
54,Argentina,0,2,1,3,1996,ARG,Argentina,,
57,Argentina,0,2,2,4,2000,ARG,Argentina,,
38,Argentina,2,0,4,6,2004,ARG,Argentina,,
35,Argentina,2,0,4,6,2008,ARG,Argentina,,
42,Argentina,1,1,2,4,2012,ARG,Argentina,,
26,Argentina,3,1,0,4,2016,ARG,Argentina,,
72,Argentina,0,1,2,3,2020,ARG,Argentina,,
52,Argentina,1,1,1,3,2024,ARG,Argentina,,
45,Armenia,1,1,0,2,1996,ARM,Armenia,,
71,Armenia,0,0,1,1,2000,ARM,Armenia,,
62,Armenia,0,1,4,5,2008,ARM,Armenia,,
65,Armenia,0,1,1,2,2012,ARM,Armenia,,
42,Armenia,1,3,0,4,2016,ARM,Armenia,,
69,Armenia,0,2,2,4,2020,ARM,Armenia,,
66,Armenia,0,3,1,4,2024,ARM,Armenia,,
11,Australasia,1,2,2,5,1908,ANZ,Australasia,,
12,Australasia,2,2,3,7,1912,ANZ,Australasia,,
8,Australia,2,0,0,2,1896,AUS,Australia,,
9,Australia,2,0,3,5,1900,AUS,Australia,,
12,Australia,0,3,1,4,1904,AUS,Australia,,
16,Australia,0,2,1,3,1920,AUS,Australia,,
11,Australia,3,1,2,6,1924,AUS,Australia,,
19,Australia,1,2,1,4,1928,AUS,Australia,,
11,Australia,3,1,1,5,1932,AUS,Australia,,
30,Australia,0,0,1,1,1936,AUS,Australia,,
14,Australia,2,6,5,13,1948,AUS,Australia,,
9,Australia,6,2,3,11,1952,AUS,Australia,,
3,Australia,13,8,14,35,1956,AUS,Australia,,
5,Australia,8,8,6,22,1960,AUS,Australia,,
8,Australia,6,2,10,18,1964,AUS,Australia,,
9,Australia,5,7,5,17,1968,AUS,Australia,,
6,Australia,8,7,2,17,1972,AUS,Australia,,
32,Australia,0,1,4,5,1976,AUS,Australia,,
15,Australia,2,2,5,9,1980,AUS,Australia,,
14,Australia,4,8,12,24,1984,AUS,Australia,,
15,Australia,3,6,5,14,1988,AUS,Australia,,
10,Australia,7,9,11,27,1992,AUS,Australia,,
7,Australia,9,9,23,41,1996,AUS,Australia,,
4,Australia,16,25,17,58,2000,AUS,Australia,,
4,Australia,17,16,17,50,2004,AUS,Australia,,
6,Australia,14,15,17,46,2008,AUS,Australia,,
8,Australia,8,15,12,35,2012,AUS,Australia,,
10,Australia,8,11,10,29,2016,AUS,Australia,,
6,Australia,17,7,22,46,2020,AUS,Australia,,
4,Australia,18,19,16,53,2024,AUS,Australia,,
7,Austria,2,1,2,5,1896,AUT,Austria,,
16,Austria,0,3,3,6,1900,AUT,Austria,,
8,Austria,1,1,1,3,1904,AUT,Austria,,
19,Austria,0,0,1,1,1908,AUT,Austria,,
17,Austria,0,2,2,4,1912,AUT,Austria,,
20,Austria,0,3,1,4,1924,AUT,Austria,,
18,Austria,2,0,1,3,1928,AUT,Austria,,
18,Austria,1,1,3,5,1932,AUT,Austria,,
10,Austria,5,7,5,17,1936,AUT,Austria,,
21,Austria,1,0,3,4,1948,AUT,Austria,,
32,Austria,0,1,1,2,1952,AUT,Austria,,
34,Austria,0,0,2,2,1956,AUT,Austria,,
18,Austria,1,1,0,2,1960,AUT,Austria,,
32,Austria,0,2,2,4,1968,AUT,Austria,,
31,Austria,0,1,2,3,1972,AUT,Austria,,
37,Austria,0,0,1,1,1976,AUT,Austria,,
21,Austria,1,2,1,4,1980,AUT,Austria,,
22,Austria,1,1,1,3,1984,AUT,Austria,,
29,Austria,1,0,0,1,1988,AUT,Austria,,
41,Austria,0,2,0,2,1992,AUT,Austria,,
57,Austria,0,1,2,3,1996,AUT,Austria,,
32,Austria,2,1,0,3,2000,AUT,Austria,,
27,Austria,2,4,1,7,2004,AUT,Austria,,
64,Austria,0,1,2,3,2008,AUT,Austria,,
78,Austria,0,0,1,1,2016,AUT,Austria,,
53,Austria,1,1,5,7,2020,AUT,Austria,,
36,Austria,2,0,3,5,2024,AUT,Austria,,
61,Azerbaijan,0,1,0,1,1996,AZE,Azerbaijan,,
34,Azerbaijan,2,0,1,3,2000,AZE,Azerbaijan,,
50,Azerbaijan,1,0,4,5,2004,AZE,Azerbaijan,,
40,Azerbaijan,1,1,4,6,2008,AZE,Azerbaijan,,
32,Azerbaijan,2,2,5,9,2012,AZE,Azerbaijan,,
39,Azerbaijan,1,7,10,18,2016,AZE,Azerbaijan,,
67,Azerbaijan,0,3,4,7,2020,AZE,Azerbaijan,,
30,Azerbaijan,2,2,3,7,2024,AZE,Azerbaijan,,
35,Bahamas,0,0,1,1,1956,BAH,Bahamas,,
24,Bahamas,1,0,0,1,1964,BAH,Bahamas,,
54,Bahamas,0,0,1,1,1992,BAH,Bahamas,,
61,Bahamas,0,1,0,1,1996,BAH,Bahamas,,
34,Bahamas,2,0,1,3,2000,BAH,Bahamas,,
52,Bahamas,1,0,1,2,2004,BAH,Bahamas,,
68,Bahamas,0,1,1,2,2008,BAH,Bahamas,,
50,Bahamas,1,0,0,1,2012,BAH,Bahamas,,
51,Bahamas,1,0,1,2,2016,BAH,Bahamas,,
42,Bahamas,2,0,0,2,2020,BAH,Bahamas,,
50,Bahrain,1,0,0,1,2012,BRN,Bahrain,,
48,Bahrain,1,1,0,2,2016,BRN,Bahrain,,
77,Bahrain,0,1,0,1,2020,BRN,Bahrain,,
33,Bahrain,2,1,1,4,2024,BRN,Bahrain,,
71,Barbados,0,0,1,1,2000,BAR,Barbados,,
37,Belarus,1,6,8,15,1996,BLR,Belarus,,
23,Belarus,3,3,11,17,2000,BLR,Belarus,,
26,Belarus,2,5,6,13,2004,BLR,Belarus,,
24,Belarus,3,4,7,14,2008,BLR,Belarus,,
28,Belarus,2,5,3,10,2012,BLR,Belarus,,
40,Belarus,1,4,4,9,2016,BLR,Belarus,,
45,Belarus,1,3,3,7,2020,BLR,Belarus,,
5,Belgium,6,7,4,17,1900,BEL,Belgium,,
10,Belgium,1,5,2,8,1908,BEL,Belgium,,
13,Belgium,2,1,3,6,1912,BEL,Belgium,,
5,Belgium,14,11,11,36,1920,BEL,Belgium,,
10,Belgium,3,7,3,13,1924,BEL,Belgium,,
29,Belgium,0,1,2,3,1928,BEL,Belgium,,
26,Belgium,0,0,1,1,1932,BEL,Belgium,,
28,Belgium,0,0,3,3,1936,BEL,Belgium,,
15,Belgium,2,2,3,7,1948,BEL,Belgium,,
14,Belgium,2,2,0,4,1952,BEL,Belgium,,
28,Belgium,0,2,0,2,1956,BEL,Belgium,,
26,Belgium,0,2,2,4,1960,BEL,Belgium,,
20,Belgium,2,0,1,3,1964,BEL,Belgium,,
36,Belgium,0,1,1,2,1968,BEL,Belgium,,
29,Belgium,0,2,0,2,1972,BEL,Belgium,,
28,Belgium,0,3,3,6,1976,BEL,Belgium,,
23,Belgium,1,0,0,1,1980,BEL,Belgium,,
21,Belgium,1,1,2,4,1984,BEL,Belgium,,
44,Belgium,0,0,2,2,1988,BEL,Belgium,,
44,Belgium,0,1,2,3,1992,BEL,Belgium,,
31,Belgium,2,2,2,6,1996,BEL,Belgium,,
55,Belgium,0,2,3,5,2000,BEL,Belgium,,
51,Belgium,1,0,2,3,2004,BEL,Belgium,,
37,Belgium,2,0,0,2,2008,BEL,Belgium,,
64,Belgium,0,1,2,3,2012,BEL,Belgium,,
35,Belgium,2,2,2,6,2016,BEL,Belgium,,
29,Belgium,3,1,3,7,2020,BEL,Belgium,,
25,Belgium,3,1,6,10,2024,BEL,Belgium,,
37,Bermuda,0,0,1,1,1976,BER,Bermuda,,
63,Bermuda,1,0,0,1,2020,BER,Bermuda,,
20,Bohemia,0,1,1,2,1900,BOH,Bohemia,,
17,Bohemia,0,0,2,2,1908,BOH,Bohemia,,
70,Botswana,0,1,0,1,2012,BOT,Botswana,,
86,Botswana,0,0,1,1,2020,BOT,Botswana,,
55,Botswana,1,1,0,2,2024,BOT,Botswana,,
15,Brazil,1,1,1,3,1920,BRA,Brazil,,
34,Brazil,0,0,1,1,1948,BRA,Brazil,,
24,Brazil,1,0,2,3,1952,BRA,Brazil,,
24,Brazil,1,0,0,1,1956,BRA,Brazil,,
39,Brazil,0,0,2,2,1960,BRA,Brazil,,
35,Brazil,0,0,1,1,1964,BRA,Brazil,,
35,Brazil,0,1,2,3,1968,BRA,Brazil,,
41,Brazil,0,0,2,2,1972,BRA,Brazil,,
36,Brazil,0,0,2,2,1976,BRA,Brazil,,
17,Brazil,2,0,2,4,1980,BRA,Brazil,,
19,Brazil,1,5,2,8,1984,BRA,Brazil,,
24,Brazil,1,2,3,6,1988,BRA,Brazil,,
25,Brazil,2,1,0,3,1992,BRA,Brazil,,
25,Brazil,3,3,9,15,1996,BRA,Brazil,,
53,Brazil,0,6,6,12,2000,BRA,Brazil,,
16,Brazil,5,2,3,10,2004,BRA,Brazil,,
23,Brazil,3,4,10,17,2008,BRA,Brazil,,
22,Brazil,3,5,9,17,2012,BRA,Brazil,,
13,Brazil,7,6,6,19,2016,BRA,Brazil,,
12,Brazil,7,6,8,21,2020,BRA,Brazil,,
20,Brazil,3,7,10,20,2024,BRA,Brazil,,
39,British West Indies,0,0,2,2,1960,GBR,British West Indies,,
40,Bulgaria,0,0,1,1,1952,BUL,Bulgaria,,
19,Bulgaria,1,3,1,5,1956,BUL,Bulgaria,,
15,Bulgaria,1,3,3,7,1960,BUL,Bulgaria,,
11,Bulgaria,3,5,2,10,1964,BUL,Bulgaria,,
18,Bulgaria,2,4,3,9,1968,BUL,Bulgaria,,
9,Bulgaria,6,10,5,21,1972,BUL,Bulgaria,,
7,Bulgaria,6,9,7,22,1976,BUL,Bulgaria,,
3,Bulgaria,8,16,17,41,1980,BUL,Bulgaria,,
7,Bulgaria,10,12,13,35,1988,BUL,Bulgaria,,
18,Bulgaria,3,7,6,16,1992,BUL,Bulgaria,,
22,Bulgaria,3,7,5,15,1996,BUL,Bulgaria,,
16,Bulgaria,5,6,2,13,2000,BUL,Bulgaria,,
33,Bulgaria,2,1,9,12,2004,BUL,Bulgaria,,
42,Bulgaria,1,1,3,5,2008,BUL,Bulgaria,,
60,Bulgaria,0,2,1,3,2012,BUL,Bulgaria,,
66,Bulgaria,0,1,2,3,2016,BUL,Bulgaria,,
30,Bulgaria,3,1,2,6,2020,BUL,Bulgaria,,
26,Bulgaria,3,1,3,7,2024,BUL,Bulgaria,,
86,Burkina Faso,0,0,1,1,2020,BUR,Burkina Faso,,
49,Burundi,1,0,0,1,1996,BDI,Burundi,,
69,Burundi,0,1,0,1,2016,BDI,Burundi,,
84,Cabo Verde,0,0,1,1,2024,CPV,Cabo Verde,,
39,Cameroon,0,1,0,1,1968,CMR,Cameroon,,
43,Cameroon,0,0,1,1,1984,CMR,Cameroon,,
50,Cameroon,1,0,0,1,2000,CMR,Cameroon,,
54,Cameroon,1,0,0,1,2004,CMR,Cameroon,,
53,Cameroon,1,0,0,1,2008,CMR,Cameroon,,
79,Cameroon,0,0,1,1,2012,CMR,Cameroon,,
13,Canada,1,0,1,2,1900,CAN,Canada,,
3,Canada,4,1,1,6,1904,CAN,Canada,,
7,Canada,3,3,10,16,1908,CAN,Canada,,
9,Canada,3,2,3,8,1912,CAN,Canada,,
12,Canada,3,3,3,9,1920,CAN,Canada,,
20,Canada,0,3,1,4,1924,CAN,Canada,,
10,Canada,4,4,7,15,1928,CAN,Canada,,
13,Canada,2,5,9,16,1932,CAN,Canada,,
17,Canada,1,3,5,9,1936,CAN,Canada,,
25,Canada,0,1,2,3,1948,CAN,Canada,,
21,Canada,1,2,0,3,1952,CAN,Canada,,
15,Canada,2,1,3,6,1956,CAN,Canada,,
32,Canada,0,1,0,1,1960,CAN,Canada,,
22,Canada,1,2,1,4,1964,CAN,Canada,,
23,Canada,1,3,1,5,1968,CAN,Canada,,
27,Canada,0,2,3,5,1972,CAN,Canada,,
27,Canada,0,5,6,11,1976,CAN,Canada,,
6,Canada,10,18,16,44,1984,CAN,Canada,,
19,Canada,3,2,5,10,1988,CAN,Canada,,
11,Canada,7,4,7,18,1992,CAN,Canada,,
21,Canada,3,11,8,22,1996,CAN,Canada,,
24,Canada,3,3,8,14,2000,CAN,Canada,,
21,Canada,3,6,3,12,2004,CAN,Canada,,
20,Canada,3,9,8,20,2008,CAN,Canada,,
27,Canada,2,6,10,18,2012,CAN,Canada,,
20,Canada,4,3,15,22,2016,CAN,Canada,,
11,Canada,7,7,10,24,2020,CAN,Canada,,
12,Canada,9,7,11,27,2024,CAN,Canada,,
28,Ceylon,0,1,0,1,1948,SRI,Ceylon,,
30,Chile,0,1,0,1,1928,CHI,Chile,,
31,Chile,0,2,0,2,1952,CHI,Chile,,
27,Chile,0,2,2,4,1956,CHI,Chile,,
36,Chile,0,1,0,1,1988,CHI,Chile,,
71,Chile,0,0,1,1,2000,CHI,Chile,,
39,Chile,2,0,1,3,2004,CHI,Chile,,
72,Chile,0,1,0,1,2008,CHI,Chile,,
55,Chile,1,1,0,2,2024,CHI,Chile,,
4,China,15,8,9,32,1984,CHN,China,,
11,China,5,11,12,28,1988,CHN,China,,
4,China,16,22,16,54,1992,CHN,China,,
4,China,16,22,12,50,1996,CHN,China,,
3,China,28,16,14,58,2000,CHN,China,,
2,China,32,17,14,63,2004,CHN,China,,
1,China,48,22,30,100,2008,CHN,China,,
2,China,39,31,22,92,2012,CHN,China,,
3,China,26,18,26,70,2016,CHN,China,,
2,China,38,32,19,89,2020,CHN,China,,
2,China,40,27,24,91,2024,CHN,China,,
43,Chinese Taipei,0,0,1,1,1984,TPE,Chinese Taipei,,
49,Chinese Taipei,0,1,0,1,1992,TPE,Chinese Taipei,,
61,Chinese Taipei,0,1,0,1,1996,TPE,Chinese Taipei,,
58,Chinese Taipei,0,1,4,5,2000,TPE,Chinese Taipei,,
31,Chinese Taipei,2,2,1,5,2004,TPE,Chinese Taipei,,
44,Chinese Taipei,1,1,2,4,2008,TPE,Chinese Taipei,,
48,Chinese Taipei,1,0,1,2,2012,TPE,Chinese Taipei,,
50,Chinese Taipei,1,0,2,3,2016,TPE,Chinese Taipei,,
34,Chinese Taipei,2,4,6,12,2020,TPE,Chinese Taipei,,
35,Chinese Taipei,2,0,5,7,2024,TPE,Chinese Taipei,,
31,Colombia,0,1,2,3,1972,COL,Colombia,,
33,Colombia,0,1,0,1,1984,COL,Colombia,,
46,Colombia,0,0,1,1,1988,COL,Colombia,,
54,Colombia,0,0,1,1,1992,COL,Colombia,,
50,Colombia,1,0,0,1,2000,COL,Colombia,,
68,Colombia,0,0,2,2,2004,COL,Colombia,,
60,Colombia,0,2,1,3,2008,COL,Colombia,,
38,Colombia,1,3,5,9,2012,COL,Colombia,,
22,Colombia,3,2,3,8,2016,COL,Colombia,,
66,Colombia,0,4,1,5,2020,COL,Colombia,,
66,Colombia,0,3,1,4,2024,COL,Colombia,,
36,Costa Rica,0,1,0,1,1988,CRC,Costa Rica,,
49,Costa Rica,1,0,0,1,1996,CRC,Costa Rica,,
69,Costa Rica,0,0,2,2,2000,CRC,Costa Rica,,
44,Croatia,0,1,2,3,1992,CRO,Croatia,,
45,Croatia,1,1,0,2,1996,CRO,Croatia,,
49,Croatia,1,0,1,2,2000,CRO,Croatia,,
44,Croatia,1,2,2,5,2004,CRO,Croatia,,
59,Croatia,0,2,3,5,2008,CRO,Croatia,,
26,Croatia,3,1,2,6,2012,CRO,Croatia,,
17,Croatia,5,3,2,10,2016,CRO,Croatia,,
26,Croatia,3,3,2,8,2020,CRO,Croatia,,
30,Croatia,2,2,3,7,2024,CRO,Croatia,,
12,Cuba,1,1,0,2,1900,CUB,Cuba,,
4,Cuba,3,0,0,3,1904,CUB,Cuba,,
28,Cuba,0,1,0,1,1948,CUB,Cuba,,
30,Cuba,0,1,0,1,1964,CUB,Cuba,,
31,Cuba,0,4,0,4,1968,CUB,Cuba,,
14,Cuba,3,1,4,8,1972,CUB,Cuba,,
8,Cuba,6,4,3,13,1976,CUB,Cuba,,
4,Cuba,8,7,5,20,1980,CUB,Cuba,,
5,Cuba,14,6,11,31,1992,CUB,Cuba,,
8,Cuba,9,8,8,25,1996,CUB,Cuba,,
9,Cuba,11,11,7,29,2000,CUB,Cuba,,
11,Cuba,9,7,11,27,2004,CUB,Cuba,,
19,Cuba,3,10,17,30,2008,CUB,Cuba,,
16,Cuba,5,3,7,15,2012,CUB,Cuba,,
18,Cuba,5,2,4,11,2016,CUB,Cuba,,
14,Cuba,7,3,5,15,2020,CUB,Cuba,,
32,Cuba,2,1,6,9,2024,CUB,Cuba,,
70,Cyprus,0,1,0,1,2012,CYP,Cyprus,,
74,Cyprus,0,1,0,1,2024,CYP,Cyprus,,
17,Czech Republic,4,3,4,11,1996,CZE,Czech Republic,,
28,Czech Republic,2,3,3,8,2000,CZE,Czech Republic,,
42,Czech Republic,1,3,5,9,2004,CZE,Czech Republic,,
25,Czech Republic,3,3,1,7,2008,CZE,Czech Republic,,
19,Czech Republic,4,4,3,11,2012,CZE,Czech Republic,,
43,Czech Republic,1,2,7,10,2016,CZE,Czech Republic,,
18,Czech Republic,4,4,3,11,2020,CZE,Czech Republic,,
28,Czech Republic,3,0,2,5,2024,CZE,Czech Republic,,
21,Czechoslovakia,0,0,2,2,1920,TCH,Czechoslovakia,,
15,Czechoslovakia,1,4,5,10,1924,TCH,Czechoslovakia,,
14,Czechoslovakia,2,5,2,9,1928,TCH,Czechoslovakia,,
17,Czechoslovakia,1,3,2,6,1932,TCH,Czechoslovakia,,
13,Czechoslovakia,3,5,1,9,1936,TCH,Czechoslovakia,,
8,Czechoslovakia,6,2,3,11,1948,TCH,Czechoslovakia,,
6,Czechoslovakia,7,3,3,13,1952,TCH,Czechoslovakia,,
18,Czechoslovakia,1,4,1,6,1956,TCH,Czechoslovakia,,
10,Czechoslovakia,3,2,3,8,1960,TCH,Czechoslovakia,,
9,Czechoslovakia,5,6,3,14,1964,TCH,Czechoslovakia,,
7,Czechoslovakia,7,2,4,13,1968,TCH,Czechoslovakia,,
18,Czechoslovakia,2,4,2,8,1972,TCH,Czechoslovakia,,
17,Czechoslovakia,2,2,4,8,1976,TCH,Czechoslovakia,,
13,Czechoslovakia,2,3,9,14,1980,TCH,Czechoslovakia,,
17,Czechoslovakia,3,3,2,8,1988,TCH,Czechoslovakia,,
15,Czechoslovakia,4,2,1,7,1992,TCH,Czechoslovakia,,
9,Denmark,1,2,3,6,1896,DEN,Denmark,,
10,Denmark,1,3,2,6,1900,DEN,Denmark,,
16,Denmark,0,2,3,5,1908,DEN,Denmark,,
14,Denmark,1,6,5,12,1912,DEN,Denmark,,
10,Denmark,3,9,1,13,1920,DEN,Denmark,,
12,Denmark,2,5,2,9,1924,DEN,Denmark,,
13,Denmark,3,1,2,6,1928,DEN,Denmark,,
20,Denmark,0,5,3,8,1932,DEN,Denmark,,
23,Denmark,0,2,3,5,1936,DEN,Denmark,,
10,Denmark,5,7,8,20,1948,DEN,Denmark,,
15,Denmark,2,1,3,6,1952,DEN,Denmark,,
20,Denmark,1,2,1,4,1956,DEN,Denmark,,
13,Denmark,2,3,1,6,1960,DEN,Denmark,,
18,Denmark,2,1,3,6,1964,DEN,Denmark,,
22,Denmark,1,4,3,8,1968,DEN,Denmark,,
25,Denmark,1,0,0,1,1972,DEN,Denmark,,
24,Denmark,1,0,2,3,1976,DEN,Denmark,,
16,Denmark,2,1,2,5,1980,DEN,Denmark,,
27,Denmark,0,3,3,6,1984,DEN,Denmark,,
23,Denmark,2,1,1,4,1988,DEN,Denmark,,
30,Denmark,1,1,4,6,1992,DEN,Denmark,,
19,Denmark,4,1,1,6,1996,DEN,Denmark,,
30,Denmark,2,3,1,6,2000,DEN,Denmark,,
34,Denmark,2,1,5,8,2004,DEN,Denmark,,
30,Denmark,2,2,3,7,2008,DEN,Denmark,,
30,Denmark,2,4,3,9,2012,DEN,Denmark,,
27,Denmark,2,6,7,15,2016,DEN,Denmark,,
25,Denmark,3,4,4,11,2020,DEN,Denmark,,
29,Denmark,2,2,5,9,2024,DEN,Denmark,,
46,Djibouti,0,0,1,1,1988,DJI,Djibouti,,
62,Dominica,1,0,0,1,2024,DMA,Dominica,,
43,Dominican Republic,0,0,1,1,1984,DOM,Dominican Republic,,
54,Dominican Republic,1,0,0,1,2004,DOM,Dominican Republic,,
47,Dominican Republic,1,1,0,2,2008,DOM,Dominican Republic,,
47,Dominican Republic,1,1,0,2,2012,DOM,Dominican Republic,,
78,Dominican Republic,0,0,1,1,2016,DOM,Dominican Republic,,
68,Dominican Republic,0,3,2,5,2020,DOM,Dominican Republic,,
59,Dominican Republic,1,0,2,3,2024,DOM,Dominican Republic,,
5,East Germany,9,9,7,25,1968,GDR,East Germany,,
3,East Germany,20,23,23,66,1972,GDR,East Germany,,
2,East Germany,40,25,25,90,1976,GDR,East Germany,,
2,East Germany,47,37,42,126,1980,GDR,East Germany,,
2,East Germany,37,35,30,102,1988,GDR,East Germany,,
49,Ecuador,1,0,0,1,1996,ECU,Ecuador,,
72,Ecuador,0,1,0,1,2008,ECU,Ecuador,,
38,Ecuador,2,1,0,3,2020,ECU,Ecuador,,
49,Ecuador,1,2,2,5,2024,ECU,Ecuador,,
17,Egypt,2,1,1,4,1928,EGY,Egypt,,
16,Egypt,2,1,2,5,1936,EGY,Egypt,,
16,Egypt,2,2,1,5,1948,EGY,Egypt,,
40,Egypt,0,0,1,1,1952,EGY,Egypt,,
30,Egypt,0,1,1,2,1960,EGY,Egypt,,
33,Egypt,0,1,0,1,1984,EGY,Egypt,,
46,Egypt,1,1,3,5,2004,EGY,Egypt,,
81,Egypt,0,0,2,2,2008,EGY,Egypt,,
56,Egypt,0,3,1,4,2012,EGY,Egypt,,
75,Egypt,0,0,3,3,2016,EGY,Egypt,,
54,Egypt,1,1,4,6,2020,EGY,Egypt,,
52,Egypt,1,1,1,3,2024,EGY,Egypt,,
71,Eritrea,0,0,1,1,2004,ERI,Eritrea,,
14,Estonia,1,2,0,3,1920,EST,Estonia,,
17,Estonia,1,1,4,6,1924,EST,Estonia,,
16,Estonia,2,1,2,5,1928,EST,Estonia,,
14,Estonia,2,2,3,7,1936,EST,Estonia,,
34,Estonia,1,0,1,2,1992,EST,Estonia,,
47,Estonia,1,0,2,3,2000,EST,Estonia,,
64,Estonia,0,1,2,3,2004,EST,Estonia,,
47,Estonia,1,1,0,2,2008,EST,Estonia,,
65,Estonia,0,1,1,2,2012,EST,Estonia,,
78,Estonia,0,0,1,1,2016,EST,Estonia,,
59,Estonia,1,0,1,2,2020,EST,Estonia,,
21,Ethiopia,1,0,0,1,1960,ETH,Ethiopia,,
24,Ethiopia,1,0,0,1,1964,ETH,Ethiopia,,
25,Ethiopia,1,1,0,2,1968,ETH,Ethiopia,,
41,Ethiopia,0,0,2,2,1972,ETH,Ethiopia,,
17,Ethiopia,2,0,2,4,1980,ETH,Ethiopia,,
33,Ethiopia,1,0,2,3,1992,ETH,Ethiopia,,
34,Ethiopia,2,0,1,3,1996,ETH,Ethiopia,,
20,Ethiopia,4,1,3,8,2000,ETH,Ethiopia,,
28,Ethiopia,2,3,2,7,2004,ETH,Ethiopia,,
17,Ethiopia,4,2,1,7,2008,ETH,Ethiopia,,
25,Ethiopia,3,2,3,8,2012,ETH,Ethiopia,,
44,Ethiopia,1,2,5,8,2016,ETH,Ethiopia,,
56,Ethiopia,1,1,2,4,2020,ETH,Ethiopia,,
47,Ethiopia,1,3,0,4,2024,ETH,Ethiopia,,
54,Fiji,1,0,0,1,2016,FIJ,Fiji,,
59,Fiji,1,0,1,2,2020,FIJ,Fiji,,
74,Fiji,0,1,0,1,2024,FIJ,Fiji,,
13,Finland,1,1,3,5,1908,FIN,Finland,,
4,Finland,9,8,9,26,1912,FIN,Finland,,
3,Finland,15,10,9,34,1920,FIN,Finland,,
2,Finland,14,13,10,37,1924,FIN,Finland,,
3,Finland,8,8,9,25,1928,FIN,Finland,,
8,Finland,5,8,12,25,1932,FIN,Finland,,
5,Finland,8,6,6,20,1936,FIN,Finland,,
6,Finland,8,7,5,20,1948,FIN,Finland,,
8,Finland,6,3,13,22,1952,FIN,Finland,,
13,Finland,3,1,11,15,1956,FIN,Finland,,
17,Finland,1,1,3,5,1960,FIN,Finland,,
12,Finland,3,0,2,5,1964,FIN,Finland,,
24,Finland,1,2,1,4,1968,FIN,Finland,,
14,Finland,3,1,4,8,1972,FIN,Finland,,
11,Finland,4,2,0,6,1976,FIN,Finland,,
12,Finland,3,1,4,8,1980,FIN,Finland,,
15,Finland,4,2,6,12,1984,FIN,Finland,,
25,Finland,1,1,2,4,1988,FIN,Finland,,
29,Finland,1,2,2,5,1992,FIN,Finland,,
40,Finland,1,2,1,4,1996,FIN,Finland,,
31,Finland,2,1,1,4,2000,FIN,Finland,,
61,Finland,0,2,0,2,2004,FIN,Finland,,
44,Finland,1,1,2,4,2008,FIN,Finland,,
60,Finland,0,2,1,3,2012,FIN,Finland,,
78,Finland,0,0,1,1,2016,FIN,Finland,,
85,Finland,0,0,2,2,2020,FIN,Finland,,
32,Formosa,0,1,0,1,1960,USA,Formosa,,
41,FR Yugoslavia,1,1,2,4,1996,YUG,FR Yugoslavia,,
44,FR Yugoslavia,1,1,1,3,2000,YUG,FR Yugoslavia,,
4,France,5,4,2,11,1896,FRA,France,,
1,France,27,39,37,103,1900,FRA,France,,
13,France,0,1,0,1,1904,FRA,France,,
4,France,5,5,9,19,1908,FRA,France,,
5,France,7,4,3,14,1912,FRA,France,,
8,France,9,19,13,41,1920,FRA,France,,
3,France,13,15,10,38,1924,FRA,France,,
7,France,6,10,5,21,1928,FRA,France,,
3,France,11,5,4,20,1932,FRA,France,,
6,France,7,6,6,19,1936,FRA,France,,
3,France,10,6,13,29,1948,FRA,France,,
7,France,6,6,6,18,1952,FRA,France,,
11,France,4,4,6,14,1956,FRA,France,,
25,France,0,2,3,5,1960,FRA,France,,
21,France,1,8,6,15,1964,FRA,France,,
6,France,7,3,5,15,1968,FRA,France,,
17,France,2,4,7,13,1972,FRA,France,,
15,France,2,3,4,9,1976,FRA,France,,
8,France,6,5,3,14,1980,FRA,France,,
12,France,5,7,16,28,1984,FRA,France,,
9,France,6,4,6,16,1988,FRA,France,,
9,France,8,5,16,29,1992,FRA,France,,
5,France,15,7,15,37,1996,FRA,France,,
6,France,13,14,11,38,2000,FRA,France,,
7,France,11,9,13,33,2004,FRA,France,,
10,France,7,16,20,43,2008,FRA,France,,
7,France,11,11,13,35,2012,FRA,France,,
7,France,10,18,14,42,2016,FRA,France,,
8,France,10,12,11,33,2020,FRA,France,,
5,France,16,26,22,64,2024,FRA,France,,
70,Gabon,0,1,0,1,2012,GAB,Gabon,,
68,Georgia,0,0,2,2,1996,GEO,Georgia,,
68,Georgia,0,0,6,6,2000,GEO,Georgia,,
32,Georgia,2,2,0,4,2004,GEO,Georgia,,
28,Georgia,3,2,2,7,2008,GEO,Georgia,,
40,Georgia,1,2,3,6,2012,GEO,Georgia,,
38,Georgia,2,1,4,7,2016,GEO,Georgia,,
33,Georgia,2,5,1,8,2020,GEO,Georgia,,
24,Georgia,3,3,1,7,2024,GEO,Georgia,,
3,Germany,6,5,2,13,1896,GER,Germany,,
7,Germany,4,3,2,9,1900,GER,Germany,,
2,Germany,4,5,6,15,1904,GER,Germany,,
5,Germany,3,5,5,13,1908,GER,Germany,,
6,Germany,5,13,7,25,1912,GER,Germany,,
2,Germany,10,7,14,31,1928,GER,Germany,,
7,Germany,5,12,7,24,1932,GER,Germany,,
1,Germany,38,31,32,101,1936,GER,Germany,,
28,Germany,0,7,17,24,1952,GER,Germany,,
3,Germany,33,21,28,82,1992,GER,Germany,,
3,Germany,20,18,27,65,1996,GER,Germany,,
5,Germany,13,17,26,56,2000,GER,Germany,,
6,Germany,13,16,20,49,2004,GER,Germany,,
5,Germany,16,11,14,41,2008,GER,Germany,,
6,Germany,11,20,13,44,2012,GER,Germany,,
5,Germany,17,10,15,42,2016,GER,Germany,,
9,Germany,10,11,16,37,2020,GER,Germany,,
10,Germany,12,13,8,33,2024,GER,Germany,,
32,Ghana,0,1,0,1,1960,GHA,Ghana,,
35,Ghana,0,0,1,1,1964,GHA,Ghana,,
43,Ghana,0,0,1,1,1972,GHA,Ghana,,
54,Ghana,0,0,1,1,1992,GHA,Ghana,,
86,Ghana,0,0,1,1,2020,GHA,Ghana,,
5,Great Britain,2,3,2,7,1896,GBR,Great Britain,,
3,Great Britain,15,7,9,31,1900,GBR,Great Britain,,
9,Great Britain,1,1,0,2,1904,GBR,Great Britain,,
1,Great Britain,56,51,39,146,1908,GBR,Great Britain,,
3,Great Britain,10,15,16,41,1912,GBR,Great Britain,,
4,Great Britain,14,15,13,42,1920,GBR,Great Britain,,
4,Great Britain,9,13,12,34,1924,GBR,Great Britain,,
11,Great Britain,3,10,7,20,1928,GBR,Great Britain,,
9,Great Britain,5,7,5,17,1932,GBR,Great Britain,,
12,Great Britain,4,7,3,14,1936,GBR,Great Britain,,
12,Great Britain,3,14,6,23,1948,GBR,Great Britain,,
18,Great Britain,1,2,8,11,1952,GBR,Great Britain,,
8,Great Britain,6,7,11,24,1956,GBR,Great Britain,,
12,Great Britain,2,6,12,20,1960,GBR,Great Britain,,
10,Great Britain,4,12,2,18,1964,GBR,Great Britain,,
10,Great Britain,5,5,3,13,1968,GBR,Great Britain,,
12,Great Britain,4,5,9,18,1972,GBR,Great Britain,,
13,Great Britain,3,5,5,13,1976,GBR,Great Britain,,
9,Great Britain,5,7,9,21,1980,GBR,Great Britain,,
11,Great Britain,5,11,21,37,1984,GBR,Great Britain,,
12,Great Britain,5,10,9,24,1988,GBR,Great Britain,,
13,Great Britain,5,3,12,20,1992,GBR,Great Britain,,
36,Great Britain,1,8,6,15,1996,GBR,Great Britain,,
10,Great Britain,11,10,7,28,2000,GBR,Great Britain,,
10,Great Britain,9,9,12,30,2004,GBR,Great Britain,,
4,Great Britain,19,13,19,51,2008,GBR,Great Britain,,
3,Great Britain,29,18,18,65,2012,GBR,Great Britain,,
2,Great Britain,27,23,17,67,2016,GBR,Great Britain,,
4,Great Britain,22,20,22,64,2020,GBR,Great Britain,,
7,Great Britain,14,22,29,65,2024,GBR,Great Britain,,
2,Greece,10,18,19,47,1896,GRE,Greece,,
11,Greece,1,0,1,2,1904,GRE,Greece,,
15,Greece,0,3,1,4,1908,GRE,Greece,,
15,Greece,1,0,1,2,1912,GRE,Greece,,
19,Greece,0,1,0,1,1920,GRE,Greece,,
35,Greece,0,0,1,1,1956,GRE,Greece,,
21,Greece,1,0,0,1,1960,GRE,Greece,,
42,Greece,0,0,1,1,1968,GRE,Greece,,
29,Greece,0,2,0,2,1972,GRE,Greece,,
22,Greece,1,0,2,3,1980,GRE,Greece,,
30,Greece,0,1,1,2,1984,GRE,Greece,,
46,Greece,0,0,1,1,1988,GRE,Greece,,
26,Greece,2,0,0,2,1992,GRE,Greece,,
16,Greece,4,4,0,8,1996,GRE,Greece,,
17,Greece,4,6,3,13,2000,GRE,Greece,,
15,Greece,6,6,4,16,2004,GRE,Greece,,
60,Greece,0,2,1,3,2008,GRE,Greece,,
77,Greece,0,0,2,2,2012,GRE,Greece,,
25,Greece,3,1,2,6,2016,GRE,Greece,,
36,Greece,2,1,1,4,2020,GRE,Greece,,
51,Greece,1,1,6,8,2024,GRE,Greece,,
50,Grenada,1,0,0,1,2012,GRN,Grenada,,
69,Grenada,0,1,0,1,2016,GRN,Grenada,,
86,Grenada,0,0,1,1,2020,GRN,Grenada,,
80,Grenada,0,0,2,2,2024,GRN,Grenada,,
70,Guatemala,0,1,0,1,2012,GUA,Guatemala,,
60,Guatemala,1,0,1,2,2024,GUA,Guatemala,,
35,Guyana,0,0,1,1,1980,GUY,Guyana,,
23,Haiti,0,0,1,1,1924,HAI,Haiti,,
30,Haiti,0,1,0,1,1928,HAI,Haiti,,
49,Hong Kong,1,0,0,1,1996,HKG,Hong Kong,,
65,Hong Kong,0,1,0,1,2004,HKG,Hong Kong,,
79,Hong Kong,0,0,1,1,2012,HKG,Hong Kong,,
49,Hong Kong,1,2,3,6,2020,HKG,Hong Kong,,
37,Hong Kong,2,0,2,4,2024,HKG,Hong Kong,,
6,Hungary,2,1,3,6,1896,HUN,Hungary,,
11,Hungary,1,2,2,5,1900,HUN,Hungary,,
5,Hungary,2,1,1,4,1904,HUN,Hungary,,
6,Hungary,3,4,2,9,1908,HUN,Hungary,,
9,Hungary,3,2,3,8,1912,HUN,Hungary,,
13,Hungary,2,3,4,9,1924,HUN,Hungary,,
9,Hungary,4,5,0,9,1928,HUN,Hungary,,
6,Hungary,6,5,5,16,1932,HUN,Hungary,,
3,Hungary,10,1,5,16,1936,HUN,Hungary,,
4,Hungary,10,5,12,27,1948,HUN,Hungary,,
3,Hungary,16,10,16,42,1952,HUN,Hungary,,
4,Hungary,9,10,7,26,1956,HUN,Hungary,,
7,Hungary,6,8,7,21,1960,HUN,Hungary,,
6,Hungary,10,7,5,22,1964,HUN,Hungary,,
4,Hungary,10,10,12,32,1968,HUN,Hungary,,
8,Hungary,6,13,16,35,1972,HUN,Hungary,,
10,Hungary,4,5,13,22,1976,HUN,Hungary,,
6,Hungary,7,10,15,32,1980,HUN,Hungary,,
6,Hungary,11,6,6,23,1988,HUN,Hungary,,
8,Hungary,11,12,7,30,1992,HUN,Hungary,,
12,Hungary,7,4,10,21,1996,HUN,Hungary,,
13,Hungary,8,6,3,17,2000,HUN,Hungary,,
12,Hungary,8,6,3,17,2004,HUN,Hungary,,
21,Hungary,3,5,2,10,2008,HUN,Hungary,,
10,Hungary,8,4,6,18,2012,HUN,Hungary,,
12,Hungary,8,3,4,15,2016,HUN,Hungary,,
15,Hungary,6,7,7,20,2020,HUN,Hungary,,
14,Hungary,6,7,6,19,2024,HUN,Hungary,,
31,Iceland,0,1,0,1,1956,ISL,Iceland,,
43,Iceland,0,0,1,1,1984,ISL,Iceland,,
71,Iceland,0,0,1,1,2000,ISL,Iceland,,
72,Iceland,0,1,0,1,2008,ISL,Iceland,,
51,Independent Olympic Athletes,1,0,1,2,2016,EOR,Independent Olympic Athletes,,
44,Independent Olympic Participants,0,1,2,3,1992,IOP,Independent Olympic Participants,,
19,India,0,2,0,2,1900,IND,India,,
24,India,1,0,0,1,1928,IND,India,,
19,India,1,0,0,1,1932,IND,India,,
20,India,1,0,0,1,1936,IND,India,,
22,India,1,0,0,1,1948,IND,India,,
26,India,1,0,1,2,1952,IND,India,,
24,India,1,0,0,1,1956,IND,India,,
32,India,0,1,0,1,1960,IND,India,,
24,India,1,0,0,1,1964,IND,India,,
42,India,0,0,1,1,1968,IND,India,,
43,India,0,0,1,1,1972,IND,India,,
23,India,1,0,0,1,1980,IND,India,,
71,India,0,0,1,1,1996,IND,India,,
71,India,0,0,1,1,2000,IND,India,,
65,India,0,1,0,1,2004,IND,India,,
51,India,1,0,2,3,2008,IND,India,,
57,India,0,2,4,6,2012,IND,India,,
67,India,0,1,1,2,2016,IND,India,,
48,India,1,2,4,7,2020,IND,India,,
71,India,0,1,5,6,2024,IND,India,,
36,Indonesia,0,1,0,1,1988,INA,Indonesia,,
24,Indonesia,2,2,1,5,1992,INA,Indonesia,,
41,Indonesia,1,1,2,4,1996,INA,Indonesia,,
38,Indonesia,1,3,2,6,2000,INA,Indonesia,,
48,Indonesia,1,1,2,4,2004,INA,Indonesia,,
40,Indonesia,1,1,4,6,2008,INA,Indonesia,,
60,Indonesia,0,2,1,3,2012,INA,Indonesia,,
46,Indonesia,1,2,0,3,2016,INA,Indonesia,,
55,Indonesia,1,1,3,5,2020,INA,Indonesia,,
39,Indonesia,2,0,1,3,2024,INA,Indonesia,,
34,Iran,0,0,1,1,1948,IRI,Iran,,
30,Iran,0,3,4,7,1952,IRI,Iran,,
14,Iran,2,2,1,5,1956,IRI,Iran,,
27,Iran,0,1,3,4,1960,IRI,Iran,,
34,Iran,0,0,2,2,1964,IRI,Iran,,
19,Iran,2,1,2,5,1968,IRI,Iran,,
28,Iran,0,2,1,3,1972,IRI,Iran,,
33,Iran,0,1,1,2,1976,IRI,Iran,,
36,Iran,0,1,0,1,1988,IRI,Iran,,
44,Iran,0,1,2,3,1992,IRI,Iran,,
43,Iran,1,1,1,3,1996,IRI,Iran,,
27,Iran,3,0,1,4,2000,IRI,Iran,,
29,Iran,2,2,2,6,2004,IRI,Iran,,
52,Iran,1,0,1,2,2008,IRI,Iran,,
12,Iran,7,5,1,13,2012,IRI,Iran,,
24,Iran,3,1,4,8,2016,IRI,Iran,,
27,Iran,3,2,2,7,2020,IRI,Iran,,
21,Iran,3,6,3,12,2024,IRI,Iran,,
41,Iraq,0,0,1,1,1960,IRQ,Iraq,,
24,Ireland,1,0,0,1,1928,IRL,Ireland,,
16,Ireland,2,0,0,2,1932,IRL,Ireland,,
34,Ireland,0,1,0,1,1952,IRL,Ireland,,
21,Ireland,1,1,3,5,1956,IRL,Ireland,,
35,Ireland,0,0,1,1,1964,IRL,Ireland,,
31,Ireland,0,1,1,2,1980,IRL,Ireland,,
33,Ireland,0,1,0,1,1984,IRL,Ireland,,
32,Ireland,1,1,0,2,1992,IRL,Ireland,,
28,Ireland,3,0,1,4,1996,IRL,Ireland,,
64,Ireland,0,1,0,1,2000,IRL,Ireland,,
64,Ireland,0,1,2,3,2008,IRL,Ireland,,
41,Ireland,1,1,4,6,2012,IRL,Ireland,,
63,Ireland,0,2,0,2,2016,IRL,Ireland,,
39,Ireland,2,0,2,4,2020,IRL,Ireland,,
19,Ireland,4,0,3,7,2024,IRL,Ireland,,
48,Israel,0,1,1,2,1992,ISR,Israel,,
71,Israel,0,0,1,1,1996,ISR,Israel,,
71,Israel,0,0,1,1,2000,ISR,Israel,,
52,Israel,1,0,1,2,2004,ISR,Israel,,
82,Israel,0,0,1,1,2008,ISR,Israel,,
77,Israel,0,0,2,2,2016,ISR,Israel,,
39,Israel,2,0,2,4,2020,ISR,Israel,,
41,Israel,1,5,1,7,2024,ISR,Israel,,
8,Italy,3,2,0,5,1900,ITA,Italy,,
9,Italy,2,2,0,4,1908,ITA,Italy,,
11,Italy,3,1,2,6,1912,ITA,Italy,,
7,Italy,13,5,5,23,1920,ITA,Italy,,
5,Italy,8,3,5,16,1924,ITA,Italy,,
5,Italy,7,5,7,19,1928,ITA,Italy,,
2,Italy,12,12,12,36,1932,ITA,Italy,,
4,Italy,9,13,5,27,1936,ITA,Italy,,
5,Italy,8,11,8,27,1948,ITA,Italy,,
5,Italy,8,9,4,21,1952,ITA,Italy,,
5,Italy,8,8,9,25,1956,ITA,Italy,,
3,Italy,13,10,13,36,1960,ITA,Italy,,
5,Italy,10,10,7,27,1964,ITA,Italy,,
13,Italy,3,4,9,16,1968,ITA,Italy,,
10,Italy,5,3,10,18,1972,ITA,Italy,,
14,Italy,2,7,4,13,1976,ITA,Italy,,
5,Italy,8,3,4,15,1980,ITA,Italy,,
5,Italy,14,6,12,32,1984,ITA,Italy,,
10,Italy,6,4,4,14,1988,ITA,Italy,,
12,Italy,6,5,8,19,1992,ITA,Italy,,
6,Italy,13,10,12,35,1996,ITA,Italy,,
7,Italy,13,8,13,34,2000,ITA,Italy,,
8,Italy,10,11,11,32,2004,ITA,Italy,,
9,Italy,8,9,10,27,2008,ITA,Italy,,
9,Italy,8,9,11,28,2012,ITA,Italy,,
9,Italy,8,12,8,28,2016,ITA,Italy,,
10,Italy,10,10,20,40,2020,ITA,Italy,,
9,Italy,12,13,15,40,2024,ITA,Italy,,
33,Ivory Coast,0,1,0,1,1984,CIV,Ivory Coast,,
51,Ivory Coast,1,0,1,2,2016,CIV,Ivory Coast,,
86,Ivory Coast,0,0,1,1,2020,CIV,Ivory Coast,,
84,Ivory Coast,0,0,1,1,2024,CIV,Ivory Coast,,
20,Jamaica,1,2,0,3,1948,JAM,Jamaica,,
13,Jamaica,2,3,0,5,1952,JAM,Jamaica,,
39,Jamaica,0,1,0,1,1968,JAM,Jamaica,,
43,Jamaica,0,0,1,1,1972,JAM,Jamaica,,
21,Jamaica,1,1,0,2,1976,JAM,Jamaica,,
34,Jamaica,0,0,3,3,1980,JAM,Jamaica,,
28,Jamaica,0,1,2,3,1984,JAM,Jamaica,,
34,Jamaica,0,2,0,2,1988,JAM,Jamaica,,
38,Jamaica,0,3,1,4,1992,JAM,Jamaica,,
39,Jamaica,1,3,2,6,1996,JAM,Jamaica,,
54,Jamaica,0,6,3,9,2000,JAM,Jamaica,,
35,Jamaica,2,1,2,5,2004,JAM,Jamaica,,
15,Jamaica,5,4,2,11,2008,JAM,Jamaica,,
18,Jamaica,4,5,4,13,2012,JAM,Jamaica,,
16,Jamaica,6,3,2,11,2016,JAM,Jamaica,,
21,Jamaica,4,1,4,9,2020,JAM,Jamaica,,
44,Jamaica,1,3,2,6,2024,JAM,Jamaica,,
17,Japan,0,2,0,2,1920,JPN,Japan,,
23,Japan,0,0,1,1,1924,JPN,Japan,,
15,Japan,2,2,1,5,1928,JPN,Japan,,
5,Japan,7,7,4,18,1932,JPN,Japan,,
8,Japan,6,4,10,20,1936,JPN,Japan,,
17,Japan,1,6,2,9,1952,JPN,Japan,,
10,Japan,4,10,5,19,1956,JPN,Japan,,
8,Japan,4,7,7,18,1960,JPN,Japan,,
3,Japan,16,5,8,29,1964,JPN,Japan,,
3,Japan,11,7,7,25,1968,JPN,Japan,,
5,Japan,13,8,8,29,1972,JPN,Japan,,
5,Japan,9,6,10,25,1976,JPN,Japan,,
7,Japan,10,8,14,32,1984,JPN,Japan,,
14,Japan,4,3,7,14,1988,JPN,Japan,,
17,Japan,3,8,11,22,1992,JPN,Japan,,
23,Japan,3,6,5,14,1996,JPN,Japan,,
15,Japan,5,8,5,18,2000,JPN,Japan,,
5,Japan,16,9,12,37,2004,JPN,Japan,,
8,Japan,9,8,8,25,2008,JPN,Japan,,
11,Japan,7,14,17,38,2012,JPN,Japan,,
6,Japan,12,8,21,41,2016,JPN,Japan,,
3,Japan,27,14,17,58,2020,JPN,Japan,,
3,Japan,20,12,13,45,2024,JPN,Japan,,
54,Jordan,1,0,0,1,2016,JOR,Jordan,,
74,Jordan,0,1,1,2,2020,JOR,Jordan,,
74,Jordan,0,1,0,1,2024,JOR,Jordan,,
24,Kazakhstan,3,4,4,11,1996,KAZ,Kazakhstan,,
22,Kazakhstan,3,4,0,7,2000,KAZ,Kazakhstan,,
40,Kazakhstan,1,4,3,8,2004,KAZ,Kazakhstan,,
29,Kazakhstan,2,3,4,9,2008,KAZ,Kazakhstan,,
23,Kazakhstan,3,2,6,11,2012,KAZ,Kazakhstan,,
30,Kazakhstan,2,5,10,17,2016,KAZ,Kazakhstan,,
83,Kazakhstan,0,0,8,8,2020,KAZ,Kazakhstan,,
43,Kazakhstan,1,3,3,7,2024,KAZ,Kazakhstan,,
35,Kenya,0,0,1,1,1964,KEN,Kenya,,
14,Kenya,3,4,2,9,1968,KEN,Kenya,,
19,Kenya,2,3,4,9,1972,KEN,Kenya,,
23,Kenya,1,0,2,3,1984,KEN,Kenya,,
13,Kenya,5,2,2,9,1988,KEN,Kenya,,
21,Kenya,2,4,2,8,1992,KEN,Kenya,,
38,Kenya,1,4,3,8,1996,KEN,Kenya,,
29,Kenya,2,3,2,7,2000,KEN,Kenya,,
41,Kenya,1,4,2,7,2004,KEN,Kenya,,
13,Kenya,6,4,6,16,2008,KEN,Kenya,,
29,Kenya,2,4,7,13,2012,KEN,Kenya,,
15,Kenya,6,6,1,13,2016,KEN,Kenya,,
19,Kenya,4,4,2,10,2020,KEN,Kenya,,
17,Kenya,4,2,5,11,2024,KEN,Kenya,,
54,Kosovo,1,0,0,1,2016,KOS,Kosovo,,
42,Kosovo,2,0,0,2,2020,KOS,Kosovo,,
73,Kosovo,0,1,1,2,2024,KOS,Kosovo,,
71,Kuwait,0,0,1,1,2000,KUW,Kuwait,,
79,Kuwait,0,0,1,1,2012,KUW,Kuwait,,
86,Kuwait,0,0,1,1,2020,KUW,Kuwait,,
71,Kyrgyzstan,0,0,1,1,2000,KGZ,Kyrgyzstan,,
64,Kyrgyzstan,0,1,2,3,2008,KGZ,Kyrgyzstan,,
70,Kyrgyzstan,0,2,1,3,2020,KGZ,Kyrgyzstan,,
68,Kyrgyzstan,0,2,4,6,2024,KGZ,Kyrgyzstan,,
22,Latvia,0,1,0,1,1932,LAT,Latvia,,
24,Latvia,0,1,1,2,1936,LAT,Latvia,,
40,Latvia,0,2,1,3,1992,LAT,Latvia,,
61,Latvia,0,1,0,1,1996,LAT,Latvia,,
44,Latvia,1,1,1,3,2000,LAT,Latvia,,
58,Latvia,0,4,0,4,2004,LAT,Latvia,,
46,Latvia,1,1,1,3,2008,LAT,Latvia,,
48,Latvia,1,0,1,2,2012,LAT,Latvia,,
59,Latvia,1,0,1,2,2020,LAT,Latvia,,
32,Lebanon,0,1,1,2,1952,LIB,Lebanon,,
33,Lebanon,0,1,0,1,1972,LIB,Lebanon,,
35,Lebanon,0,0,1,1,1980,LIB,Lebanon,,
34,Lithuania,1,0,1,2,1992,LTU,Lithuania,,
71,Lithuania,0,0,1,1,1996,LTU,Lithuania,,
33,Lithuania,2,0,3,5,2000,LTU,Lithuania,,
45,Lithuania,1,2,0,3,2004,LTU,Lithuania,,
57,Lithuania,0,3,2,5,2008,LTU,Lithuania,,
35,Lithuania,2,0,3,5,2012,LTU,Lithuania,,
65,Lithuania,0,1,3,4,2016,LTU,Lithuania,,
77,Lithuania,0,1,0,1,2020,LTU,Lithuania,,
70,Lithuania,0,2,2,4,2024,LTU,Lithuania,,
14,Luxembourg,1,0,0,1,1900,LUX,Luxembourg,,
19,Luxembourg,0,1,0,1,1920,LUX,Luxembourg,,
27,Luxembourg,1,0,0,1,1952,LUX,Luxembourg,,
71,Macedonia,0,0,1,1,2000,MKD,Macedonia,,
54,Malaysia,0,0,1,1,1992,MAS,Malaysia,,
58,Malaysia,0,1,1,2,1996,MAS,Malaysia,,
72,Malaysia,0,1,0,1,2008,MAS,Malaysia,,
65,Malaysia,0,1,1,2,2012,MAS,Malaysia,,
60,Malaysia,0,4,1,5,2016,MAS,Malaysia,,
74,Malaysia,0,1,1,2,2020,MAS,Malaysia,,
80,Malaysia,0,0,2,2,2024,MAS,Malaysia,,
82,Mauritius,0,0,1,1,2008,MRI,Mauritius,,
21,Mexico,0,2,0,2,1932,MEX,Mexico,,
28,Mexico,0,0,3,3,1936,MEX,Mexico,,
17,Mexico,2,1,2,5,1948,MEX,Mexico,,
34,Mexico,0,1,0,1,1952,MEX,Mexico,,
23,Mexico,1,0,1,2,1956,MEX,Mexico,,
41,Mexico,0,0,1,1,1960,MEX,Mexico,,
35,Mexico,0,0,1,1,1964,MEX,Mexico,,
15,Mexico,3,3,3,9,1968,MEX,Mexico,,
33,Mexico,0,1,0,1,1972,MEX,Mexico,,
25,Mexico,1,0,1,2,1976,MEX,Mexico,,
29,Mexico,0,1,3,4,1980,MEX,Mexico,,
17,Mexico,2,3,1,6,1984,MEX,Mexico,,
44,Mexico,0,0,2,2,1988,MEX,Mexico,,
49,Mexico,0,1,0,1,1992,MEX,Mexico,,
71,Mexico,0,0,1,1,1996,MEX,Mexico,,
40,Mexico,1,2,3,6,2000,MEX,Mexico,,
59,Mexico,0,3,1,4,2004,MEX,Mexico,,
36,Mexico,2,0,2,4,2008,MEX,Mexico,,
39,Mexico,1,3,4,8,2012,MEX,Mexico,,
61,Mexico,0,3,2,5,2016,MEX,Mexico,,
84,Mexico,0,0,4,4,2020,MEX,Mexico,,
65,Mexico,0,3,2,5,2024,MEX,Mexico,,
58,Moldova,0,1,1,2,1996,MDA,Moldova,,
61,Moldova,0,1,1,2,2000,MDA,Moldova,,
82,Moldova,0,0,1,1,2008,MDA,Moldova,,
86,Moldova,0,0,1,1,2020,MDA,Moldova,,
72,Moldova,0,1,3,4,2024,MDA,Moldova,,
34,Mongolia,0,1,3,4,1968,MGL,Mongolia,,
33,Mongolia,0,1,0,1,1972,MGL,Mongolia,,
34,Mongolia,0,1,0,1,1976,MGL,Mongolia,,
27,Mongolia,0,2,2,4,1980,MGL,Mongolia,,
46,Mongolia,0,0,1,1,1988,MGL,Mongolia,,
52,Mongolia,0,0,2,2,1992,MGL,Mongolia,,
71,Mongolia,0,0,1,1,1996,MGL,Mongolia,,
71,Mongolia,0,0,1,1,2004,MGL,Mongolia,,
33,Mongolia,2,2,0,4,2008,MGL,Mongolia,,
58,Mongolia,0,2,3,5,2012,MGL,Mongolia,,
67,Mongolia,0,1,1,2,2016,MGL,Mongolia,,
71,Mongolia,0,1,3,4,2020,MGL,Mongolia,,
74,Mongolia,0,1,0,1,2024,MGL,Mongolia,,
70,Montenegro,0,1,0,1,2012,MNE,Montenegro,,
32,Morocco,0,1,0,1,1960,MAR,Morocco,,
18,Morocco,2,0,0,2,1984,MAR,Morocco,,
28,Morocco,1,0,2,3,1988,MAR,Morocco,,
31,Morocco,1,1,1,3,1992,MAR,Morocco,,
68,Morocco,0,0,2,2,1996,MAR,Morocco,,
58,Morocco,0,1,4,5,2000,MAR,Morocco,,
37,Morocco,2,1,0,3,2004,MAR,Morocco,,
68,Morocco,0,1,1,2,2008,MAR,Morocco,,
79,Morocco,0,0,1,1,2012,MAR,Morocco,,
78,Morocco,0,0,1,1,2016,MAR,Morocco,,
63,Morocco,1,0,0,1,2020,MAR,Morocco,,
60,Morocco,1,0,1,2,2024,MAR,Morocco,,
71,Mozambique,0,0,1,1,1996,MOZ,Mozambique,,
50,Mozambique,1,0,0,1,2000,MOZ,Mozambique,,
41,Namibia,0,2,0,2,1992,NAM,Namibia,,
55,Namibia,0,2,0,2,1996,NAM,Namibia,,
77,Namibia,0,1,0,1,2020,NAM,Namibia,,
17,Netherlands,0,2,3,5,1900,NED,Netherlands,,
17,Netherlands,0,0,2,2,1908,NED,Netherlands,,
18,Netherlands,0,0,3,3,1912,NED,Netherlands,,
9,Netherlands,4,2,5,11,1920,NED,Netherlands,,
9,Netherlands,4,1,5,10,1924,NED,Netherlands,,
8,Netherlands,6,9,4,19,1928,NED,Netherlands,,
14,Netherlands,2,5,1,8,1932,NED,Netherlands,,
9,Netherlands,6,4,7,17,1936,NED,Netherlands,,
11,Netherlands,5,2,9,16,1948,NED,Netherlands,,
29,Netherlands,0,5,0,5,1952,NED,Netherlands,,
28,Netherlands,0,1,2,3,1960,NED,Netherlands,,
15,Netherlands,2,4,4,10,1964,NED,Netherlands,,
17,Netherlands,3,3,1,7,1968,NED,Netherlands,,
16,Netherlands,3,1,1,5,1972,NED,Netherlands,,
29,Netherlands,0,2,3,5,1976,NED,Netherlands,,
30,Netherlands,0,1,2,3,1980,NED,Netherlands,,
13,Netherlands,5,2,6,13,1984,NED,Netherlands,,
22,Netherlands,2,2,5,9,1988,NED,Netherlands,,
20,Netherlands,2,6,7,15,1992,NED,Netherlands,,
15,Netherlands,4,5,10,19,1996,NED,Netherlands,,
8,Netherlands,12,9,4,25,2000,NED,Netherlands,,
18,Netherlands,4,9,9,22,2004,NED,Netherlands,,
11,Netherlands,7,5,4,16,2008,NED,Netherlands,,
13,Netherlands,6,6,8,20,2012,NED,Netherlands,,
11,Netherlands,8,7,4,19,2016,NED,Netherlands,,
7,Netherlands,10,12,14,36,2020,NED,Netherlands,,
6,Netherlands,15,7,12,34,2024,NED,Netherlands,,
36,Netherlands Antilles,0,1,0,1,1988,AHO,Netherlands Antilles,,
22,New Zealand,0,0,1,1,1920,NZL,New Zealand,,
23,New Zealand,0,0,1,1,1924,NZL,New Zealand,,
24,New Zealand,1,0,0,1,1928,NZL,New Zealand,,
22,New Zealand,0,1,0,1,1932,NZL,New Zealand,,
20,New Zealand,1,0,0,1,1936,NZL,New Zealand,,
24,New Zealand,1,0,2,3,1952,NZL,New Zealand,,
16,New Zealand,2,0,0,2,1956,NZL,New Zealand,,
14,New Zealand,2,0,1,3,1960,NZL,New Zealand,,
12,New Zealand,3,0,2,5,1964,NZL,New Zealand,,
27,New Zealand,1,0,2,3,1968,NZL,New Zealand,,
23,New Zealand,1,1,1,3,1972,NZL,New Zealand,,
18,New Zealand,2,1,1,4,1976,NZL,New Zealand,,
8,New Zealand,8,1,2,11,1984,NZL,New Zealand,,
18,New Zealand,3,2,8,13,1988,NZL,New Zealand,,
28,New Zealand,1,4,5,10,1992,NZL,New Zealand,,
26,New Zealand,3,2,1,6,1996,NZL,New Zealand,,
46,New Zealand,1,0,3,4,2000,NZL,New Zealand,,
24,New Zealand,3,2,0,5,2004,NZL,New Zealand,,
27,New Zealand,3,2,4,9,2008,NZL,New Zealand,,
14,New Zealand,6,2,5,13,2012,NZL,New Zealand,,
19,New Zealand,4,9,5,18,2016,NZL,New Zealand,,
13,New Zealand,7,6,7,20,2020,NZL,New Zealand,,
11,New Zealand,10,7,3,20,2024,NZL,New Zealand,,
43,Niger,0,0,1,1,1972,NIG,Niger,,
69,Niger,0,1,0,1,2016,NIG,Niger,,
35,Nigeria,0,0,1,1,1964,NGR,Nigeria,,
43,Nigeria,0,0,1,1,1972,NGR,Nigeria,,
30,Nigeria,0,1,1,2,1984,NGR,Nigeria,,
38,Nigeria,0,3,1,4,1992,NGR,Nigeria,,
32,Nigeria,2,1,3,6,1996,NGR,Nigeria,,
41,Nigeria,1,2,0,3,2000,NGR,Nigeria,,
68,Nigeria,0,0,2,2,2004,NGR,Nigeria,,
57,Nigeria,0,3,2,5,2008,NGR,Nigeria,,
78,Nigeria,0,0,1,1,2016,NGR,Nigeria,,
74,Nigeria,0,1,1,2,2020,NGR,Nigeria,,
22,North Korea,1,1,3,5,1972,PRK,North Korea,,
21,North Korea,1,1,0,2,1976,PRK,North Korea,,
26,North Korea,0,3,2,5,1980,PRK,North Korea,,
16,North Korea,4,0,5,9,1992,PRK,North Korea,,
33,North Korea,2,1,2,5,1996,PRK,North Korea,,
60,North Korea,0,1,3,4,2000,PRK,North Korea,,
57,North Korea,0,4,1,5,2004,PRK,North Korea,,
31,North Korea,2,2,2,6,2008,PRK,North Korea,,
21,North Korea,4,0,2,6,2012,PRK,North Korea,,
34,North Korea,2,3,2,7,2016,PRK,North Korea,,
68,North Korea,0,2,4,6,2024,PRK,North Korea,,
77,North Macedonia,0,1,0,1,2020,MKD,North Macedonia,,
17,Norway,0,2,3,5,1900,NOR,Norway,,
7,Norway,2,0,0,2,1904,NOR,Norway,,
8,Norway,2,3,3,8,1908,NOR,Norway,,
8,Norway,3,2,5,10,1912,NOR,Norway,,
6,Norway,13,9,9,31,1920,NOR,Norway,,
7,Norway,5,2,3,10,1924,NOR,Norway,,
19,Norway,1,2,1,4,1928,NOR,Norway,,
18,Norway,1,3,2,6,1936,NOR,Norway,,
19,Norway,1,3,3,7,1948,NOR,Norway,,
10,Norway,3,2,0,5,1952,NOR,Norway,,
22,Norway,1,0,2,3,1956,NOR,Norway,,
21,Norway,1,0,0,1,1960,NOR,Norway,,
25,Norway,1,1,0,2,1968,NOR,Norway,,
21,Norway,2,1,1,4,1972,NOR,Norway,,
21,Norway,1,1,0,2,1976,NOR,Norway,,
28,Norway,0,1,2,3,1984,NOR,Norway,,
21,Norway,2,3,0,5,1988,NOR,Norway,,
22,Norway,2,4,1,7,1992,NOR,Norway,,
30,Norway,2,2,3,7,1996,NOR,Norway,,
19,Norway,4,3,3,10,2000,NOR,Norway,,
17,Norway,5,0,1,6,2004,NOR,Norway,,
22,Norway,3,5,1,9,2008,NOR,Norway,,
34,Norway,2,1,1,4,2012,NOR,Norway,,
74,Norway,0,0,4,4,2016,NOR,Norway,,
20,Norway,4,2,2,8,2020,NOR,Norway,,
18,Norway,4,1,3,8,2024,NOR,Norway,,
31,Pakistan,0,1,0,1,1956,PAK,Pakistan,,
20,Pakistan,1,0,1,2,1960,PAK,Pakistan,,
30,Pakistan,0,1,0,1,1964,PAK,Pakistan,,
29,Pakistan,1,0,0,1,1968,PAK,Pakistan,,
33,Pakistan,0,1,0,1,1972,PAK,Pakistan,,
37,Pakistan,0,0,1,1,1976,PAK,Pakistan,,
25,Pakistan,1,0,0,1,1984,PAK,Pakistan,,
46,Pakistan,0,0,1,1,1988,PAK,Pakistan,,
54,Pakistan,0,0,1,1,1992,PAK,Pakistan,,
62,Pakistan,1,0,0,1,2024,PAK,Pakistan,,
32,Panama,0,0,2,2,1948,PAN,Panama,,
53,Panama,1,0,0,1,2008,PAN,Panama,,
74,Panama,0,1,0,1,2024,PAN,Panama,,
65,Paraguay,0,1,0,1,2004,PAR,Paraguay,,
22,Peru,1,0,0,1,1948,PER,Peru,,
33,Peru,0,1,0,1,1984,PER,Peru,,
36,Peru,0,1,0,1,1988,PER,Peru,,
49,Peru,0,1,0,1,1992,PER,Peru,,
84,Peru,0,0,1,1,2024,PER,Peru,,
32,Philippines,0,0,1,1,1928,PHI,Philippines,,
25,Philippines,0,0,3,3,1932,PHI,Philippines,,
30,Philippines,0,0,1,1,1936,PHI,Philippines,,
30,Philippines,0,1,0,1,1964,PHI,Philippines,,
46,Philippines,0,0,1,1,1988,PHI,Philippines,,
54,Philippines,0,0,1,1,1992,PHI,Philippines,,
61,Philippines,0,1,0,1,1996,PHI,Philippines,,
69,Philippines,0,1,0,1,2016,PHI,Philippines,,
50,Philippines,1,2,1,4,2020,PHI,Philippines,,
37,Philippines,2,0,2,4,2024,PHI,Philippines,,
22,Poland,0,1,1,2,1924,POL,Poland,,
21,Poland,1,1,3,5,1928,POL,Poland,,
10,Poland,3,2,4,9,1932,POL,Poland,,
22,Poland,0,4,5,9,1936,POL,Poland,,
34,Poland,0,0,1,1,1948,POL,Poland,,
20,Poland,1,2,1,4,1952,POL,Poland,,
17,Poland,1,4,4,9,1956,POL,Poland,,
9,Poland,4,6,11,21,1960,POL,Poland,,
7,Poland,7,6,10,23,1964,POL,Poland,,
11,Poland,5,2,11,18,1968,POL,Poland,,
7,Poland,7,5,9,21,1972,POL,Poland,,
6,Poland,7,6,13,26,1976,POL,Poland,,
10,Poland,3,14,15,32,1980,POL,Poland,,
20,Poland,2,5,9,16,1988,POL,Poland,,
19,Poland,3,6,10,19,1992,POL,Poland,,
11,Poland,7,5,5,17,1996,POL,Poland,,
14,Poland,6,5,3,14,2000,POL,Poland,,
23,Poland,3,2,5,10,2004,POL,Poland,,
16,Poland,4,5,2,11,2008,POL,Poland,,
23,Poland,3,2,6,11,2012,POL,Poland,,
33,Poland,2,3,6,11,2016,POL,Poland,,
17,Poland,4,5,5,14,2020,POL,Poland,,
42,Poland,1,4,5,10,2024,POL,Poland,,
23,Portugal,0,0,1,1,1924,POR,Portugal,,
32,Portugal,0,0,1,1,1928,POR,Portugal,,
30,Portugal,0,0,1,1,1936,POR,Portugal,,
26,Portugal,0,1,1,2,1948,POR,Portugal,,
40,Portugal,0,0,1,1,1952,POR,Portugal,,
32,Portugal,0,1,0,1,1960,POR,Portugal,,
30,Portugal,0,2,0,2,1976,POR,Portugal,,
23,Portugal,1,0,2,3,1984,POR,Portugal,,
29,Portugal,1,0,0,1,1988,POR,Portugal,,
47,Portugal,1,0,1,2,1996,POR,Portugal,,
69,Portugal,0,0,2,2,2000,POR,Portugal,,
60,Portugal,0,2,1,3,2004,POR,Portugal,,
47,Portugal,1,1,0,2,2008,POR,Portugal,,
70,Portugal,0,1,0,1,2012,POR,Portugal,,
78,Portugal,0,0,1,1,2016,POR,Portugal,,
56,Portugal,1,1,2,4,2020,POR,Portugal,,
50,Portugal,1,2,1,4,2024,POR,Portugal,,
34,Puerto Rico,0,0,1,1,1948,PUR,Puerto Rico,,
37,Puerto Rico,0,0,1,1,1976,PUR,Puerto Rico,,
30,Puerto Rico,0,1,1,2,1984,PUR,Puerto Rico,,
54,Puerto Rico,0,0,1,1,1992,PUR,Puerto Rico,,
71,Puerto Rico,0,0,1,1,1996,PUR,Puerto Rico,,
65,Puerto Rico,0,1,1,2,2012,PUR,Puerto Rico,,
54,Puerto Rico,1,0,0,1,2016,PUR,Puerto Rico,,
63,Puerto Rico,1,0,0,1,2020,PUR,Puerto Rico,,
80,Puerto Rico,0,0,2,2,2024,PUR,Puerto Rico,,
54,Qatar,0,0,1,1,1992,QAT,Qatar,,
71,Qatar,0,0,1,1,2000,QAT,Qatar,,
65,Qatar,0,1,1,2,2012,QAT,Qatar,,
69,Qatar,0,1,0,1,2016,QAT,Qatar,,
41,Qatar,2,0,1,3,2020,QAT,Qatar,,
84,Qatar,0,0,1,1,2024,QAT,Qatar,,
84,Refugee Olympic Team,0,0,1,1,2024,EOR,Refugee Olympic Team,,
5,ROC,20,28,23,71,2020,ROC,ROC,,
23,Romania,0,0,1,1,1924,ROU,Romania,,
25,Romania,0,1,0,1,1936,ROU,Romania,,
23,Romania,1,1,2,4,1952,ROU,Romania,,
9,Romania,5,3,5,13,1956,ROU,Romania,,
11,Romania,3,1,6,10,1960,ROU,Romania,,
14,Romania,2,4,6,12,1964,ROU,Romania,,
12,Romania,4,6,5,15,1968,ROU,Romania,,
13,Romania,3,6,7,16,1972,ROU,Romania,,
9,Romania,4,9,14,27,1976,ROU,Romania,,
7,Romania,6,6,13,25,1980,ROU,Romania,,
2,Romania,20,16,17,53,1984,ROU,Romania,,
8,Romania,7,11,6,24,1988,ROU,Romania,,
14,Romania,4,6,8,18,1992,ROU,Romania,,
14,Romania,4,7,9,20,1996,ROU,Romania,,
11,Romania,11,6,9,26,2000,ROU,Romania,,
14,Romania,8,5,6,19,2004,ROU,Romania,,
18,Romania,4,1,4,9,2008,ROU,Romania,,
31,Romania,2,4,1,7,2012,ROU,Romania,,
47,Romania,1,1,2,4,2016,ROU,Romania,,
46,Romania,1,3,0,4,2020,ROU,Romania,,
23,Romania,3,4,2,9,2024,ROU,Romania,,
2,Russia,26,21,16,63,1996,RUS,Russia,,
2,Russia,32,28,29,89,2000,RUS,Russia,,
3,Russia,28,26,36,90,2004,RUS,Russia,,
3,Russia,24,13,23,60,2008,RUS,Russia,,
4,Russia,18,21,26,65,2012,RUS,Russia,,
4,Russia,19,17,20,56,2016,RUS,Russia,,
12,Russian Empire,1,2,0,3,1908,RUI,Russian Empire,,
16,Russian Empire,0,2,3,5,1912,RUI,Russian Empire,,
55,Saint Lucia,1,1,0,2,2024,LCA,Saint Lucia,,
72,Samoa,0,1,0,1,2008,SAM,Samoa,,
72,San Marino,0,1,2,3,2020,SMR,San Marino,,
61,Saudi Arabia,0,1,1,2,2000,KSA,Saudi Arabia,,
79,Saudi Arabia,0,0,1,1,2012,KSA,Saudi Arabia,,
77,Saudi Arabia,0,1,0,1,2020,KSA,Saudi Arabia,,
36,Senegal,0,1,0,1,1988,SEN,Senegal,,
64,Serbia,0,1,2,3,2008,SRB,Serbia,,
42,Serbia,1,1,2,4,2012,SRB,Serbia,,
32,Serbia,2,4,2,8,2016,SRB,Serbia,,
28,Serbia,3,1,5,9,2020,SRB,Serbia,,
27,Serbia,3,1,1,5,2024,SRB,Serbia,,
61,Serbia and Montenegro,0,2,0,2,2004,SCG,Serbia and Montenegro,,
32,Singapore,0,1,0,1,1960,SGP,Singapore,,
72,Singapore,0,1,0,1,2008,SGP,Singapore,,
77,Singapore,0,0,2,2,2012,SGP,Singapore,,
54,Singapore,1,0,0,1,2016,SGP,Singapore,,
84,Singapore,0,0,1,1,2024,SGP,Singapore,,
43,Slovakia,1,1,1,3,1996,SVK,Slovakia,,
39,Slovakia,1,3,1,5,2000,SVK,Slovakia,,
29,Slovakia,2,2,2,6,2004,SVK,Slovakia,,
26,Slovakia,3,3,0,6,2008,SVK,Slovakia,,
63,Slovakia,0,1,3,4,2012,SVK,Slovakia,,
37,Slovakia,2,2,0,4,2016,SVK,Slovakia,,
50,Slovakia,1,2,1,4,2020,SVK,Slovakia,,
84,Slovakia,0,0,1,1,2024,SVK,Slovakia,,
52,Slovenia,0,0,2,2,1992,SLO,Slovenia,,
55,Slovenia,0,2,0,2,1996,SLO,Slovenia,,
36,Slovenia,2,0,0,2,2000,SLO,Slovenia,,
63,Slovenia,0,1,3,4,2004,SLO,Slovenia,,
39,Slovenia,1,2,2,5,2008,SLO,Slovenia,,
42,Slovenia,1,1,2,4,2012,SLO,Slovenia,,
45,Slovenia,1,2,1,4,2016,SLO,Slovenia,,
31,Slovenia,3,1,1,5,2020,SLO,Slovenia,,
34,Slovenia,2,1,0,3,2024,SLO,Slovenia,,
14,South Africa,1,1,0,2,1908,RSA,South Africa,,
7,South Africa,4,2,0,6,1912,RSA,South Africa,,
11,South Africa,3,4,3,10,1920,RSA,South Africa,,
18,South Africa,1,1,1,3,1924,RSA,South Africa,,
23,South Africa,1,0,2,3,1928,RSA,South Africa,,
15,South Africa,2,0,3,5,1932,RSA,South Africa,,
25,South Africa,0,1,0,1,1936,RSA,South Africa,,
18,South Africa,2,1,1,4,1948,RSA,South Africa,,
12,South Africa,2,4,4,10,1952,RSA,South Africa,,
33,South Africa,0,0,4,4,1956,RSA,South Africa,,
28,South Africa,0,1,2,3,1960,RSA,South Africa,,
41,South Africa,0,2,0,2,1992,RSA,South Africa,,
27,South Africa,3,1,1,5,1996,RSA,South Africa,,
55,South Africa,0,2,3,5,2000,RSA,South Africa,,
43,South Africa,1,3,2,6,2004,RSA,South Africa,,
72,South Africa,0,1,0,1,2008,RSA,South Africa,,
20,South Africa,4,1,1,6,2012,RSA,South Africa,,
29,South Africa,2,6,2,10,2016,RSA,South Africa,,
52,South Africa,1,2,0,3,2020,RSA,South Africa,,
44,South Africa,1,3,2,6,2024,RSA,South Africa,,
32,South Korea,0,0,2,2,1948,KOR,South Korea,,
37,South Korea,0,0,2,2,1952,KOR,South Korea,,
29,South Korea,0,1,1,2,1956,KOR,South Korea,,
27,South Korea,0,2,1,3,1964,KOR,South Korea,,
36,South Korea,0,1,1,2,1968,KOR,South Korea,,
33,South Korea,0,1,0,1,1972,KOR,South Korea,,
19,South Korea,1,1,4,6,1976,KOR,South Korea,,
10,South Korea,6,6,7,19,1984,KOR,South Korea,,
4,South Korea,12,10,11,33,1988,KOR,South Korea,,
7,South Korea,12,5,12,29,1992,KOR,South Korea,,
10,South Korea,7,15,5,27,1996,KOR,South Korea,,
12,South Korea,8,10,10,28,2000,KOR,South Korea,,
9,South Korea,9,12,9,30,2004,KOR,South Korea,,
7,South Korea,13,11,8,32,2008,KOR,South Korea,,
5,South Korea,13,9,9,31,2012,KOR,South Korea,,
8,South Korea,9,3,9,21,2016,KOR,South Korea,,
16,South Korea,6,4,10,20,2020,KOR,South Korea,,
8,South Korea,13,9,10,32,2024,KOR,South Korea,,
2,Soviet Union,22,30,19,71,1952,URS,Soviet Union,,
1,Soviet Union,37,29,32,98,1956,URS,Soviet Union,,
1,Soviet Union,43,29,31,103,1960,URS,Soviet Union,,
2,Soviet Union,30,31,35,96,1964,URS,Soviet Union,,
2,Soviet Union,29,32,30,91,1968,URS,Soviet Union,,
1,Soviet Union,50,27,22,99,1972,URS,Soviet Union,,
1,Soviet Union,49,41,35,125,1976,URS,Soviet Union,,
1,Soviet Union,80,69,46,195,1980,URS,Soviet Union,,
1,Soviet Union,55,31,46,132,1988,URS,Soviet Union,,
14,Spain,1,0,0,1,1900,ESP,Spain,,
17,Spain,0,2,0,2,1920,ESP,Spain,,
24,Spain,1,0,0,1,1928,ESP,Spain,,
26,Spain,0,0,1,1,1932,ESP,Spain,,
28,Spain,0,1,0,1,1948,ESP,Spain,,
34,Spain,0,1,0,1,1952,ESP,Spain,,
41,Spain,0,0,1,1,1960,ESP,Spain,,
43,Spain,0,0,1,1,1972,ESP,Spain,,
30,Spain,0,2,0,2,1976,ESP,Spain,,
20,Spain,1,3,2,6,1980,ESP,Spain,,
20,Spain,1,2,2,5,1984,ESP,Spain,,
25,Spain,1,1,2,4,1988,ESP,Spain,,
6,Spain,13,7,2,22,1992,ESP,Spain,,
13,Spain,5,6,6,17,1996,ESP,Spain,,
25,Spain,3,3,5,11,2000,ESP,Spain,,
20,Spain,3,11,6,20,2004,ESP,Spain,,
14,Spain,5,11,3,19,2008,ESP,Spain,,
17,Spain,4,10,6,20,2012,ESP,Spain,,
14,Spain,7,4,6,17,2016,ESP,Spain,,
22,Spain,3,8,6,17,2020,ESP,Spain,,
15,Spain,5,4,9,18,2024,ESP,Spain,,
64,Sri Lanka,0,1,0,1,2000,SRI,Sri Lanka,,
72,Sudan,0,1,0,1,2008,SUD,Sudan,,
29,Suriname,1,0,0,1,1988,SUR,Suriname,,
54,Suriname,0,0,1,1,1992,SUR,Suriname,,
21,Sweden,0,0,1,1,1900,SWE,Sweden,,
3,Sweden,8,6,11,25,1908,SWE,Sweden,,
2,Sweden,23,25,17,65,1912,SWE,Sweden,,
2,Sweden,19,20,25,64,1920,SWE,Sweden,,
8,Sweden,4,13,12,29,1924,SWE,Sweden,,
4,Sweden,7,6,12,25,1928,SWE,Sweden,,
4,Sweden,10,5,9,24,1932,SWE,Sweden,,
7,Sweden,6,5,10,21,1936,SWE,Sweden,,
2,Sweden,16,11,17,44,1948,SWE,Sweden,,
4,Sweden,12,13,10,35,1952,SWE,Sweden,,
6,Sweden,8,5,6,19,1956,SWE,Sweden,,
16,Sweden,1,2,3,6,1960,SWE,Sweden,,
17,Sweden,2,2,4,8,1964,SWE,Sweden,,
20,Sweden,2,1,1,4,1968,SWE,Sweden,,
11,Sweden,4,6,6,16,1972,SWE,Sweden,,
12,Sweden,4,1,0,5,1976,SWE,Sweden,,
11,Sweden,3,3,6,12,1980,SWE,Sweden,,
16,Sweden,2,11,6,19,1984,SWE,Sweden,,
32,Sweden,0,4,7,11,1988,SWE,Sweden,,
27,Sweden,1,7,4,12,1992,SWE,Sweden,,
29,Sweden,2,4,2,8,1996,SWE,Sweden,,
18,Sweden,4,5,3,12,2000,SWE,Sweden,,
19,Sweden,4,2,1,7,2004,SWE,Sweden,,
56,Sweden,0,4,1,5,2008,SWE,Sweden,,
37,Sweden,1,4,3,8,2012,SWE,Sweden,,
28,Sweden,2,6,3,11,2016,SWE,Sweden,,
23,Sweden,3,6,0,9,2020,SWE,Sweden,,
16,Sweden,4,4,3,11,2024,SWE,Sweden,,
10,Switzerland,1,2,0,3,1896,SUI,Switzerland,,
6,Switzerland,6,2,1,9,1900,SUI,Switzerland,,
10,Switzerland,1,0,2,3,1904,SUI,Switzerland,,
13,Switzerland,2,2,7,11,1920,SUI,Switzerland,,
6,Switzerland,7,8,10,25,1924,SUI,Switzerland,,
6,Switzerland,7,4,4,15,1928,SUI,Switzerland,,
22,Switzerland,0,1,0,1,1932,SUI,Switzerland,,
11,Switzerland,4,9,5,18,1936,SUI,Switzerland,,
9,Switzerland,5,10,5,20,1948,SUI,Switzerland,,
11,Switzerland,2,6,6,14,1952,SUI,Switzerland,,
35,Switzerland,0,0,1,1,1956,SUI,Switzerland,,
24,Switzerland,0,3,3,6,1960,SUI,Switzerland,,
22,Switzerland,1,2,1,4,1964,SUI,Switzerland,,
33,Switzerland,0,1,4,5,1968,SUI,Switzerland,,
26,Switzerland,0,3,0,3,1972,SUI,Switzerland,,
20,Switzerland,1,1,2,4,1976,SUI,Switzerland,,
19,Switzerland,2,0,0,2,1980,SUI,Switzerland,,
26,Switzerland,0,4,4,8,1984,SUI,Switzerland,,
33,Switzerland,0,2,2,4,1988,SUI,Switzerland,,
37,Switzerland,1,0,0,1,1992,SUI,Switzerland,,
18,Switzerland,4,3,0,7,1996,SUI,Switzerland,,
37,Switzerland,1,6,2,9,2000,SUI,Switzerland,,
46,Switzerland,1,1,3,5,2004,SUI,Switzerland,,
34,Switzerland,2,1,4,7,2008,SUI,Switzerland,,
33,Switzerland,2,2,0,4,2012,SUI,Switzerland,,
23,Switzerland,3,2,2,7,2016,SUI,Switzerland,,
24,Switzerland,3,4,6,13,2020,SUI,Switzerland,,
48,Switzerland,1,2,5,8,2024,SUI,Switzerland,,
33,Syria,0,1,0,1,1984,SYR,Syria,,
49,Syria,1,0,0,1,1996,SYR,Syria,,
71,Syria,0,0,1,1,2004,SYR,Syria,,
86,Syria,0,0,1,1,2020,SYR,Syria,,
42,Taiwan,0,0,1,1,1968,TPE,Taiwan,,
68,Tajikistan,0,1,1,2,2008,TJK,Tajikistan,,
79,Tajikistan,0,0,1,1,2012,TJK,Tajikistan,,
54,Tajikistan,1,0,0,1,2016,TJK,Tajikistan,,
79,Tajikistan,0,0,3,3,2024,TJK,Tajikistan,,
28,Tanzania,0,2,0,2,1980,TAN,Tanzania,,
37,Thailand,0,0,1,1,1976,THA,Thailand,,
33,Thailand,0,1,0,1,1984,THA,Thailand,,
46,Thailand,0,0,1,1,1988,THA,Thailand,,
54,Thailand,0,0,1,1,1992,THA,Thailand,,
47,Thailand,1,0,1,2,1996,THA,Thailand,,
47,Thailand,1,0,2,3,2000,THA,Thailand,,
25,Thailand,3,1,4,8,2004,THA,Thailand,,
31,Thailand,2,2,2,6,2008,THA,Thailand,,
59,Thailand,0,2,2,4,2012,THA,Thailand,,
35,Thailand,2,2,2,6,2016,THA,Thailand,,
59,Thailand,1,0,1,2,2020,THA,Thailand,,
44,Thailand,1,3,2,6,2024,THA,Thailand,,
82,Togo,0,0,1,1,2008,TOG,Togo,,
61,Tonga,0,1,0,1,1996,TGA,Tonga,,
28,Trinidad and Tobago,0,1,0,1,1948,TTO,Trinidad and Tobago,,
37,Trinidad and Tobago,0,0,2,2,1952,TTO,Trinidad and Tobago,,
28,Trinidad and Tobago,0,1,2,3,1964,TTO,Trinidad and Tobago,,
26,Trinidad and Tobago,1,0,0,1,1976,TTO,Trinidad and Tobago,,
68,Trinidad and Tobago,0,0,2,2,1996,TTO,Trinidad and Tobago,,
61,Trinidad and Tobago,0,1,1,2,2000,TTO,Trinidad and Tobago,,
71,Trinidad and Tobago,0,0,1,1,2004,TTO,Trinidad and Tobago,,
47,Trinidad and Tobago,1,1,0,2,2008,TTO,Trinidad and Tobago,,
42,Trinidad and Tobago,1,1,2,4,2012,TTO,Trinidad and Tobago,,
78,Trinidad and Tobago,0,0,1,1,2016,TTO,Trinidad and Tobago,,
29,Tunisia,0,1,1,2,1964,TUN,Tunisia,,
28,Tunisia,1,0,1,2,1968,TUN,Tunisia,,
33,Tunisia,0,1,0,1,1972,TUN,Tunisia,,
71,Tunisia,0,0,1,1,1996,TUN,Tunisia,,
53,Tunisia,1,0,0,1,2008,TUN,Tunisia,,
36,Tunisia,2,0,1,3,2012,TUN,Tunisia,,
75,Tunisia,0,0,3,3,2016,TUN,Tunisia,,
58,Tunisia,1,1,0,2,2020,TUN,Tunisia,,
52,Tunisia,1,1,1,3,2024,TUN,Tunisia,,
19,Turkey,1,0,1,2,1936,TUR,Turkey,,
7,Turkey,6,4,2,12,1948,TUR,Turkey,,
16,Turkey,2,0,1,3,1952,TUR,Turkey,,
12,Turkey,3,2,2,7,1956,TUR,Turkey,,
6,Turkey,7,2,0,9,1960,TUR,Turkey,,
16,Turkey,2,3,1,6,1964,TUR,Turkey,,
21,Turkey,2,0,0,2,1968,TUR,Turkey,,
33,Turkey,0,1,0,1,1972,TUR,Turkey,,
40,Turkey,0,0,3,3,1984,TUR,Turkey,,
27,Turkey,1,1,0,2,1988,TUR,Turkey,,
23,Turkey,2,2,2,6,1992,TUR,Turkey,,
19,Turkey,4,1,1,6,1996,TUR,Turkey,,
26,Turkey,3,0,2,5,2000,TUR,Turkey,,
22,Turkey,3,3,4,10,2004,TUR,Turkey,,
42,Turkey,1,1,3,5,2008,TUR,Turkey,,
46,Turkey,1,1,1,3,2012,TUR,Turkey,,
41,Turkey,1,3,4,8,2016,TUR,Turkey,,
35,Turkey,2,2,9,13,2020,TUR,Turkey,,
64,Turkey,0,3,5,8,2024,TUR,Turkey,,
77,Turkmenistan,0,1,0,1,2020,TKM,Turkmenistan,,
36,Uganda,0,1,1,2,1968,UGA,Uganda,,
24,Uganda,1,1,0,2,1972,UGA,Uganda,,
32,Uganda,0,1,0,1,1980,UGA,Uganda,,
71,Uganda,0,0,1,1,1996,UGA,Uganda,,
50,Uganda,1,0,0,1,2012,UGA,Uganda,,
36,Uganda,2,1,1,4,2020,UGA,Uganda,,
55,Uganda,1,1,0,2,2024,UGA,Uganda,,
9,Ukraine,9,2,12,23,1996,UKR,Ukraine,,
21,Ukraine,3,10,10,23,2000,UKR,Ukraine,,
13,Ukraine,8,5,9,22,2004,UKR,Ukraine,,
12,Ukraine,7,4,11,22,2008,UKR,Ukraine,,
15,Ukraine,5,4,10,19,2012,UKR,Ukraine,,
31,Ukraine,2,5,4,11,2016,UKR,Ukraine,,
44,Ukraine,1,6,12,19,2020,UKR,Ukraine,,
22,Ukraine,3,5,4,12,2024,UKR,Ukraine,,
1,Unified Team,45,38,29,112,1992,EUN,Unified Team,,
54,United Arab Emirates,1,0,0,1,2004,UAE,United Arab Emirates,,
78,United Arab Emirates,0,0,1,1,2016,UAE,United Arab Emirates,,
1,United States,11,7,2,20,1896,USA,United States,,
2,United States,19,14,15,48,1900,USA,United States,,
1,United States,76,78,77,231,1904,USA,United States,,
2,United States,23,12,12,47,1908,USA,United States,,
1,United States,26,19,19,64,1912,USA,United States,,
1,United States,41,27,27,95,1920,USA,United States,,
1,United States,45,27,27,99,1924,USA,United States,,
1,United States,22,18,16,56,1928,USA,United States,,
1,United States,44,36,30,110,1932,USA,United States,,
2,United States,24,21,12,57,1936,USA,United States,,
1,United States,38,27,19,84,1948,USA,United States,,
1,United States,40,19,17,76,1952,USA,United States,,
2,United States,32,25,17,74,1956,USA,United States,,
2,United States,34,21,16,71,1960,USA,United States,,
1,United States,36,26,28,90,1964,USA,United States,,
1,United States,45,28,34,107,1968,USA,United States,,
2,United States,33,31,30,94,1972,USA,United States,,
3,United States,34,35,25,94,1976,USA,United States,,
1,United States,83,61,30,174,1984,USA,United States,,
3,United States,36,31,27,94,1988,USA,United States,,
2,United States,37,34,37,108,1992,USA,United States,,
1,United States,44,32,25,101,1996,USA,United States,,
1,United States,37,24,32,93,2000,USA,United States,,
1,United States,36,39,26,101,2004,USA,United States,,
2,United States,36,39,37,112,2008,USA,United States,,
1,United States,48,26,30,104,2012,USA,United States,,
1,United States,46,37,38,121,2016,USA,United States,,
1,United States,39,41,33,113,2020,USA,United States,,
1,United States,40,44,42,126,2024,USA,United States,,
7,United Team of Germany,6,13,7,26,1956,EUA,United Team of Germany,,
4,United Team of Germany,12,19,11,42,1960,EUA,United Team of Germany,,
4,United Team of Germany,10,22,18,50,1964,EUA,United Team of Germany,,
19,Uruguay,1,0,0,1,1924,URU,Uruguay,,
24,Uruguay,1,0,0,1,1928,URU,Uruguay,,
26,Uruguay,0,0,1,1,1932,URU,Uruguay,,
26,Uruguay,0,1,1,2,1948,URU,Uruguay,,
37,Uruguay,0,0,2,2,1952,URU,Uruguay,,
35,Uruguay,0,0,1,1,1956,URU,Uruguay,,
35,Uruguay,0,0,1,1,1964,URU,Uruguay,,
64,Uruguay,0,1,0,1,2000,URU,Uruguay,,
58,Uzbekistan,0,1,1,2,1996,UZB,Uzbekistan,,
43,Uzbekistan,1,1,2,4,2000,UZB,Uzbekistan,,
35,Uzbekistan,2,1,2,5,2004,UZB,Uzbekistan,,
63,Uzbekistan,0,1,3,4,2008,UZB,Uzbekistan,,
76,Uzbekistan,0,0,3,3,2012,UZB,Uzbekistan,,
21,Uzbekistan,4,2,7,13,2016,UZB,Uzbekistan,,
32,Uzbekistan,3,0,2,5,2020,UZB,Uzbekistan,,
13,Uzbekistan,8,2,3,13,2024,UZB,Uzbekistan,,
40,Venezuela,0,0,1,1,1952,VEN,Venezuela,,
41,Venezuela,0,0,1,1,1960,VEN,Venezuela,,
29,Venezuela,1,0,0,1,1968,VEN,Venezuela,,
34,Venezuela,0,1,0,1,1976,VEN,Venezuela,,
32,Venezuela,0,1,0,1,1980,VEN,Venezuela,,
40,Venezuela,0,0,3,3,1984,VEN,Venezuela,,
68,Venezuela,0,0,2,2,2004,VEN,Venezuela,,
82,Venezuela,0,0,1,1,2008,VEN,Venezuela,,
50,Venezuela,1,0,0,1,2012,VEN,Venezuela,,
62,Venezuela,0,2,1,3,2016,VEN,Venezuela,,
46,Venezuela,1,3,0,4,2020,VEN,Venezuela,,
64,Vietnam,0,1,0,1,2000,VIE,Vietnam,,
72,Vietnam,0,1,0,1,2008,VIE,Vietnam,,
79,Vietnam,0,0,1,1,2012,VIE,Vietnam,,
48,Vietnam,1,1,0,2,2016,VIE,Vietnam,,
36,Virgin Islands,0,1,0,1,1988,ISV,Virgin Islands,,
8,West Germany,5,11,10,26,1968,FRG,West Germany,,
4,West Germany,13,11,16,40,1972,FRG,West Germany,,
4,West Germany,10,12,17,39,1976,FRG,West Germany,,
3,West Germany,17,19,23,59,1984,FRG,West Germany,,
5,West Germany,11,14,15,40,1988,FRG,West Germany,,
14,Yugoslavia,2,0,0,2,1924,YUG,Yugoslavia,,
21,Yugoslavia,1,1,3,5,1928,YUG,Yugoslavia,,
25,Yugoslavia,0,1,0,1,1936,YUG,Yugoslavia,,
24,Yugoslavia,0,2,0,2,1948,YUG,Yugoslavia,,
21,Yugoslavia,1,2,0,3,1952,YUG,Yugoslavia,,
26,Yugoslavia,0,3,0,3,1956,YUG,Yugoslavia,,
18,Yugoslavia,1,1,0,2,1960,YUG,Yugoslavia,,
19,Yugoslavia,2,1,2,5,1964,YUG,Yugoslavia,,
16,Yugoslavia,3,3,2,8,1968,YUG,Yugoslavia,,
20,Yugoslavia,2,1,2,5,1972,YUG,Yugoslavia,,
16,Yugoslavia,2,3,3,8,1976,YUG,Yugoslavia,,
14,Yugoslavia,2,3,4,9,1980,YUG,Yugoslavia,,
9,Yugoslavia,7,4,7,18,1984,YUG,Yugoslavia,,
16,Yugoslavia,3,4,5,12,1988,YUG,Yugoslavia,,
43,Zambia,0,0,1,1,1984,ZAM,Zambia,,
61,Zambia,0,1,0,1,1996,ZAM,Zambia,,
84,Zambia,0,0,1,1,2024,ZAM,Zambia,,
23,Zimbabwe,1,0,0,1,1980,ZIM,Zimbabwe,,
49,Zimbabwe,1,1,1,3,2004,ZIM,Zimbabwe,,
38,Zimbabwe,1,3,0,4,2008,ZIM,Zimbabwe,,
