NOC,Sport,Gold_Medals,Silver_Medals,Bronze_Medals,Total_Medals
AFG,Athletics,0,0,0,0
AFG,Boxing,0,0,0,0
AFG,Cycling Road,0,0,0,0
AFG,Football,0,0,0,0
AFG,Hockey,0,0,0,0
AFG,Judo,0,0,0,0
AFG,Shooting,0,0,0,0
AFG,Swimming,0,0,0,0
AFG,Taekwondo,0,0,2,2
AFG,Wrestling,0,0,0,0
AHO,Athletics,0,0,0,0
AHO,Equestrianism,0,0,0,0
AHO,Fencing,0,0,0,0
AHO,Football,0,0,0,0
AHO,Judo,0,0,0,0
AHO,Sailing,0,1,0,1
AHO,Shooting,0,0,0,0
AHO,Swimming,0,0,0,0
AHO,Synchronized Swimming,0,0,0,0
AHO,Triathlon,0,0,0,0
AHO,Weightlifting,0,0,0,0
AIN,Canoe Sprint,0,0,0,0
AIN,Cycling Road,0,0,0,0
AIN,Rowing,0,1,0,1
AIN,Shooting,0,0,0,0
AIN,Swimming,0,0,0,0
AIN,Taekwondo,0,0,0,0
AIN,Tennis,0,2,0,2
AIN,Trampoline Gymnastics,1,1,0,2
AIN,Weightlifting,0,0,1,1
AIN,Wrestling,0,0,0,0
ALB,Artistic Gymnastics,0,0,0,0
ALB,Athletics,0,0,0,0
ALB,Cycling,0,0,0,0
ALB,Judo,0,0,0,0
ALB,Shooting,0,0,0,0
ALB,Swimming,0,0,0,0
ALB,Weightlifting,0,0,0,0
ALB,Wrestling,0,0,2,2
ALG,Artistic Gymnastics,1,0,0,1
ALG,Athletics,4,3,3,10
ALG,Badminton,0,0,0,0
ALG,Boxing,2,0,5,7
ALG,Canoe Slalom,0,0,0,0
ALG,Canoe Sprint,0,0,0,0
ALG,Cycling,0,0,0,0
ALG,Cycling Road,0,0,0,0
ALG,Fencing,0,0,0,0
ALG,Football,0,0,0,0
ALG,Gymnastics,0,0,0,0
ALG,Handball,0,0,0,0
ALG,Judo,0,1,1,2
ALG,Karate,0,0,0,0
ALG,Marathon Swimming,0,0,0,0
ALG,Rowing,0,0,0,0
ALG,Sailing,0,0,0,0
ALG,Shooting,0,0,0,0
ALG,Swimming,0,0,0,0
ALG,Table Tennis,0,0,0,0
ALG,Taekwondo,0,0,0,0
ALG,Tennis,0,0,0,0
ALG,Trampolining,0,0,0,0
ALG,Volleyball,0,0,0,0
ALG,Weightlifting,0,0,0,0
ALG,Wrestling,0,0,0,0
AND,Athletics,0,0,0,0
AND,Boxing,0,0,0,0
AND,Canoe Slalom,0,0,0,0
AND,Canoeing,0,0,0,0
AND,Cycling,0,0,0,0
AND,Judo,0,0,0,0
AND,Sailing,0,0,0,0
AND,Shooting,0,0,0,0
AND,Swimming,0,0,0,0
ANG,Athletics,0,0,0,0
ANG,Basketball,0,0,0,0
ANG,Beach Volleyball,0,0,0,0
ANG,Boxing,0,0,0,0
ANG,Canoe Sprint,0,0,0,0
ANG,Canoeing,0,0,0,0
ANG,Handball,0,0,0,0
ANG,Judo,0,0,0,0
ANG,Rowing,0,0,0,0
ANG,Sailing,0,0,0,0
ANG,Shooting,0,0,0,0
ANG,Swimming,0,0,0,0
ANT,Athletics,0,0,0,0
ANT,Boxing,0,0,0,0
ANT,Canoeing,0,0,0,0
ANT,Cycling,0,0,0,0
ANT,Sailing,0,0,0,0
ANT,Swimming,0,0,0,0
ANZ,Athletics,0,0,1,1
ANZ,Boxing,0,1,0,1
ANZ,Diving,0,0,0,0
ANZ,Rowing,0,0,0,0
ANZ,Rugby,15,0,0,15
ANZ,Shooting,0,0,0,0
ANZ,Swimming,5,3,3,11
ANZ,Tennis,0,0,1,1
ARG,Archery,0,0,0,0
ARG,Art Competitions,0,0,0,0
ARG,Artistic Gymnastics,0,0,0,0
ARG,Athletics,2,3,0,5
ARG,Basketball,12,0,12,24
ARG,Beach Volleyball,0,0,0,0
ARG,Boxing,7,7,10,24
ARG,Canoe Slalom,0,0,0,0
ARG,Canoe Sprint,0,0,0,0
ARG,Canoeing,0,0,0,0
ARG,Cycling,2,0,0,2
ARG,Cycling BMX Freestyle,1,0,0,1
ARG,Cycling BMX Racing,0,0,0,0
ARG,Cycling Mountain Bike,0,0,0,0
ARG,Cycling Road,0,0,0,0
ARG,Diving,0,0,0,0
ARG,Equestrian,0,0,0,0
ARG,Equestrianism,0,1,0,1
ARG,Fencing,0,0,5,5
ARG,Figure Skating,0,0,0,0
ARG,Football,34,34,0,68
ARG,Golf,0,0,0,0
ARG,Gymnastics,0,0,0,0
ARG,Handball,0,0,0,0
ARG,Hockey,18,49,48,115
ARG,Judo,1,0,1,2
ARG,Marathon Swimming,0,0,0,0
ARG,Modern Pentathlon,0,0,0,0
ARG,Polo,9,0,0,9
ARG,Rowing,2,1,3,6
ARG,Rugby Sevens,0,0,13,13
ARG,Sailing,2,12,9,23
ARG,Shooting,0,1,0,1
ARG,Skateboarding,0,0,0,0
ARG,Surfing,0,0,0,0
ARG,Swimming,1,1,1,3
ARG,Synchronized Swimming,0,0,0,0
ARG,Table Tennis,0,0,0,0
ARG,Taekwondo,1,0,0,1
ARG,Tennis,0,2,5,7
ARG,Triathlon,0,0,0,0
ARG,Volleyball,0,0,24,24
ARG,Water Polo,0,0,0,0
ARG,Weightlifting,0,1,1,2
ARG,Wrestling,0,0,0,0
ARM,Artistic Gymnastics,0,1,1,2
ARM,Athletics,0,0,0,0
ARM,Boxing,0,0,2,2
ARM,Canoeing,0,0,0,0
ARM,Cycling,0,0,0,0
ARM,Diving,0,0,0,0
ARM,Gymnastics,0,0,0,0
ARM,Judo,0,0,0,0
ARM,Shooting,0,0,0,0
ARM,Swimming,0,0,0,0
ARM,Taekwondo,0,0,0,0
ARM,Tennis,0,0,0,0
ARM,Weightlifting,0,4,5,9
ARM,Wrestling,2,5,4,11
ARU,Athletics,0,0,0,0
ARU,Boxing,0,0,0,0
ARU,Cycling,0,0,0,0
ARU,Cycling BMX Racing,0,0,0,0
ARU,Fencing,0,0,0,0
ARU,Judo,0,0,0,0
ARU,Sailing,0,0,0,0
ARU,Shooting,0,0,0,0
ARU,Swimming,0,0,0,0
ARU,Synchronized Swimming,0,0,0,0
ARU,Taekwondo,0,0,0,0
ARU,Weightlifting,0,0,0,0
ASA,Archery,0,0,0,0
ASA,Athletics,0,0,0,0
ASA,Boxing,0,0,0,0
ASA,Judo,0,0,0,0
ASA,Sailing,0,0,0,0
ASA,Swimming,0,0,0,0
ASA,Weightlifting,0,0,0,0
ASA,Wrestling,0,0,0,0
AUS,3x3 Basketball,0,0,0,0
AUS,"3x3 Basketball, Basketball",0,0,0,0
AUS,Archery,1,0,4,5
AUS,Art Competitions,0,0,0,0
AUS,Artistic Gymnastics,0,0,0,0
AUS,Artistic Swimming,0,0,0,0
AUS,Athletics,25,40,35,100
AUS,Badminton,0,0,0,0
AUS,Baseball,0,24,0,24
AUS,Baseball/Softball,0,0,0,0
AUS,Basketball,0,36,47,83
AUS,Beach Volleyball,2,2,2,6
AUS,Boxing,0,1,6,7
AUS,Breaking,0,0,0,0
AUS,Canoe Slalom,4,0,1,5
AUS,Canoe Sprint,2,4,2,8
AUS,Canoeing,6,10,25,41
AUS,Cycling,26,29,29,84
AUS,Cycling BMX Freestyle,1,0,1,2
AUS,Cycling BMX Racing,1,0,0,1
AUS,Cycling Mountain Bike,0,0,0,0
AUS,Cycling Road,1,0,1,2
AUS,Cycling Track,5,2,11,18
AUS,Diving,3,5,14,22
AUS,Equestrian,0,5,1,6
AUS,Equestrianism,18,7,12,37
AUS,Fencing,0,0,0,0
AUS,Football,0,0,0,0
AUS,Golf,0,0,0,0
AUS,Gymnastics,0,0,0,0
AUS,Handball,0,0,0,0
AUS,Hockey,64,63,79,206
AUS,Judo,0,0,2,2
AUS,Karate,0,0,0,0
AUS,Marathon Swimming,0,0,1,1
AUS,"Marathon Swimming, Swimming",0,0,0,0
AUS,Modern Pentathlon,1,0,0,1
AUS,Rhythmic Gymnastics,0,0,0,0
AUS,Rowing,30,56,76,162
AUS,Rugby Sevens,12,0,0,12
AUS,Sailing,26,18,14,58
AUS,Shooting,5,1,6,12
AUS,Skateboarding,3,0,0,3
AUS,Softball,0,15,45,60
AUS,Sport Climbing,0,0,0,0
AUS,Surfing,0,1,1,2
AUS,Swimming,155,184,166,505
AUS,Synchronized Swimming,0,0,0,0
AUS,Table Tennis,0,0,0,0
AUS,Taekwondo,1,1,0,2
AUS,Tennis,4,2,8,14
AUS,Trampoline Gymnastics,0,0,0,0
AUS,Trampolining,0,1,0,1
AUS,Triathlon,1,2,2,5
AUS,Volleyball,0,0,0,0
AUS,Water Polo,13,13,26,52
AUS,Weightlifting,1,1,2,4
AUS,Wrestling,0,1,2,3
AUT,Archery,0,0,0,0
AUT,Art Competitions,3,3,4,10
AUT,Artistic Gymnastics,0,0,0,0
AUT,Artistic Swimming,0,0,0,0
AUT,Athletics,1,2,5,8
AUT,Badminton,0,0,0,0
AUT,Beach Volleyball,0,0,0,0
AUT,Boxing,0,0,0,0
AUT,Canoe Slalom,0,0,0,0
AUT,Canoe Sprint,0,0,0,0
AUT,Canoeing,4,7,10,21
AUT,Cycling,1,0,2,3
AUT,Cycling Mountain Bike,0,0,0,0
AUT,Cycling Road,1,0,0,1
AUT,Cycling Track,0,0,0,0
AUT,Diving,0,0,1,1
AUT,Equestrian,0,0,0,0
AUT,Equestrianism,1,4,1,6
AUT,Fencing,1,7,5,13
AUT,Football,0,13,0,13
AUT,Golf,0,0,0,0
AUT,Gymnastics,2,1,0,3
AUT,Handball,0,22,0,22
AUT,Hockey,0,0,0,0
AUT,Judo,2,3,3,8
AUT,Karate,0,0,1,1
AUT,Marathon Swimming,0,0,0,0
AUT,"Marathon Swimming, Swimming",0,0,0,0
AUT,Modern Pentathlon,0,0,0,0
AUT,Rhythmic Gymnastics,0,0,0,0
AUT,Rowing,0,5,5,10
AUT,Sailing,8,5,2,15
AUT,Shooting,1,2,5,8
AUT,Skateboarding,0,0,0,0
AUT,Sport Climbing,0,0,3,3
AUT,Swimming,2,6,9,17
AUT,Synchronized Swimming,0,0,0,0
AUT,Table Tennis,0,0,0,0
AUT,Taekwondo,0,0,0,0
AUT,Tennis,0,2,0,2
AUT,Trampoline Gymnastics,0,0,0,0
AUT,Triathlon,1,0,0,1
AUT,Tug-Of-War,0,0,0,0
AUT,Water Polo,0,0,0,0
AUT,Weightlifting,4,5,2,11
AUT,Wrestling,1,2,3,6
AZE,3x3 Basketball,0,0,0,0
AZE,Archery,0,0,0,0
AZE,Artistic Gymnastics,0,0,0,0
AZE,Athletics,0,0,0,0
AZE,Badminton,0,0,0,0
AZE,Boxing,0,2,8,10
AZE,Canoeing,0,1,1,2
AZE,Cycling,0,0,0,0
AZE,Cycling Road,0,0,0,0
AZE,Diving,0,0,0,0
AZE,Equestrianism,0,0,0,0
AZE,Fencing,0,0,0,0
AZE,Gymnastics,0,0,0,0
AZE,Judo,3,2,2,7
AZE,Karate,0,2,0,2
AZE,Rhythmic Gymnastics,0,0,0,0
AZE,Rowing,0,0,0,0
AZE,Shooting,1,0,2,3
AZE,Swimming,0,0,0,0
AZE,Taekwondo,1,1,2,4
AZE,Trampoline Gymnastics,0,0,0,0
AZE,Triathlon,0,0,0,0
AZE,Weightlifting,0,0,1,1
AZE,Wrestling,4,9,16,29
BAH,Athletics,14,11,13,38
BAH,Boxing,0,0,0,0
BAH,Cycling,0,0,0,0
BAH,Diving,0,0,0,0
BAH,Rowing,0,0,0,0
BAH,Sailing,2,0,2,4
BAH,Swimming,0,0,0,0
BAH,Tennis,0,0,0,0
BAH,Wrestling,0,0,0,0
BAN,Archery,0,0,0,0
BAN,Athletics,0,0,0,0
BAN,Golf,0,0,0,0
BAN,Gymnastics,0,0,0,0
BAN,Shooting,0,0,0,0
BAN,Swimming,0,0,0,0
BAR,Athletics,0,0,1,1
BAR,Boxing,0,0,0,0
BAR,Cycling,0,0,0,0
BAR,Diving,0,0,0,0
BAR,Gymnastics,0,0,0,0
BAR,Judo,0,0,0,0
BAR,Sailing,0,0,0,0
BAR,Shooting,0,0,0,0
BAR,Swimming,0,0,0,0
BAR,Synchronized Swimming,0,0,0,0
BAR,Tennis,0,0,0,0
BAR,Triathlon,0,0,0,0
BAR,Weightlifting,0,0,0,0
BDI,Athletics,1,1,0,2
BDI,Boxing,0,0,0,0
BDI,Judo,0,0,0,0
BDI,Swimming,0,0,0,0
BEL,3x3 Basketball,0,0,0,0
BEL,Archery,35,14,3,52
BEL,Art Competitions,2,1,5,8
BEL,Artistic Gymnastics,1,0,0,1
BEL,Athletics,6,11,4,21
BEL,Badminton,0,0,0,0
BEL,Basketball,0,0,0,0
BEL,Beach Volleyball,0,0,0,0
BEL,Boxing,1,1,2,4
BEL,Canoe Slalom,0,0,0,0
BEL,Canoe Sprint,0,0,0,0
BEL,Canoeing,0,0,0,0
BEL,Cycling,13,12,22,47
BEL,Cycling BMX Racing,0,0,0,0
BEL,Cycling Mountain Bike,0,0,0,0
BEL,Cycling Road,2,1,1,4
BEL,"Cycling Road, Cycling Track",0,0,0,0
BEL,Cycling Track,0,0,1,1
BEL,Diving,0,0,0,0
BEL,Equestrian,0,0,4,4
BEL,Equestrianism,7,5,11,23
BEL,Fencing,10,19,19,48
BEL,Figure Skating,0,0,0,0
BEL,Football,14,0,9,23
BEL,Golf,0,0,0,0
BEL,Gymnastics,0,24,24,48
BEL,Hockey,18,16,14,48
BEL,Ice Hockey,0,0,0,0
BEL,Judo,2,1,11,14
BEL,Modern Pentathlon,0,0,0,0
BEL,Polo,0,0,0,0
BEL,Rhythmic Gymnastics,0,0,0,0
BEL,Rowing,0,26,4,30
BEL,Sailing,4,8,7,19
BEL,Shooting,1,13,3,17
BEL,Skateboarding,0,0,0,0
BEL,Sport Climbing,0,0,0,0
BEL,Swimming,1,2,2,5
BEL,Synchronized Swimming,0,0,0,0
BEL,Table Tennis,0,0,0,0
BEL,Taekwondo,0,0,1,1
BEL,Tennis,1,0,2,3
BEL,Triathlon,0,0,0,0
BEL,Tug-Of-War,0,0,8,8
BEL,Volleyball,0,0,0,0
BEL,Water Polo,0,36,18,54
BEL,Weightlifting,1,2,1,4
BEL,Wrestling,0,3,1,4
BEN,Athletics,0,0,0,0
BEN,Boxing,0,0,0,0
BEN,Cycling,0,0,0,0
BEN,Fencing,0,0,0,0
BEN,Judo,0,0,0,0
BEN,Rowing,0,0,0,0
BEN,Swimming,0,0,0,0
BEN,Taekwondo,0,0,0,0
BEN,Tennis,0,0,0,0
BER,Athletics,0,0,0,0
BER,Boxing,0,0,1,1
BER,Cycling,0,0,0,0
BER,Diving,0,0,0,0
BER,Equestrianism,0,0,0,0
BER,Rowing,0,0,0,0
BER,Sailing,0,0,0,0
BER,Swimming,0,0,0,0
BER,Tennis,0,0,0,0
BER,Triathlon,1,0,0,1
BHU,Archery,0,0,0,0
BHU,Athletics,0,0,0,0
BHU,Judo,0,0,0,0
BHU,Shooting,0,0,0,0
BHU,Swimming,0,0,0,0
BIH,Athletics,0,0,0,0
BIH,Canoeing,0,0,0,0
BIH,Judo,0,0,0,0
BIH,Shooting,0,0,0,0
BIH,Swimming,0,0,0,0
BIH,Table Tennis,0,0,0,0
BIH,Taekwondo,0,0,0,0
BIH,Tennis,0,0,0,0
BIH,Weightlifting,0,0,0,0
BIH,Wrestling,0,0,0,0
BIZ,Athletics,0,0,0,0
BIZ,Boxing,0,0,0,0
BIZ,Canoe Sprint,0,0,0,0
BIZ,Cycling,0,0,0,0
BIZ,Judo,0,0,0,0
BIZ,Shooting,0,0,0,0
BIZ,Taekwondo,0,0,0,0
BIZ,Weightlifting,0,0,0,0
BLR,Archery,0,0,0,0
BLR,Artistic Gymnastics,0,0,0,0
BLR,Artistic Swimming,0,0,0,0
BLR,Athletics,4,6,8,18
BLR,Badminton,0,0,0,0
BLR,Basketball,0,0,0,0
BLR,Boxing,0,2,0,2
BLR,Canoe Sprint,0,4,0,4
BLR,Canoeing,6,4,12,22
BLR,Cycling,0,0,1,1
BLR,Cycling Road,0,0,0,0
BLR,Cycling Track,0,0,0,0
BLR,Diving,0,0,0,0
BLR,Equestrian,0,0,0,0
BLR,Equestrianism,0,0,0,0
BLR,Fencing,0,0,0,0
BLR,Football,0,0,0,0
BLR,Gymnastics,0,0,4,4
BLR,Judo,1,0,1,2
BLR,Modern Pentathlon,0,0,1,1
BLR,Rhythmic Gymnastics,0,14,8,22
BLR,Rowing,2,1,14,17
BLR,Sailing,0,0,0,0
BLR,Shooting,1,2,4,7
BLR,Swimming,0,2,1,3
BLR,Synchronized Swimming,0,0,0,0
BLR,Table Tennis,0,0,0,0
BLR,Tennis,2,0,1,3
BLR,Trampoline Gymnastics,1,0,0,1
BLR,Trampolining,1,0,0,1
BLR,Weightlifting,1,5,6,12
BLR,Wrestling,0,6,8,14
BOH,Art Competitions,0,0,0,0
BOH,Athletics,0,1,0,1
BOH,Cycling,0,0,0,0
BOH,Fencing,0,0,6,6
BOH,Gymnastics,0,0,0,0
BOH,Rowing,0,0,0,0
BOH,Shooting,0,0,0,0
BOH,Tennis,0,0,5,5
BOH,Wrestling,0,0,0,0
BOL,Art Competitions,0,0,0,0
BOL,Athletics,0,0,0,0
BOL,Boxing,0,0,0,0
BOL,Canoeing,0,0,0,0
BOL,Cycling,0,0,0,0
BOL,Diving,0,0,0,0
BOL,Equestrianism,0,0,0,0
BOL,Fencing,0,0,0,0
BOL,Gymnastics,0,0,0,0
BOL,Judo,0,0,0,0
BOL,Shooting,0,0,0,0
BOL,Swimming,0,0,0,0
BOL,Tennis,0,0,0,0
BOL,Weightlifting,0,0,0,0
BOL,Wrestling,0,0,0,0
BOT,Athletics,1,7,6,14
BOT,Boxing,0,0,0,0
BOT,Judo,0,0,0,0
BOT,Sailing,0,0,0,0
BOT,Swimming,0,0,0,0
BOT,Weightlifting,0,0,0,0
BRA,Archery,0,0,0,0
BRA,Art Competitions,0,0,0,0
BRA,Artistic Gymnastics,2,3,5,10
BRA,Athletics,5,8,17,30
BRA,Badminton,0,0,0,0
BRA,Basketball,0,12,46,58
BRA,Beach Volleyball,8,14,6,28
BRA,Boxing,2,2,5,9
BRA,Canoe Slalom,0,0,0,0
BRA,Canoe Sprint,1,1,0,2
BRA,Canoeing,0,3,1,4
BRA,Cycling,0,0,0,0
BRA,Cycling BMX Freestyle,0,0,0,0
BRA,Cycling BMX Racing,0,0,0,0
BRA,Cycling Mountain Bike,0,0,0,0
BRA,Cycling Road,0,0,0,0
BRA,Diving,0,0,0,0
BRA,Equestrian,0,0,0,0
BRA,Equestrianism,1,0,8,9
BRA,Fencing,0,0,0,0
BRA,Football,39,107,34,180
BRA,Golf,0,0,0,0
BRA,Gymnastics,1,2,1,4
BRA,Handball,0,0,0,0
BRA,Hockey,0,0,0,0
BRA,Judo,5,4,28,37
BRA,Marathon Swimming,1,0,0,1
BRA,"Marathon Swimming, Swimming",0,0,0,0
BRA,Modern Pentathlon,0,0,1,1
BRA,Rhythmic Gymnastics,0,0,0,0
BRA,Rowing,0,0,0,0
BRA,Rugby Sevens,0,0,0,0
BRA,Sailing,14,6,16,36
BRA,Shooting,1,2,5,8
BRA,Skateboarding,0,3,2,5
BRA,Surfing,1,1,1,3
BRA,Swimming,1,4,17,22
BRA,Synchronized Swimming,0,0,0,0
BRA,Table Tennis,0,0,0,0
BRA,Taekwondo,0,0,3,3
BRA,Tennis,0,0,2,2
BRA,Trampoline Gymnastics,0,0,0,0
BRA,Trampolining,0,0,0,0
BRA,Triathlon,0,0,0,0
BRA,Volleyball,60,48,37,145
BRA,Water Polo,0,0,0,0
BRA,Weightlifting,0,0,0,0
BRA,Wrestling,0,0,0,0
BRN,Athletics,2,3,1,6
BRN,Boxing,0,0,0,0
BRN,Cycling,0,0,0,0
BRN,Fencing,0,0,0,0
BRN,Handball,0,0,0,0
BRN,Judo,0,0,0,0
BRN,Modern Pentathlon,0,0,0,0
BRN,Sailing,0,0,0,0
BRN,Shooting,0,0,0,0
BRN,Swimming,0,0,0,0
BRN,Weightlifting,0,0,1,1
BRN,Wrestling,1,0,0,1
BRU,Athletics,0,0,0,0
BRU,Badminton,0,0,0,0
BRU,Shooting,0,0,0,0
BRU,Swimming,0,0,0,0
BUL,Archery,0,0,0,0
BUL,Art Competitions,0,0,0,0
BUL,Artistic Gymnastics,0,0,0,0
BUL,Athletics,5,8,6,19
BUL,Badminton,0,0,0,0
BUL,Basketball,0,12,12,24
BUL,Beach Volleyball,0,0,0,0
BUL,Boxing,5,5,10,20
BUL,Canoe Sprint,0,0,0,0
BUL,Canoeing,4,6,18,28
BUL,Cycling,0,0,0,0
BUL,Diving,0,0,0,0
BUL,Equestrianism,0,3,0,3
BUL,Fencing,0,0,0,0
BUL,Football,0,18,14,32
BUL,Gymnastics,2,2,6,10
BUL,Judo,0,1,2,3
BUL,Karate,1,0,0,1
BUL,Modern Pentathlon,0,0,0,0
BUL,Rhythmic Gymnastics,5,8,11,24
BUL,Rowing,5,13,16,34
BUL,Sailing,0,0,0,0
BUL,Shooting,4,7,6,17
BUL,Swimming,1,1,1,3
BUL,Synchronized Swimming,0,0,0,0
BUL,Table Tennis,0,0,0,0
BUL,Taekwondo,0,0,1,1
BUL,Tennis,0,0,1,1
BUL,Volleyball,0,12,10,22
BUL,Water Polo,0,0,0,0
BUL,Weightlifting,13,16,9,38
BUL,Wrestling,18,32,23,73
BUR,Athletics,0,0,1,1
BUR,Boxing,0,0,0,0
BUR,Cycling Road,0,0,0,0
BUR,Fencing,0,0,0,0
BUR,Judo,0,0,0,0
BUR,Swimming,0,0,0,0
BUR,Taekwondo,0,0,0,0
CAF,Archery,0,0,0,0
CAF,Athletics,0,0,0,0
CAF,Basketball,0,0,0,0
CAF,Boxing,0,0,0,0
CAF,Cycling,0,0,0,0
CAF,Judo,0,0,0,0
CAF,Swimming,0,0,0,0
CAF,Taekwondo,0,0,0,0
CAF,Wrestling,0,0,0,0
CAM,Athletics,0,0,0,0
CAM,Boxing,0,0,0,0
CAM,Cycling,0,0,0,0
CAM,Equestrianism,0,0,0,0
CAM,Judo,0,0,0,0
CAM,Sailing,0,0,0,0
CAM,Swimming,0,0,0,0
CAM,Taekwondo,0,0,0,0
CAM,Wrestling,0,0,0,0
CAN,3x3 Basketball,0,0,0,0
CAN,Archery,0,0,0,0
CAN,Art Competitions,0,1,1,2
CAN,Artistic Gymnastics,0,0,0,0
CAN,Artistic Swimming,0,0,0,0
CAN,Athletics,32,28,60,120
CAN,Badminton,0,0,0,0
CAN,Baseball,0,0,0,0
CAN,Baseball/Softball,0,0,15,15
CAN,Basketball,0,9,0,9
CAN,Beach Volleyball,0,2,2,4
CAN,Boxing,3,7,8,18
CAN,Breaking,1,0,0,1
CAN,Canoe Slalom,0,0,0,0
CAN,Canoe Sprint,1,1,4,6
CAN,Canoeing,5,13,15,33
CAN,Cycling,1,5,17,23
CAN,Cycling BMX Freestyle,0,0,0,0
CAN,Cycling BMX Racing,0,0,0,0
CAN,Cycling Mountain Bike,0,0,0,0
CAN,Cycling Road,0,0,0,0
CAN,Cycling Track,1,0,1,2
CAN,Diving,1,7,14,22
CAN,Equestrian,0,0,0,0
CAN,Equestrianism,4,5,8,17
CAN,Fencing,0,0,1,1
CAN,Football,35,0,36,71
CAN,Golf,1,0,0,1
CAN,Gymnastics,1,0,0,1
CAN,Handball,0,0,0,0
CAN,Hockey,0,0,0,0
CAN,Ice Hockey,8,0,0,8
CAN,Judo,1,2,5,8
CAN,Karate,0,0,0,0
CAN,Lacrosse,24,0,12,36
CAN,Marathon Swimming,0,0,0,0
CAN,Modern Pentathlon,0,0,0,0
CAN,Rhythmic Gymnastics,1,0,0,1
CAN,Rowing,59,99,65,223
CAN,Rugby Sevens,0,14,12,26
CAN,Sailing,0,10,15,25
CAN,Shooting,4,13,7,24
CAN,Skateboarding,0,0,0,0
CAN,Softball,0,0,0,0
CAN,Sport Climbing,0,0,0,0
CAN,Surfing,0,0,0,0
CAN,Swimming,12,34,75,121
CAN,Synchronized Swimming,4,14,8,26
CAN,Table Tennis,0,0,0,0
CAN,Taekwondo,0,1,2,3
CAN,Tennis,2,0,2,4
CAN,Trampoline Gymnastics,0,0,1,1
CAN,Trampolining,2,3,2,7
CAN,Triathlon,1,1,0,2
CAN,Volleyball,0,0,0,0
CAN,Water Polo,0,0,0,0
CAN,Weightlifting,1,3,1,5
CAN,Wrestling,3,7,7,17
CAY,Artistic Gymnastics,0,0,0,0
CAY,Athletics,0,0,0,0
CAY,Cycling,0,0,0,0
CAY,Sailing,0,0,0,0
CAY,Swimming,0,0,0,0
CGO,Athletics,0,0,0,0
CGO,Boxing,0,0,0,0
CGO,Fencing,0,0,0,0
CGO,Handball,0,0,0,0
CGO,Judo,0,0,0,0
CGO,Swimming,0,0,0,0
CGO,Table Tennis,0,0,0,0
CHA,Archery,0,0,0,0
CHA,Athletics,0,0,0,0
CHA,Boxing,0,0,0,0
CHA,Judo,0,0,0,0
CHI,Archery,0,0,0,0
CHI,Artistic Gymnastics,0,0,0,0
CHI,Athletics,0,2,0,2
CHI,Basketball,0,0,0,0
CHI,Beach Volleyball,0,0,0,0
CHI,Boxing,0,1,2,3
CHI,Canoe Sprint,0,0,0,0
CHI,Canoeing,0,0,0,0
CHI,Cycling,0,0,0,0
CHI,Cycling BMX Freestyle,0,0,0,0
CHI,Cycling BMX Racing,0,0,0,0
CHI,Cycling Mountain Bike,0,0,0,0
CHI,Cycling Road,0,0,0,0
CHI,Diving,0,0,0,0
CHI,Equestrian,0,0,0,0
CHI,Equestrianism,0,4,0,4
CHI,Fencing,0,0,0,0
CHI,Football,0,0,17,17
CHI,Golf,0,0,0,0
CHI,Gymnastics,0,0,0,0
CHI,Judo,0,0,0,0
CHI,Modern Pentathlon,0,0,0,0
CHI,Rowing,0,0,0,0
CHI,Sailing,0,0,0,0
CHI,Shooting,1,1,0,2
CHI,Skateboarding,0,0,0,0
CHI,Surfing,0,0,0,0
CHI,Swimming,0,0,0,0
CHI,Table Tennis,0,0,0,0
CHI,Taekwondo,0,0,0,0
CHI,Tennis,3,1,1,5
CHI,Triathlon,0,0,0,0
CHI,Water Polo,0,0,0,0
CHI,Weightlifting,0,0,0,0
CHI,Wrestling,0,1,0,1
CHN,3x3 Basketball,0,0,4,4
CHN,Archery,1,17,4,22
CHN,Art Competitions,0,0,0,0
CHN,Artistic Gymnastics,5,12,7,24
CHN,Artistic Swimming,11,10,0,21
CHN,Athletics,11,8,17,36
CHN,Badminton,35,25,23,83
CHN,Baseball,0,0,0,0
CHN,Basketball,0,11,12,23
CHN,Beach Volleyball,0,2,2,4
CHN,Boxing,6,7,6,19
CHN,Breaking,0,0,1,1
CHN,Canoe Slalom,0,0,0,0
CHN,Canoe Sprint,6,3,0,9
CHN,Canoeing,4,0,0,4
CHN,Cycling,2,4,3,9
CHN,Cycling BMX Freestyle,1,0,0,1
CHN,Cycling Mountain Bike,0,0,0,0
CHN,Cycling Road,0,0,0,0
CHN,Cycling Track,3,0,0,3
CHN,Diving,78,29,12,119
CHN,Equestrian,0,0,0,0
CHN,Equestrianism,0,0,0,0
CHN,Fencing,8,18,5,31
CHN,Football,0,15,0,15
CHN,Golf,0,0,2,2
CHN,Gymnastics,45,34,30,109
CHN,Handball,0,0,13,13
CHN,Hockey,0,33,0,33
CHN,Judo,8,3,12,23
CHN,Karate,0,1,1,2
CHN,Marathon Swimming,0,0,0,0
CHN,Modern Pentathlon,0,1,0,1
CHN,Rhythmic Gymnastics,5,6,0,11
CHN,Rowing,8,11,25,44
CHN,Rugby Sevens,0,0,0,0
CHN,Sailing,3,3,2,8
CHN,Shooting,34,18,29,81
CHN,Skateboarding,0,0,0,0
CHN,Softball,0,15,0,15
CHN,Sport Climbing,0,2,0,2
CHN,Surfing,0,0,0,0
CHN,Swimming,27,47,46,120
CHN,Synchronized Swimming,0,20,11,31
CHN,Table Tennis,67,28,9,104
CHN,Taekwondo,7,2,4,13
CHN,Tennis,3,2,2,7
CHN,Trampoline Gymnastics,1,3,1,5
CHN,Trampolining,3,2,6,11
CHN,Triathlon,0,0,0,0
CHN,Volleyball,34,9,23,66
CHN,Water Polo,0,0,0,0
CHN,Weightlifting,46,16,8,70
CHN,Wrestling,2,6,11,19
CIV,Archery,0,0,0,0
CIV,Athletics,0,1,0,1
CIV,Boxing,0,0,0,0
CIV,Canoeing,0,0,0,0
CIV,Fencing,0,0,0,0
CIV,Football,0,0,0,0
CIV,Handball,0,0,0,0
CIV,Judo,0,0,0,0
CIV,Rowing,0,0,0,0
CIV,Swimming,0,0,0,0
CIV,Taekwondo,1,0,3,4
CIV,Tennis,0,0,0,0
CIV,Wrestling,0,0,0,0
CMR,Athletics,2,0,0,2
CMR,Boxing,0,1,1,2
CMR,Cycling,0,0,0,0
CMR,Football,18,0,0,18
CMR,Judo,0,0,0,0
CMR,Rowing,0,0,0,0
CMR,Swimming,0,0,0,0
CMR,Table Tennis,0,0,0,0
CMR,Volleyball,0,0,0,0
CMR,Weightlifting,0,0,0,0
CMR,Wrestling,0,0,0,0
COD,Athletics,0,0,0,0
COD,Basketball,0,0,0,0
COD,Boxing,0,0,0,0
COD,Cycling,0,0,0,0
COD,Judo,0,0,0,0
COD,Swimming,0,0,0,0
COD,Table Tennis,0,0,0,0
COD,Taekwondo,0,0,0,0
COK,Athletics,0,0,0,0
COK,Boxing,0,0,0,0
COK,Canoe Slalom,0,0,0,0
COK,Canoe Sprint,0,0,0,0
COK,Canoeing,0,0,0,0
COK,Sailing,0,0,0,0
COK,Swimming,0,0,0,0
COK,Weightlifting,0,0,0,0
COL,Archery,0,0,0,0
COL,Art Competitions,0,0,0,0
COL,Artistic Gymnastics,0,1,0,1
COL,Artistic Swimming,0,0,0,0
COL,Athletics,1,3,1,5
COL,Boxing,0,1,4,5
COL,Canoe Sprint,0,0,0,0
COL,Cycling,2,1,3,6
COL,Cycling BMX Freestyle,0,0,0,0
COL,Cycling BMX Racing,0,1,1,2
COL,Cycling Mountain Bike,0,0,0,0
COL,Cycling Road,0,0,0,0
COL,Cycling Track,0,0,0,0
COL,Diving,0,0,0,0
COL,Equestrian,0,0,0,0
COL,Equestrianism,0,0,0,0
COL,Fencing,0,0,0,0
COL,Football,0,0,0,0
COL,Golf,0,0,0,0
COL,Gymnastics,0,0,0,0
COL,Judo,0,1,1,2
COL,Rowing,0,0,0,0
COL,Rugby Sevens,0,0,0,0
COL,Sailing,0,0,0,0
COL,Shooting,0,2,0,2
COL,Skateboarding,0,0,0,0
COL,Swimming,0,0,0,0
COL,Synchronized Swimming,0,0,0,0
COL,Table Tennis,0,0,0,0
COL,Taekwondo,0,0,1,1
COL,Tennis,0,0,0,0
COL,Trampoline Gymnastics,0,0,0,0
COL,Triathlon,0,0,0,0
COL,Tug-Of-War,0,1,0,1
COL,Weightlifting,2,5,2,9
COL,Wrestling,0,0,3,3
COM,Athletics,0,0,0,0
COM,Canoe Slalom,0,0,0,0
COM,Judo,0,0,0,0
COM,Swimming,0,0,0,0
COM,Weightlifting,0,0,0,0
CPV,Athletics,0,0,0,0
CPV,Boxing,0,0,1,1
CPV,Fencing,0,0,0,0
CPV,Judo,0,0,0,0
CPV,Rhythmic Gymnastics,0,0,0,0
CPV,Swimming,0,0,0,0
CPV,Taekwondo,0,0,0,0
CRC,Archery,0,0,0,0
CRC,Artistic Gymnastics,0,0,0,0
CRC,Athletics,0,0,0,0
CRC,Beach Volleyball,0,0,0,0
CRC,Boxing,0,0,0,0
CRC,Canoeing,0,0,0,0
CRC,Cycling,0,0,0,0
CRC,Cycling BMX Freestyle,0,0,0,0
CRC,Cycling Road,0,0,0,0
CRC,Diving,0,0,0,0
CRC,Fencing,0,0,0,0
CRC,Football,0,0,0,0
CRC,Judo,0,0,0,0
CRC,Shooting,0,0,0,0
CRC,Surfing,0,0,0,0
CRC,Swimming,1,1,2,4
CRC,Taekwondo,0,0,0,0
CRC,Tennis,0,0,0,0
CRC,Triathlon,0,0,0,0
CRC,Weightlifting,0,0,0,0
CRO,Artistic Gymnastics,0,1,0,1
CRO,Athletics,3,1,2,6
CRO,Basketball,0,12,0,12
CRO,Boxing,0,0,1,1
CRO,Canoe Slalom,0,0,0,0
CRO,Canoe Sprint,0,0,0,0
CRO,Canoeing,0,0,0,0
CRO,Cycling,0,0,0,0
CRO,Cycling BMX Freestyle,0,0,0,0
CRO,Cycling Road,0,0,0,0
CRO,Diving,0,0,0,0
CRO,Equestrianism,0,0,0,0
CRO,Fencing,0,0,0,0
CRO,Gymnastics,0,1,0,1
CRO,Handball,31,0,15,46
CRO,Judo,1,0,0,1
CRO,Karate,0,0,0,0
CRO,Rowing,6,7,10,23
CRO,Sailing,2,2,0,4
CRO,Shooting,2,0,2,4
CRO,Swimming,0,1,0,1
CRO,Table Tennis,0,0,0,0
CRO,Taekwondo,1,0,5,6
CRO,Tennis,2,3,5,10
CRO,Volleyball,0,0,0,0
CRO,Water Polo,13,38,0,51
CRO,Weightlifting,1,0,1,2
CRO,Wrestling,0,0,0,0
CRT,Athletics,0,0,0,0
CRT,Shooting,0,0,0,0
CUB,Archery,0,0,0,0
CUB,Art Competitions,0,0,0,0
CUB,Artistic Gymnastics,0,0,0,0
CUB,Athletics,10,24,27,61
CUB,Badminton,0,0,0,0
CUB,Baseball,64,48,0,112
CUB,Basketball,0,0,12,12
CUB,Beach Volleyball,0,0,0,0
CUB,Boxing,42,19,19,80
CUB,Canoe Sprint,2,0,1,3
CUB,Canoeing,0,5,0,5
CUB,Cycling,0,1,0,1
CUB,Cycling Road,0,0,0,0
CUB,Diving,0,0,0,0
CUB,Fencing,6,7,7,20
CUB,Football,0,0,0,0
CUB,Gymnastics,0,0,0,0
CUB,Handball,0,0,0,0
CUB,Hockey,0,0,0,0
CUB,Judo,6,15,16,37
CUB,Modern Pentathlon,0,0,0,0
CUB,Rowing,0,0,0,0
CUB,Sailing,0,2,0,2
CUB,Shooting,1,1,3,5
CUB,Softball,0,0,0,0
CUB,Swimming,0,1,1,2
CUB,Synchronized Swimming,0,0,0,0
CUB,Table Tennis,0,0,0,0
CUB,Taekwondo,1,2,4,7
CUB,Volleyball,28,0,24,52
CUB,Water Polo,0,0,0,0
CUB,Weightlifting,2,1,2,5
CUB,Wrestling,12,7,11,30
CYP,Archery,0,0,0,0
CYP,Artistic Gymnastics,0,0,0,0
CYP,Athletics,0,0,0,0
CYP,Cycling,0,0,0,0
CYP,Cycling Road,0,0,0,0
CYP,Fencing,0,0,0,0
CYP,Gymnastics,0,0,0,0
CYP,Judo,0,0,0,0
CYP,Rhythmic Gymnastics,0,0,0,0
CYP,Sailing,0,2,0,2
CYP,Shooting,0,0,0,0
CYP,Swimming,0,0,0,0
CYP,Tennis,0,0,0,0
CYP,Weightlifting,0,0,0,0
CYP,Wrestling,0,0,0,0
CZE,Archery,0,0,0,0
CZE,Artistic Gymnastics,0,0,0,0
CZE,Athletics,5,2,8,15
CZE,Badminton,0,0,0,0
CZE,Basketball,0,0,0,0
CZE,Beach Volleyball,0,0,0,0
CZE,Boxing,0,1,0,1
CZE,Canoe Slalom,1,1,0,2
CZE,Canoe Sprint,2,0,2,4
CZE,Canoeing,4,7,13,24
CZE,Cycling,1,1,0,2
CZE,Cycling BMX Freestyle,0,0,0,0
CZE,Cycling Mountain Bike,0,0,0,0
CZE,Cycling Road,0,0,0,0
CZE,Cycling Track,0,0,0,0
CZE,Diving,0,0,0,0
CZE,Equestrian,0,0,0,0
CZE,Equestrianism,0,0,0,0
CZE,Fencing,0,0,5,5
CZE,Football,0,0,0,0
CZE,Golf,0,0,0,0
CZE,Gymnastics,0,0,0,0
CZE,Judo,2,0,0,2
CZE,Marathon Swimming,0,0,0,0
CZE,Modern Pentathlon,1,0,1,2
CZE,Rhythmic Gymnastics,0,0,0,0
CZE,Rowing,1,6,1,8
CZE,Sailing,0,1,0,1
CZE,Shooting,3,4,4,11
CZE,Sport Climbing,0,0,0,0
CZE,Swimming,0,0,0,0
CZE,Synchronized Swimming,0,0,0,0
CZE,Table Tennis,0,0,0,0
CZE,Taekwondo,0,0,0,0
CZE,Tennis,4,5,6,15
CZE,Trampolining,0,0,0,0
CZE,Triathlon,0,0,1,1
CZE,Weightlifting,0,0,0,0
CZE,Wrestling,0,0,0,0
DEN,Archery,0,0,0,0
DEN,Art Competitions,0,5,4,9
DEN,Athletics,0,4,3,7
DEN,Badminton,3,5,6,14
DEN,Boxing,1,5,6,12
DEN,Canoe Sprint,0,0,3,3
DEN,Canoeing,4,9,9,22
DEN,Cycling,14,16,22,52
DEN,Cycling BMX Racing,0,0,0,0
DEN,Cycling Mountain Bike,0,0,0,0
DEN,Cycling Road,0,0,0,0
DEN,"Cycling Road, Cycling Track",0,0,0,0
DEN,Cycling Track,2,8,1,11
DEN,Diving,1,0,1,2
DEN,Equestrian,0,4,0,4
DEN,Equestrianism,0,4,4,8
DEN,Fencing,1,2,3,6
DEN,Football,12,40,13,65
DEN,Golf,0,0,0,0
DEN,Gymnastics,20,71,20,111
DEN,Handball,75,15,15,105
DEN,Hockey,0,12,0,12
DEN,Judo,0,0,0,0
DEN,Modern Pentathlon,0,0,0,0
DEN,Rhythmic Gymnastics,0,0,0,0
DEN,Rowing,26,13,42,81
DEN,Sailing,25,25,18,68
DEN,Shooting,7,11,10,28
DEN,Skateboarding,0,0,0,0
DEN,Swimming,3,9,10,22
DEN,Table Tennis,0,0,2,2
DEN,Taekwondo,0,0,1,1
DEN,Tennis,0,1,0,1
DEN,Trampolining,0,0,0,0
DEN,Triathlon,0,0,0,0
DEN,Tug-Of-War,3,0,0,3
DEN,Weightlifting,1,2,0,3
DEN,Wrestling,2,4,8,14
DJI,Athletics,0,0,1,1
DJI,Judo,0,0,0,0
DJI,Sailing,0,0,0,0
DJI,Swimming,0,0,0,0
DJI,Table Tennis,0,0,0,0
DMA,Athletics,1,0,0,1
DMA,Swimming,0,0,0,0
DOM,Archery,0,0,0,0
DOM,Artistic Gymnastics,0,0,0,0
DOM,Athletics,3,7,0,10
DOM,Baseball,0,0,0,0
DOM,Baseball/Softball,0,0,24,24
DOM,Boxing,1,0,3,4
DOM,Cycling,0,0,0,0
DOM,Diving,0,0,0,0
DOM,Equestrian,0,0,0,0
DOM,Equestrianism,0,0,0,0
DOM,Football,0,0,0,0
DOM,Gymnastics,0,0,0,0
DOM,Judo,0,0,0,0
DOM,Rowing,0,0,0,0
DOM,Sailing,0,0,0,0
DOM,Shooting,0,0,0,0
DOM,Swimming,0,0,0,0
DOM,Synchronized Swimming,0,0,0,0
DOM,Table Tennis,0,0,0,0
DOM,Taekwondo,0,1,1,2
DOM,Tennis,0,0,0,0
DOM,Volleyball,0,0,0,0
DOM,Weightlifting,0,1,1,2
DOM,Wrestling,0,0,0,0
ECU,Archery,0,0,0,0
ECU,Athletics,2,3,0,5
ECU,Boxing,0,0,0,0
ECU,Canoeing,0,0,0,0
ECU,Cycling,0,0,0,0
ECU,Cycling BMX Racing,0,0,0,0
ECU,Cycling Road,1,0,0,1
ECU,Diving,0,0,0,0
ECU,Equestrian,0,0,0,0
ECU,Equestrianism,0,0,0,0
ECU,Golf,0,0,0,0
ECU,Gymnastics,0,0,0,0
ECU,Judo,0,0,0,0
ECU,Marathon Swimming,0,0,0,0
ECU,Modern Pentathlon,0,0,0,0
ECU,Rowing,0,0,0,0
ECU,Sailing,0,0,0,0
ECU,Shooting,0,0,0,0
ECU,Surfing,0,0,0,0
ECU,Swimming,0,0,0,0
ECU,Table Tennis,0,0,0,0
ECU,Taekwondo,0,0,0,0
ECU,Tennis,0,0,0,0
ECU,Triathlon,0,0,0,0
ECU,Weightlifting,1,1,2,4
ECU,Wrestling,0,1,0,1
EGY,Archery,0,0,0,0
EGY,Art Competitions,0,0,0,0
EGY,Artistic Gymnastics,0,0,0,0
EGY,Artistic Swimming,0,0,0,0
EGY,Athletics,0,0,0,0
EGY,Badminton,0,0,0,0
EGY,Basketball,0,0,0,0
EGY,Beach Volleyball,0,0,0,0
EGY,Boxing,0,1,2,3
EGY,Canoe Sprint,0,0,0,0
EGY,Canoeing,0,0,0,0
EGY,Cycling,0,0,0,0
EGY,Cycling Track,0,0,0,0
EGY,Diving,0,1,1,2
EGY,Equestrian,0,0,0,0
EGY,Equestrianism,0,0,0,0
EGY,Fencing,0,1,1,2
EGY,Football,0,0,0,0
EGY,Gymnastics,0,0,0,0
EGY,Handball,0,0,0,0
EGY,Hockey,0,0,0,0
EGY,Judo,0,1,1,2
EGY,Karate,1,0,1,2
EGY,Modern Pentathlon,1,1,0,2
EGY,Rhythmic Gymnastics,0,0,0,0
EGY,Rowing,0,0,0,0
EGY,Sailing,0,0,0,0
EGY,Shooting,0,0,0,0
EGY,Swimming,0,0,0,0
EGY,Synchronized Swimming,0,0,0,0
EGY,Table Tennis,0,0,0,0
EGY,Taekwondo,0,0,4,4
EGY,Tennis,0,0,0,0
EGY,Trampoline Gymnastics,0,0,0,0
EGY,Triathlon,0,0,0,0
EGY,Volleyball,0,0,0,0
EGY,Water Polo,0,0,0,0
EGY,Weightlifting,5,3,4,12
EGY,Wrestling,2,2,3,7
EOR,Athletics,0,0,0,0
EOR,Badminton,0,0,0,0
EOR,Boxing,0,0,1,1
EOR,Breaking,0,0,0,0
EOR,Canoe Slalom,0,0,0,0
EOR,Canoe Sprint,0,0,0,0
EOR,Cycling Road,0,0,0,0
EOR,Judo,0,0,0,0
EOR,Karate,0,0,0,0
EOR,Shooting,0,0,0,0
EOR,Swimming,0,0,0,0
EOR,Taekwondo,0,0,0,0
EOR,Weightlifting,0,0,0,0
EOR,Wrestling,0,0,0,0
ERI,Athletics,0,0,1,1
ERI,Cycling,0,0,0,0
ERI,Cycling Road,0,0,0,0
ERI,Swimming,0,0,0,0
ESA,Archery,0,0,0,0
ESA,Art Competitions,0,0,0,0
ESA,Athletics,0,0,0,0
ESA,Badminton,0,0,0,0
ESA,Boxing,0,0,0,0
ESA,Cycling,0,0,0,0
ESA,Football,0,0,0,0
ESA,Judo,0,0,0,0
ESA,Rowing,0,0,0,0
ESA,Sailing,0,0,0,0
ESA,Shooting,0,0,0,0
ESA,Surfing,0,0,0,0
ESA,Swimming,0,0,0,0
ESA,Tennis,0,0,0,0
ESA,Weightlifting,0,0,0,0
ESA,Wrestling,0,0,0,0
ESP,3x3 Basketball,0,4,0,4
ESP,Archery,3,0,0,3
ESP,Art Competitions,0,0,0,0
ESP,Artistic Gymnastics,0,1,0,1
ESP,Artistic Swimming,0,0,9,9
ESP,Athletics,6,6,8,20
ESP,Badminton,1,0,0,1
ESP,Baseball,0,0,0,0
ESP,Basketball,0,48,12,60
ESP,Basque Pelota,2,0,0,2
ESP,Beach Volleyball,0,2,0,2
ESP,Boxing,0,3,3,6
ESP,Canoe Slalom,0,1,1,2
ESP,Canoe Sprint,0,5,6,11
ESP,Canoeing,7,11,6,24
ESP,Cycling,5,6,8,19
ESP,Cycling Mountain Bike,0,0,1,1
ESP,Cycling Road,0,0,0,0
ESP,Cycling Track,0,0,0,0
ESP,Diving,0,0,0,0
ESP,Equestrian,0,0,0,0
ESP,Equestrianism,3,7,1,11
ESP,Fencing,0,0,1,1
ESP,Football,39,57,0,96
ESP,Golf,0,0,0,0
ESP,Gymnastics,2,1,1,4
ESP,Handball,0,0,91,91
ESP,Hockey,15,48,14,77
ESP,Judo,3,1,3,7
ESP,Karate,1,1,0,2
ESP,Marathon Swimming,0,0,0,0
ESP,"Marathon Swimming, Swimming",0,0,0,0
ESP,Modern Pentathlon,0,0,0,0
ESP,Polo,0,5,0,5
ESP,Rhythmic Gymnastics,6,6,0,12
ESP,Rowing,0,2,0,2
ESP,Rugby Sevens,0,0,0,0
ESP,Sailing,26,8,4,38
ESP,Shooting,2,2,1,5
ESP,Skateboarding,0,0,0,0
ESP,Sport Climbing,1,0,0,1
ESP,Surfing,0,0,0,0
ESP,Swimming,2,2,4,8
ESP,Synchronized Swimming,0,12,8,20
ESP,Table Tennis,0,0,0,0
ESP,Taekwondo,1,5,1,7
ESP,Tennis,3,12,8,23
ESP,Trampoline Gymnastics,0,0,0,0
ESP,Triathlon,0,1,0,1
ESP,Volleyball,0,0,0,0
ESP,Water Polo,25,37,0,62
ESP,Weightlifting,0,0,1,1
ESP,Wrestling,0,0,1,1
EST,Archery,0,0,0,0
EST,Athletics,2,1,3,6
EST,Badminton,0,0,0,0
EST,Basketball,0,0,0,0
EST,Beach Volleyball,0,0,0,0
EST,Boxing,0,1,0,1
EST,Canoeing,0,0,0,0
EST,Cycling,1,0,0,1
EST,Cycling Mountain Bike,0,0,0,0
EST,Cycling Road,0,0,0,0
EST,Equestrian,0,0,0,0
EST,Fencing,4,0,1,5
EST,Football,0,0,0,0
EST,Judo,0,0,3,3
EST,Modern Pentathlon,0,0,0,0
EST,Rhythmic Gymnastics,0,0,0,0
EST,Rowing,0,3,4,7
EST,Sailing,0,0,7,7
EST,Shooting,0,0,0,0
EST,Swimming,0,0,0,0
EST,Table Tennis,0,0,0,0
EST,Tennis,0,0,0,0
EST,Triathlon,0,0,0,0
EST,Weightlifting,1,3,3,7
EST,Wrestling,5,2,4,11
ETH,Athletics,24,13,24,61
ETH,Boxing,0,0,0,0
ETH,Cycling,0,0,0,0
ETH,Cycling Road,0,0,0,0
ETH,Swimming,0,0,0,0
ETH,Taekwondo,0,0,0,0
EUN,Archery,0,0,4,4
EUN,Athletics,12,14,3,29
EUN,Badminton,0,0,0,0
EUN,Basketball,12,0,0,12
EUN,Boxing,0,1,1,2
EUN,Canoeing,2,1,0,3
EUN,Cycling,0,0,0,0
EUN,Diving,0,2,1,3
EUN,Equestrianism,0,0,0,0
EUN,Fencing,5,2,6,13
EUN,Gymnastics,19,5,4,28
EUN,Handball,12,0,13,25
EUN,Hockey,0,0,0,0
EUN,Judo,2,0,2,4
EUN,Modern Pentathlon,0,3,1,4
EUN,Rhythmic Gymnastics,1,0,1,2
EUN,Rowing,0,0,4,4
EUN,Sailing,0,0,0,0
EUN,Shooting,5,2,1,8
EUN,Swimming,11,14,5,30
EUN,Synchronized Swimming,0,0,0,0
EUN,Table Tennis,0,0,0,0
EUN,Tennis,0,0,3,3
EUN,Volleyball,0,8,0,8
EUN,Water Polo,0,0,13,13
EUN,Weightlifting,5,4,0,9
EUN,Wrestling,6,5,5,16
FIJ,Archery,0,0,0,0
FIJ,Athletics,0,0,0,0
FIJ,Boxing,0,0,0,0
FIJ,Cycling,0,0,0,0
FIJ,Football,0,0,0,0
FIJ,Judo,0,0,0,0
FIJ,Rugby Sevens,26,14,13,53
FIJ,Sailing,0,0,0,0
FIJ,Shooting,0,0,0,0
FIJ,Swimming,0,0,0,0
FIJ,Table Tennis,0,0,0,0
FIJ,Taekwondo,0,0,0,0
FIJ,Weightlifting,0,0,0,0
FIN,Archery,1,3,2,6
FIN,Art Competitions,3,1,1,5
FIN,Athletics,64,42,32,138
FIN,Badminton,0,0,0,0
FIN,Basketball,0,0,0,0
FIN,Boxing,2,1,13,16
FIN,Canoeing,7,2,5,14
FIN,Cycling,0,0,0,0
FIN,Cycling Mountain Bike,0,0,0,0
FIN,Cycling Road,0,0,0,0
FIN,Diving,0,0,0,0
FIN,Equestrian,0,0,0,0
FIN,Equestrianism,0,0,0,0
FIN,Fencing,0,0,0,0
FIN,Figure Skating,2,0,0,2
FIN,Football,0,0,0,0
FIN,Golf,0,0,0,0
FIN,Gymnastics,15,24,60,99
FIN,Hockey,0,0,0,0
FIN,Judo,0,0,0,0
FIN,Modern Pentathlon,0,1,10,11
FIN,Rhythmic Gymnastics,0,0,0,0
FIN,Rowing,3,2,11,16
FIN,Sailing,3,8,24,35
FIN,Shooting,4,11,26,41
FIN,Skateboarding,0,0,0,0
FIN,Swimming,0,1,4,5
FIN,Synchronized Swimming,0,0,0,0
FIN,Table Tennis,0,0,0,0
FIN,Taekwondo,0,0,0,0
FIN,Tennis,0,0,0,0
FIN,Weightlifting,1,0,2,3
FIN,Wrestling,27,29,29,85
FRA,3x3 Basketball,0,4,0,4
FRA,Archery,7,28,17,52
FRA,Art Competitions,6,4,5,15
FRA,Artistic Gymnastics,0,0,0,0
FRA,Artistic Swimming,0,0,0,0
FRA,Athletics,14,42,62,118
FRA,Badminton,0,0,0,0
FRA,Basketball,0,74,12,86
FRA,Beach Volleyball,0,0,0,0
FRA,Boxing,6,11,11,28
FRA,Breaking,0,1,0,1
FRA,Canoe Slalom,1,2,0,3
FRA,Canoe Sprint,0,0,0,0
FRA,Canoeing,10,12,31,53
FRA,Cricket,0,3,0,3
FRA,Croquet,4,2,2,8
FRA,Cycling,69,39,43,151
FRA,Cycling BMX Freestyle,0,0,1,1
FRA,Cycling BMX Racing,1,1,1,3
FRA,Cycling Mountain Bike,1,1,0,2
FRA,Cycling Road,0,1,1,2
FRA,"Cycling Road, Cycling Track",0,0,0,0
FRA,Cycling Track,1,0,7,8
FRA,Diving,0,1,0,1
FRA,Equestrian,0,4,7,11
FRA,Equestrianism,32,26,21,79
FRA,Fencing,135,107,98,340
FRA,Figure Skating,0,0,0,0
FRA,Football,16,37,0,53
FRA,Golf,0,0,0,0
FRA,Gymnastics,5,17,36,58
FRA,Handball,62,48,16,126
FRA,Hockey,0,0,0,0
FRA,Ice Hockey,0,0,0,0
FRA,Judo,41,15,34,90
FRA,Karate,1,0,0,1
FRA,Marathon Swimming,0,0,0,0
FRA,Modern Pentathlon,0,2,6,8
FRA,Motorboating,1,0,0,1
FRA,Polo,0,1,3,4
FRA,Rhythmic Gymnastics,0,0,0,0
FRA,Rowing,22,50,51,123
FRA,Rugby,15,34,0,49
FRA,Rugby Sevens,13,13,0,26
FRA,Sailing,30,42,52,124
FRA,Shooting,13,28,30,71
FRA,Skateboarding,0,0,0,0
FRA,Sport Climbing,0,0,0,0
FRA,Surfing,1,0,1,2
FRA,Swimming,17,35,41,93
FRA,Synchronized Swimming,0,0,2,2
FRA,Table Tennis,0,1,6,7
FRA,Taekwondo,1,3,6,10
FRA,Tennis,12,11,15,38
FRA,Trampoline Gymnastics,0,0,0,0
FRA,Trampolining,0,0,0,0
FRA,Triathlon,1,0,6,7
FRA,Tug-Of-War,0,5,0,5
FRA,Volleyball,25,0,0,25
FRA,Water Polo,7,0,23,30
FRA,Weightlifting,9,3,4,16
FRA,Wrestling,4,4,9,17
FRG,Archery,0,0,0,0
FRG,Athletics,15,17,39,71
FRG,Basketball,0,0,0,0
FRG,Boxing,1,0,5,6
FRG,Canoeing,3,7,4,14
FRG,Cycling,11,9,8,28
FRG,Diving,0,0,0,0
FRG,Equestrianism,29,13,20,62
FRG,Fencing,23,24,1,48
FRG,Football,0,0,18,18
FRG,Gymnastics,0,0,1,1
FRG,Handball,0,15,0,15
FRG,Hockey,18,48,0,66
FRG,Judo,1,4,3,8
FRG,Modern Pentathlon,0,0,0,0
FRG,Rhythmic Gymnastics,0,0,1,1
FRG,Rowing,28,4,19,51
FRG,Sailing,4,4,6,14
FRG,Shooting,4,4,3,11
FRG,Swimming,3,17,39,59
FRG,Synchronized Swimming,0,0,0,0
FRG,Table Tennis,0,0,0,0
FRG,Tennis,1,0,2,3
FRG,Volleyball,0,0,0,0
FRG,Water Polo,0,0,12,12
FRG,Weightlifting,2,2,3,7
FRG,Wrestling,1,4,4,9
FSM,Athletics,0,0,0,0
FSM,Boxing,0,0,0,0
FSM,Swimming,0,0,0,0
FSM,Weightlifting,0,0,0,0
FSM,Wrestling,0,0,0,0
GAB,Athletics,0,0,0,0
GAB,Boxing,0,0,0,0
GAB,Football,0,0,0,0
GAB,Judo,0,0,0,0
GAB,Swimming,0,0,0,0
GAB,Taekwondo,0,1,0,1
GAM,Athletics,0,0,0,0
GAM,Boxing,0,0,0,0
GAM,Judo,0,0,0,0
GAM,Swimming,0,0,0,0
GAM,Taekwondo,0,0,0,0
GAM,Wrestling,0,0,0,0
GBR,Archery,2,2,9,13
GBR,Art Competitions,3,5,1,9
GBR,Artistic Gymnastics,1,0,6,7
GBR,Artistic Swimming,0,2,0,2
GBR,Athletics,79,150,164,393
GBR,Badminton,0,2,4,6
GBR,Basketball,0,0,0,0
GBR,Beach Volleyball,0,0,0,0
GBR,Boxing,20,15,28,63
GBR,Canoe Slalom,0,3,2,5
GBR,Canoe Sprint,0,0,1,1
GBR,Canoeing,6,10,6,22
GBR,Cricket,12,9,0,21
GBR,Cycling,59,68,55,182
GBR,Cycling BMX Freestyle,1,1,1,3
GBR,Cycling BMX Racing,1,1,0,2
GBR,Cycling Mountain Bike,1,0,0,1
GBR,Cycling Road,0,1,0,1
GBR,"Cycling Road, Cycling Mountain Bike",0,0,0,0
GBR,Cycling Track,8,23,10,41
GBR,Diving,4,6,16,26
GBR,Equestrian,13,1,11,25
GBR,Equestrianism,26,34,23,83
GBR,Fencing,1,27,0,28
GBR,Figure Skating,1,3,6,10
GBR,Football,36,8,1,45
GBR,Golf,1,2,1,4
GBR,Gymnastics,2,3,46,51
GBR,Handball,0,0,0,0
GBR,Hockey,57,24,100,181
GBR,Jeu De Paume,0,1,1,2
GBR,Judo,0,8,12,20
GBR,Lacrosse,0,12,0,12
GBR,Marathon Swimming,0,0,0,0
GBR,Modern Pentathlon,6,2,5,13
GBR,Motorboating,6,0,0,6
GBR,Polo,11,14,5,30
GBR,Racquets,3,3,4,10
GBR,Rhythmic Gymnastics,0,0,0,0
GBR,Rowing,124,129,66,319
GBR,Rugby,0,30,0,30
GBR,Rugby Sevens,0,12,0,12
GBR,Sailing,77,50,26,153
GBR,Shooting,30,37,35,102
GBR,Skateboarding,0,0,2,2
GBR,Sport Climbing,1,0,0,1
GBR,Swimming,41,60,56,157
GBR,Synchronized Swimming,0,0,0,0
GBR,Table Tennis,0,0,0,0
GBR,Taekwondo,2,4,4,10
GBR,Tennis,25,23,19,67
GBR,Trampoline Gymnastics,1,0,1,2
GBR,Trampolining,0,1,0,1
GBR,Triathlon,8,3,3,14
GBR,Tug-Of-War,16,16,8,40
GBR,Volleyball,0,0,0,0
GBR,Water Polo,27,0,1,28
GBR,Weightlifting,1,4,4,9
GBR,Wrestling,3,4,10,17
GBS,Athletics,0,0,0,0
GBS,Judo,0,0,0,0
GBS,Swimming,0,0,0,0
GBS,Taekwondo,0,0,0,0
GBS,Wrestling,0,0,0,0
GDR,Athletics,50,51,39,140
GDR,Boxing,5,2,6,13
GDR,Canoeing,24,11,17,52
GDR,Cycling,9,20,4,33
GDR,Diving,2,2,3,7
GDR,Equestrianism,0,0,0,0
GDR,Fencing,0,1,0,1
GDR,Football,17,17,17,51
GDR,Gymnastics,6,28,52,86
GDR,Handball,14,14,14,42
GDR,Hockey,0,0,0,0
GDR,Judo,1,2,6,9
GDR,Modern Pentathlon,0,0,0,0
GDR,Rowing,139,24,21,184
GDR,Sailing,4,5,6,15
GDR,Shooting,3,8,5,16
GDR,Swimming,62,61,29,152
GDR,Volleyball,0,24,0,24
GDR,Water Polo,0,0,0,0
GDR,Weightlifting,1,4,6,11
GDR,Wrestling,2,3,2,7
GEO,Archery,0,0,0,0
GEO,Athletics,0,0,0,0
GEO,Beach Volleyball,0,0,0,0
GEO,Boxing,0,0,2,2
GEO,Canoeing,0,0,0,0
GEO,Cycling,0,0,0,0
GEO,Diving,0,0,0,0
GEO,Fencing,0,0,0,0
GEO,Gymnastics,0,0,0,0
GEO,Judo,5,7,3,15
GEO,Karate,0,0,0,0
GEO,Modern Pentathlon,0,0,0,0
GEO,Rhythmic Gymnastics,0,0,0,0
GEO,Sailing,0,0,0,0
GEO,Shooting,0,0,1,1
GEO,Swimming,0,0,0,0
GEO,Tennis,0,0,0,0
GEO,Trampoline Gymnastics,0,0,0,0
GEO,Trampolining,0,0,0,0
GEO,Weightlifting,4,0,3,7
GEO,Wrestling,4,7,11,22
GEQ,Athletics,0,0,0,0
GEQ,Judo,0,0,0,0
GEQ,Swimming,0,0,0,0
GER,3x3 Basketball,4,0,0,4
GER,Alpinism,2,0,0,2
GER,Archery,0,6,6,12
GER,Art Competitions,9,8,9,26
GER,Artistic Gymnastics,0,1,0,1
GER,Athletics,27,68,70,165
GER,Badminton,0,0,0,0
GER,Basketball,0,0,0,0
GER,Beach Volleyball,4,2,2,8
GER,Boxing,5,12,13,30
GER,Canoe Slalom,1,1,4,6
GER,Canoe Sprint,10,6,4,20
GER,Canoeing,77,53,33,163
GER,Cycling,33,31,30,94
GER,Cycling BMX Freestyle,0,0,0,0
GER,Cycling BMX Racing,0,0,0,0
GER,Cycling Mountain Bike,0,0,0,0
GER,Cycling Road,0,0,0,0
GER,"Cycling Road, Cycling Track",0,0,0,0
GER,Cycling Track,6,4,4,14
GER,Diving,6,12,16,34
GER,Equestrian,13,2,0,15
GER,Equestrianism,77,32,34,143
GER,Fencing,19,16,38,73
GER,Figure Skating,2,1,0,3
GER,Football,18,17,89,124
GER,Golf,0,1,0,1
GER,Gymnastics,46,12,19,77
GER,Handball,22,31,15,68
GER,Hockey,65,56,79,200
GER,Judo,3,5,27,35
GER,Karate,0,0,0,0
GER,Marathon Swimming,1,0,0,1
GER,"Marathon Swimming, Swimming",0,0,0,0
GER,Modern Pentathlon,2,0,1,3
GER,Polo,0,0,0,0
GER,Rhythmic Gymnastics,1,0,0,1
GER,Rowing,106,75,71,252
GER,Rugby,0,15,0,15
GER,Sailing,10,14,22,46
GER,Shooting,11,9,11,31
GER,Skateboarding,0,0,0,0
GER,Sport Climbing,0,0,0,0
GER,Surfing,0,0,0,0
GER,Swimming,18,59,83,160
GER,Synchronized Swimming,0,0,0,0
GER,Table Tennis,0,11,9,20
GER,Taekwondo,0,1,1,2
GER,Tennis,6,7,3,16
GER,Trampoline Gymnastics,0,0,0,0
GER,Trampolining,1,0,1,2
GER,Triathlon,1,1,0,2
GER,Tug-Of-War,8,0,1,9
GER,Volleyball,0,0,0,0
GER,Water Polo,8,19,0,27
GER,Weightlifting,6,7,12,25
GER,Wrestling,6,18,14,38
GHA,Athletics,0,0,0,0
GHA,Boxing,0,1,3,4
GHA,Football,0,0,20,20
GHA,Judo,0,0,0,0
GHA,Swimming,0,0,0,0
GHA,Table Tennis,0,0,0,0
GHA,Weightlifting,0,0,0,0
GRE,Archery,0,0,0,0
GRE,Art Competitions,1,0,0,1
GRE,Artistic Gymnastics,0,0,2,2
GRE,Artistic Swimming,0,0,0,0
GRE,Athletics,10,14,16,40
GRE,Badminton,0,0,0,0
GRE,Baseball,0,0,0,0
GRE,Basketball,0,0,0,0
GRE,Beach Volleyball,0,0,0,0
GRE,Boxing,0,0,0,0
GRE,Canoeing,0,0,0,0
GRE,Cycling,1,3,0,4
GRE,Cycling Mountain Bike,0,0,0,0
GRE,Cycling Road,0,0,0,0
GRE,Cycling Track,0,0,0,0
GRE,Diving,2,0,0,2
GRE,Equestrian,0,0,0,0
GRE,Equestrianism,0,0,0,0
GRE,Fencing,3,6,3,12
GRE,Football,0,0,11,11
GRE,Golf,0,0,0,0
GRE,Gymnastics,6,2,4,12
GRE,Handball,0,0,0,0
GRE,Judo,1,0,2,3
GRE,Marathon Swimming,0,0,0,0
GRE,Modern Pentathlon,0,0,0,0
GRE,Rhythmic Gymnastics,0,0,6,6
GRE,Rowing,18,27,15,60
GRE,Sailing,6,2,8,16
GRE,Shooting,6,11,8,25
GRE,Softball,0,0,0,0
GRE,Swimming,1,5,2,8
GRE,Synchronized Swimming,0,0,0,0
GRE,Table Tennis,0,0,0,0
GRE,Taekwondo,1,3,0,4
GRE,Tennis,1,8,4,13
GRE,Trampolining,0,0,0,0
GRE,Triathlon,0,0,0,0
GRE,Tug-Of-War,0,8,0,8
GRE,Volleyball,0,0,0,0
GRE,Water Polo,0,26,0,26
GRE,Weightlifting,7,5,4,16
GRE,Wrestling,1,3,8,12
GRN,Athletics,1,1,3,5
GRN,Boxing,0,0,0,0
GRN,Swimming,0,0,0,0
GRN,Taekwondo,0,0,0,0
GUA,Art Competitions,0,0,0,0
GUA,Athletics,0,1,0,1
GUA,Badminton,0,0,0,0
GUA,Boxing,0,0,0,0
GUA,Canoeing,0,0,0,0
GUA,Cycling,0,0,0,0
GUA,Cycling Road,0,0,0,0
GUA,Equestrianism,0,0,0,0
GUA,Fencing,0,0,0,0
GUA,Football,0,0,0,0
GUA,Gymnastics,0,0,0,0
GUA,Judo,0,0,0,0
GUA,Modern Pentathlon,0,0,0,0
GUA,Rowing,0,0,0,0
GUA,Sailing,0,0,0,0
GUA,Shooting,1,0,1,2
GUA,Swimming,0,0,0,0
GUA,Taekwondo,0,0,0,0
GUA,Weightlifting,0,0,0,0
GUA,Wrestling,0,0,0,0
GUI,Archery,0,0,0,0
GUI,Athletics,0,0,0,0
GUI,Boxing,0,0,0,0
GUI,Football,0,0,0,0
GUI,Judo,0,0,0,0
GUI,Swimming,0,0,0,0
GUI,Taekwondo,0,0,0,0
GUI,Wrestling,0,0,0,0
GUM,Archery,0,0,0,0
GUM,Athletics,0,0,0,0
GUM,Boxing,0,0,0,0
GUM,Canoe Sprint,0,0,0,0
GUM,Canoeing,0,0,0,0
GUM,Cycling,0,0,0,0
GUM,Judo,0,0,0,0
GUM,Sailing,0,0,0,0
GUM,Swimming,0,0,0,0
GUM,Triathlon,0,0,0,0
GUM,Weightlifting,0,0,0,0
GUM,Wrestling,0,0,0,0
GUY,Athletics,0,0,0,0
GUY,Boxing,0,0,1,1
GUY,Cycling,0,0,0,0
GUY,Judo,0,0,0,0
GUY,Swimming,0,0,0,0
GUY,Table Tennis,0,0,0,0
GUY,Weightlifting,0,0,0,0
HAI,Art Competitions,0,0,0,0
HAI,Artistic Gymnastics,0,0,0,0
HAI,Athletics,0,1,0,1
HAI,Boxing,0,0,0,0
HAI,Fencing,0,0,0,0
HAI,Judo,0,0,0,0
HAI,Rugby,1,0,0,1
HAI,Shooting,0,0,5,5
HAI,Swimming,0,0,0,0
HAI,Taekwondo,0,0,0,0
HAI,Tennis,0,0,0,0
HAI,Weightlifting,0,0,0,0
HAI,Wrestling,0,0,0,0
HKG,Archery,0,0,0,0
HKG,Artistic Gymnastics,0,0,0,0
HKG,Athletics,0,0,0,0
HKG,Badminton,0,0,0,0
HKG,Boxing,0,0,0,0
HKG,Canoeing,0,0,0,0
HKG,Cycling,0,0,1,1
HKG,Cycling Road,0,0,0,0
HKG,"Cycling Road, Cycling Track",0,0,0,0
HKG,Cycling Track,0,0,1,1
HKG,Diving,0,0,0,0
HKG,Equestrian,0,0,0,0
HKG,Equestrianism,0,0,0,0
HKG,Fencing,3,0,0,3
HKG,Golf,0,0,0,0
HKG,Gymnastics,0,0,0,0
HKG,Hockey,0,0,0,0
HKG,Judo,0,0,0,0
HKG,Karate,0,0,1,1
HKG,Marathon Swimming,0,0,0,0
HKG,Rowing,0,0,0,0
HKG,Sailing,1,0,0,1
HKG,Shooting,0,0,0,0
HKG,Swimming,0,2,2,4
HKG,Table Tennis,0,2,3,5
HKG,Taekwondo,0,0,0,0
HKG,Triathlon,0,0,0,0
HKG,Weightlifting,0,0,0,0
HON,Athletics,0,0,0,0
HON,Boxing,0,0,0,0
HON,Fencing,0,0,0,0
HON,Football,0,0,0,0
HON,Judo,0,0,0,0
HON,Rowing,0,0,0,0
HON,Shooting,0,0,0,0
HON,Swimming,0,0,0,0
HON,Table Tennis,0,0,0,0
HON,Taekwondo,0,0,0,0
HON,Weightlifting,0,0,0,0
HON,Wrestling,0,0,0,0
HUN,Archery,0,0,0,0
HUN,Art Competitions,1,3,1,5
HUN,Artistic Gymnastics,0,0,0,0
HUN,Athletics,11,16,26,53
HUN,Badminton,0,0,0,0
HUN,Basketball,0,0,0,0
HUN,Boxing,10,2,8,20
HUN,Canoe Sprint,6,8,9,23
HUN,Canoeing,52,62,44,158
HUN,Cycling,0,0,0,0
HUN,Cycling Mountain Bike,0,0,0,0
HUN,Cycling Road,0,0,0,0
HUN,"Cycling Road, Cycling Mountain Bike",0,0,0,0
HUN,Diving,0,0,0,0
HUN,Equestrian,0,0,0,0
HUN,Equestrianism,0,0,1,1
HUN,Fencing,108,65,78,251
HUN,Football,46,17,16,79
HUN,Gymnastics,20,46,45,111
HUN,Handball,0,15,30,45
HUN,Hockey,0,0,0,0
HUN,Judo,1,3,6,10
HUN,Karate,0,0,1,1
HUN,Marathon Swimming,1,1,0,2
HUN,"Marathon Swimming, Swimming",0,0,0,0
HUN,Modern Pentathlon,18,12,10,40
HUN,Polo,0,0,0,0
HUN,Rhythmic Gymnastics,0,0,0,0
HUN,Rowing,0,4,4,8
HUN,Sailing,0,1,2,3
HUN,Shooting,7,3,8,18
HUN,Swimming,39,34,26,99
HUN,Synchronized Swimming,0,0,0,0
HUN,Table Tennis,0,0,0,0
HUN,Taekwondo,1,0,0,1
HUN,Tennis,0,0,1,1
HUN,Triathlon,0,0,0,0
HUN,Volleyball,0,0,0,0
HUN,Water Polo,107,29,62,198
HUN,Weightlifting,2,9,9,20
HUN,Wrestling,20,17,20,57
INA,Archery,0,3,0,3
INA,Artistic Gymnastics,0,0,0,0
INA,Athletics,0,0,0,0
INA,Badminton,13,9,10,32
INA,Beach Volleyball,0,0,0,0
INA,Boxing,0,0,0,0
INA,Canoeing,0,0,0,0
INA,Cycling,0,0,0,0
INA,Cycling Track,0,0,0,0
INA,Diving,0,0,0,0
INA,Fencing,0,0,0,0
INA,Football,0,0,0,0
INA,Judo,0,0,0,0
INA,Rowing,0,0,0,0
INA,Sailing,0,0,0,0
INA,Shooting,0,0,0,0
INA,Sport Climbing,1,0,0,1
INA,Surfing,0,0,0,0
INA,Swimming,0,0,0,0
INA,Table Tennis,0,0,0,0
INA,Taekwondo,0,0,0,0
INA,Tennis,0,0,0,0
INA,Weightlifting,1,6,7,14
INA,Wrestling,0,0,0,0
IND,Archery,0,0,0,0
IND,Art Competitions,0,0,0,0
IND,Artistic Gymnastics,0,0,0,0
IND,Athletics,1,3,0,4
IND,Badminton,0,1,2,3
IND,Basketball,0,0,0,0
IND,Boxing,0,0,3,3
IND,Cycling,0,0,0,0
IND,Diving,0,0,0,0
IND,Equestrian,0,0,0,0
IND,Equestrianism,0,0,0,0
IND,Fencing,0,0,0,0
IND,Football,0,0,0,0
IND,Golf,0,0,0,0
IND,Gymnastics,0,0,0,0
IND,Hockey,130,13,64,207
IND,Judo,0,0,0,0
IND,Rowing,0,0,0,0
IND,Sailing,0,0,0,0
IND,Shooting,1,2,5,8
IND,Swimming,0,0,0,0
IND,Table Tennis,0,0,0,0
IND,Tennis,0,0,1,1
IND,Water Polo,0,0,0,0
IND,Weightlifting,0,1,1,2
IND,Wrestling,0,2,6,8
IOA,Athletics,0,0,0,0
IOA,Boxing,0,0,0,0
IOA,Canoeing,0,0,0,0
IOA,Cycling,0,0,0,0
IOA,Fencing,0,0,0,0
IOA,Judo,0,0,0,0
IOA,Rhythmic Gymnastics,0,0,0,0
IOA,Rowing,0,0,0,0
IOA,Sailing,0,0,0,0
IOA,Shooting,1,1,3,5
IOA,Swimming,0,0,0,0
IOA,Synchronized Swimming,0,0,0,0
IOA,Table Tennis,0,0,0,0
IOA,Tennis,0,0,0,0
IOA,Weightlifting,0,0,0,0
IOA,Wrestling,0,0,0,0
IRI,Archery,0,0,0,0
IRI,Artistic Gymnastics,0,0,0,0
IRI,Athletics,0,1,0,1
IRI,Badminton,0,0,0,0
IRI,Basketball,0,0,0,0
IRI,Boxing,0,0,0,0
IRI,Canoe Sprint,0,0,0,0
IRI,Canoeing,0,0,0,0
IRI,Cycling,0,0,0,0
IRI,Cycling Road,0,0,0,0
IRI,Diving,0,0,0,0
IRI,Equestrianism,0,0,0,0
IRI,Fencing,0,0,0,0
IRI,Football,0,0,0,0
IRI,Gymnastics,0,0,0,0
IRI,Judo,0,0,0,0
IRI,Karate,1,0,0,1
IRI,Rowing,0,0,0,0
IRI,Shooting,1,0,0,1
IRI,Sport Climbing,0,0,0,0
IRI,Swimming,0,0,0,0
IRI,Table Tennis,0,0,0,0
IRI,Taekwondo,3,3,4,10
IRI,Volleyball,0,0,0,0
IRI,Water Polo,0,0,0,0
IRI,Weightlifting,7,6,6,19
IRI,Wrestling,12,19,24,55
IRL,Archery,0,0,0,0
IRL,Art Competitions,0,1,2,3
IRL,Artistic Gymnastics,1,0,0,1
IRL,Athletics,4,2,0,6
IRL,Badminton,0,0,0,0
IRL,Basketball,0,0,0,0
IRL,Boxing,4,5,10,19
IRL,Canoe Slalom,0,0,0,0
IRL,Canoeing,0,0,0,0
IRL,Cycling,0,0,0,0
IRL,Cycling Road,0,0,0,0
IRL,Cycling Track,0,0,0,0
IRL,Diving,0,0,0,0
IRL,Equestrian,0,0,0,0
IRL,Equestrianism,0,0,1,1
IRL,Fencing,0,0,0,0
IRL,Football,0,0,0,0
IRL,Golf,0,0,0,0
IRL,Gymnastics,0,0,0,0
IRL,Hockey,0,0,0,0
IRL,Judo,0,0,0,0
IRL,"Marathon Swimming, Swimming",0,0,0,0
IRL,Modern Pentathlon,0,0,0,0
IRL,Rowing,4,2,6,12
IRL,Rugby Sevens,0,0,0,0
IRL,Sailing,0,3,0,3
IRL,Shooting,0,0,0,0
IRL,Swimming,3,0,2,5
IRL,Taekwondo,0,0,0,0
IRL,Tennis,0,0,0,0
IRL,Triathlon,0,0,0,0
IRL,Water Polo,0,0,0,0
IRL,Weightlifting,0,0,0,0
IRL,Wrestling,0,0,0,0
IRQ,Archery,0,0,0,0
IRQ,Athletics,0,0,0,0
IRQ,Basketball,0,0,0,0
IRQ,Boxing,0,0,0,0
IRQ,Cycling,0,0,0,0
IRQ,Football,0,0,0,0
IRQ,Judo,0,0,0,0
IRQ,Rowing,0,0,0,0
IRQ,Shooting,0,0,0,0
IRQ,Swimming,0,0,0,0
IRQ,Table Tennis,0,0,0,0
IRQ,Taekwondo,0,0,0,0
IRQ,Weightlifting,0,0,1,1
IRQ,Wrestling,0,0,0,0
ISL,Art Competitions,0,0,0,0
ISL,Athletics,0,1,1,2
ISL,Badminton,0,0,0,0
ISL,Gymnastics,0,0,0,0
ISL,Handball,0,14,0,14
ISL,Judo,0,0,1,1
ISL,Sailing,0,0,0,0
ISL,Shooting,0,0,0,0
ISL,Swimming,0,0,0,0
ISL,Triathlon,0,0,0,0
ISL,Water Polo,0,0,0,0
ISL,Weightlifting,0,0,0,0
ISL,Wrestling,0,0,0,0
ISR,Archery,0,0,0,0
ISR,Artistic Gymnastics,1,1,0,2
ISR,Artistic Swimming,0,0,0,0
ISR,Athletics,0,0,0,0
ISR,Badminton,0,0,0,0
ISR,Baseball/Softball,0,0,0,0
ISR,Basketball,0,0,0,0
ISR,Boxing,0,0,0,0
ISR,Canoeing,0,0,1,1
ISR,Cycling,0,0,0,0
ISR,Cycling Mountain Bike,0,0,0,0
ISR,Cycling Road,0,0,0,0
ISR,Cycling Track,0,0,0,0
ISR,Diving,0,0,0,0
ISR,Equestrian,0,0,0,0
ISR,Fencing,0,0,0,0
ISR,Football,0,0,0,0
ISR,Golf,0,0,0,0
ISR,Gymnastics,0,0,0,0
ISR,Judo,0,3,16,19
ISR,Marathon Swimming,0,0,0,0
ISR,Rhythmic Gymnastics,1,5,0,6
ISR,Sailing,2,1,2,5
ISR,Shooting,0,0,0,0
ISR,Surfing,0,0,0,0
ISR,Swimming,0,0,0,0
ISR,Synchronized Swimming,0,0,0,0
ISR,Table Tennis,0,0,0,0
ISR,Taekwondo,0,0,1,1
ISR,Tennis,0,0,0,0
ISR,Triathlon,0,0,0,0
ISR,Weightlifting,0,0,0,0
ISR,Wrestling,0,0,0,0
ISV,Archery,0,0,0,0
ISV,Athletics,0,0,0,0
ISV,Boxing,0,0,0,0
ISV,Cycling,0,0,0,0
ISV,Equestrianism,0,0,0,0
ISV,Fencing,0,0,0,0
ISV,Sailing,0,1,0,1
ISV,Shooting,0,0,0,0
ISV,Swimming,0,0,0,0
ISV,Weightlifting,0,0,0,0
ISV,Wrestling,0,0,0,0
ITA,3x3 Basketball,0,0,0,0
ITA,Archery,4,7,6,17
ITA,Art Competitions,5,7,2,14
ITA,Artistic Gymnastics,1,6,1,8
ITA,Artistic Swimming,0,0,0,0
ITA,Athletics,29,19,37,85
ITA,Badminton,0,0,0,0
ITA,Baseball,0,0,0,0
ITA,Baseball/Softball,0,0,0,0
ITA,Basketball,0,24,0,24
ITA,Beach Volleyball,0,2,0,2
ITA,Boxing,15,15,18,48
ITA,Breaking,0,0,0,0
ITA,Canoe Slalom,1,0,0,1
ITA,Canoe Sprint,0,3,0,3
ITA,Canoeing,8,9,6,23
ITA,Cycling,70,34,20,124
ITA,Cycling BMX Racing,0,0,0,0
ITA,Cycling Mountain Bike,0,0,0,0
ITA,Cycling Road,0,0,1,1
ITA,"Cycling Road, Cycling Track",0,0,0,0
ITA,Cycling Track,8,1,5,14
ITA,Diving,3,6,3,12
ITA,Equestrian,0,0,0,0
ITA,Equestrianism,10,16,20,46
ITA,Fencing,155,151,81,387
ITA,Football,14,0,34,48
ITA,Golf,0,0,0,0
ITA,Gymnastics,68,18,23,109
ITA,Hockey,0,0,0,0
ITA,Judo,5,4,9,18
ITA,Karate,1,0,1,2
ITA,Marathon Swimming,0,0,1,1
ITA,"Marathon Swimming, Swimming",0,0,0,0
ITA,Modern Pentathlon,4,4,6,14
ITA,Rhythmic Gymnastics,0,6,17,23
ITA,Rowing,56,67,74,197
ITA,Sailing,14,4,13,31
ITA,Shooting,18,19,12,49
ITA,Skateboarding,0,0,0,0
ITA,Softball,0,0,0,0
ITA,Sport Climbing,0,0,0,0
ITA,Surfing,0,0,0,0
ITA,Swimming,7,11,30,48
ITA,Synchronized Swimming,0,0,0,0
ITA,Table Tennis,0,0,0,0
ITA,Taekwondo,2,1,2,5
ITA,Tennis,2,0,2,4
ITA,Trampolining,0,0,0,0
ITA,Triathlon,0,0,0,0
ITA,Tug-Of-War,0,0,0,0
ITA,Volleyball,13,36,36,85
ITA,Water Polo,46,37,37,120
ITA,Weightlifting,5,6,8,19
ITA,Wrestling,7,4,11,22
IVB,Athletics,0,0,0,0
IVB,Sailing,0,0,0,0
IVB,Swimming,0,0,0,0
JAM,Artistic Gymnastics,0,0,0,0
JAM,Athletics,48,79,56,183
JAM,Badminton,0,0,0,0
JAM,Boxing,0,0,0,0
JAM,Cycling,0,0,1,1
JAM,Diving,0,0,0,0
JAM,Equestrianism,0,0,0,0
JAM,Gymnastics,0,0,0,0
JAM,Judo,0,0,0,0
JAM,Sailing,0,0,0,0
JAM,Shooting,0,0,0,0
JAM,Swimming,0,0,0,0
JAM,Table Tennis,0,0,0,0
JAM,Taekwondo,0,0,0,0
JAM,Triathlon,0,0,0,0
JAM,Weightlifting,0,0,0,0
JOR,Archery,0,0,0,0
JOR,Artistic Gymnastics,0,0,0,0
JOR,Athletics,0,0,0,0
JOR,Boxing,0,0,0,0
JOR,Equestrian,0,0,0,0
JOR,Equestrianism,0,0,0,0
JOR,Fencing,0,0,0,0
JOR,Judo,0,0,0,0
JOR,Karate,0,0,1,1
JOR,Shooting,0,0,0,0
JOR,Swimming,0,0,0,0
JOR,Table Tennis,0,0,0,0
JOR,Taekwondo,1,2,0,3
JOR,Triathlon,0,0,0,0
JOR,Wrestling,0,0,0,0
JPN,3x3 Basketball,0,0,0,0
JPN,Archery,0,3,8,11
JPN,Art Competitions,0,0,2,2
JPN,Artistic Gymnastics,9,4,3,16
JPN,Artistic Swimming,0,0,0,0
JPN,Athletics,8,16,10,34
JPN,Badminton,2,2,7,11
JPN,Baseball,0,20,44,64
JPN,Baseball/Softball,39,0,0,39
JPN,Basketball,0,12,0,12
JPN,Beach Volleyball,0,0,0,0
JPN,Boxing,3,0,5,8
JPN,Breaking,1,0,0,1
JPN,Canoe Slalom,0,0,0,0
JPN,Canoe Sprint,0,0,0,0
JPN,Canoeing,0,0,1,1
JPN,Cycling,0,3,3,6
JPN,Cycling BMX Freestyle,0,0,0,0
JPN,Cycling BMX Racing,0,0,0,0
JPN,Cycling Mountain Bike,0,0,0,0
JPN,Cycling Road,0,0,0,0
JPN,Cycling Track,0,1,0,1
JPN,Diving,0,1,0,1
JPN,Equestrian,0,0,4,4
JPN,Equestrianism,1,0,0,1
JPN,Fencing,9,9,8,26
JPN,Football,0,18,16,34
JPN,Golf,0,1,1,2
JPN,Gymnastics,65,47,54,166
JPN,Handball,0,0,0,0
JPN,Hockey,0,11,0,11
JPN,Judo,51,47,30,128
JPN,Karate,1,1,1,3
JPN,Marathon Swimming,0,0,0,0
JPN,Modern Pentathlon,0,1,0,1
JPN,Rhythmic Gymnastics,0,0,0,0
JPN,Rowing,0,0,0,0
JPN,Rugby Sevens,0,0,0,0
JPN,Sailing,0,4,2,6
JPN,Shooting,1,2,3,6
JPN,Skateboarding,5,3,1,9
JPN,Softball,15,15,14,44
JPN,Sport Climbing,0,2,1,3
JPN,Surfing,0,1,1,2
JPN,Swimming,30,41,56,127
JPN,Synchronized Swimming,0,22,30,52
JPN,Table Tennis,2,12,9,23
JPN,Taekwondo,0,0,1,1
JPN,Tennis,0,3,1,4
JPN,Trampoline Gymnastics,0,0,0,0
JPN,Trampolining,0,0,0,0
JPN,Triathlon,0,0,0,0
JPN,Volleyball,36,32,33,101
JPN,Water Polo,0,0,0,0
JPN,Weightlifting,2,3,10,15
JPN,Wrestling,45,22,20,87
KAZ,Archery,0,0,0,0
KAZ,Artistic Gymnastics,0,1,0,1
KAZ,Artistic Swimming,0,0,0,0
KAZ,Athletics,2,0,2,4
KAZ,Badminton,0,0,0,0
KAZ,Boxing,7,8,11,26
KAZ,Breaking,0,0,0,0
KAZ,Canoe Slalom,0,0,0,0
KAZ,Canoe Sprint,0,0,0,0
KAZ,Canoeing,0,0,0,0
KAZ,Cycling,1,1,0,2
KAZ,Cycling Road,0,0,0,0
KAZ,Cycling Track,0,0,0,0
KAZ,Diving,0,0,0,0
KAZ,Fencing,0,0,0,0
KAZ,Gymnastics,0,0,0,0
KAZ,Handball,0,0,0,0
KAZ,Judo,1,2,3,6
KAZ,Karate,0,0,2,2
KAZ,Marathon Swimming,0,0,0,0
KAZ,Modern Pentathlon,1,0,0,1
KAZ,Rhythmic Gymnastics,0,0,0,0
KAZ,Rowing,0,0,0,0
KAZ,Shooting,0,2,3,5
KAZ,Sport Climbing,0,0,0,0
KAZ,Swimming,1,0,0,1
KAZ,Synchronized Swimming,0,0,0,0
KAZ,Table Tennis,0,0,0,0
KAZ,Taekwondo,0,0,1,1
KAZ,Tennis,0,0,0,0
KAZ,Trampoline Gymnastics,0,0,0,0
KAZ,Trampolining,0,0,0,0
KAZ,Triathlon,0,0,0,0
KAZ,Volleyball,0,0,0,0
KAZ,Water Polo,0,0,0,0
KAZ,Weightlifting,6,5,7,18
KAZ,Wrestling,1,6,12,19
KEN,Archery,0,0,0,0
KEN,Athletics,41,46,33,120
KEN,Beach Volleyball,0,0,0,0
KEN,Boxing,1,1,5,7
KEN,Cycling,0,0,0,0
KEN,Fencing,0,0,0,0
KEN,Hockey,0,0,0,0
KEN,Judo,0,0,0,0
KEN,Rowing,0,0,0,0
KEN,Rugby Sevens,0,0,0,0
KEN,Sailing,0,0,0,0
KEN,Shooting,0,0,0,0
KEN,Swimming,0,0,0,0
KEN,Taekwondo,0,0,0,0
KEN,Volleyball,0,0,0,0
KEN,Weightlifting,0,0,0,0
KEN,Wrestling,0,0,0,0
KGZ,Athletics,0,0,0,0
KGZ,Boxing,0,1,0,1
KGZ,Canoeing,0,0,0,0
KGZ,Cycling,0,0,0,0
KGZ,Fencing,0,0,0,0
KGZ,Judo,0,0,1,1
KGZ,Modern Pentathlon,0,0,0,0
KGZ,Sailing,0,0,0,0
KGZ,Shooting,0,0,0,0
KGZ,Swimming,0,0,0,0
KGZ,Taekwondo,0,0,0,0
KGZ,Weightlifting,0,0,0,0
KGZ,Wrestling,0,4,6,10
KIR,Athletics,0,0,0,0
KIR,Judo,0,0,0,0
KIR,Weightlifting,0,0,0,0
KOR,Archery,68,12,10,90
KOR,Artistic Gymnastics,1,0,1,2
KOR,Artistic Swimming,0,0,0,0
KOR,Athletics,1,1,0,2
KOR,Badminton,12,14,14,40
KOR,Baseball,24,0,24,48
KOR,Baseball/Softball,0,0,0,0
KOR,Basketball,0,11,0,11
KOR,Boxing,3,7,11,21
KOR,Breaking,0,0,0,0
KOR,Canoe Sprint,0,0,0,0
KOR,Canoeing,0,0,0,0
KOR,Cycling,0,0,0,0
KOR,Cycling Road,0,0,0,0
KOR,Cycling Track,0,0,0,0
KOR,Diving,0,0,0,0
KOR,Equestrian,0,0,0,0
KOR,Equestrianism,0,0,0,0
KOR,Fencing,16,13,17,46
KOR,Football,0,0,18,18
KOR,Golf,1,0,0,1
KOR,Gymnastics,1,4,4,9
KOR,Handball,25,57,14,96
KOR,Hockey,0,48,0,48
KOR,Judo,11,19,31,61
KOR,Karate,0,0,0,0
KOR,Modern Pentathlon,0,0,2,2
KOR,Rhythmic Gymnastics,0,0,0,0
KOR,Rowing,0,0,0,0
KOR,Rugby Sevens,0,0,0,0
KOR,Sailing,0,0,0,0
KOR,Shooting,10,13,1,24
KOR,Sport Climbing,0,0,0,0
KOR,Swimming,1,3,1,5
KOR,Synchronized Swimming,0,0,0,0
KOR,Table Tennis,4,6,28,38
KOR,Taekwondo,14,3,8,25
KOR,Tennis,0,0,0,0
KOR,Triathlon,0,0,0,0
KOR,Volleyball,0,0,12,12
KOR,Water Polo,0,0,0,0
KOR,Weightlifting,3,5,5,13
KOR,Wrestling,11,11,14,36
KOS,Athletics,0,0,0,0
KOS,Boxing,0,0,0,0
KOS,Cycling,0,0,0,0
KOS,Judo,3,1,1,5
KOS,Shooting,0,0,0,0
KOS,Swimming,0,0,0,0
KOS,Wrestling,0,0,0,0
KSA,Archery,0,0,0,0
KSA,Athletics,0,1,0,1
KSA,Cycling,0,0,0,0
KSA,Equestrian,0,0,0,0
KSA,Equestrianism,0,0,5,5
KSA,Fencing,0,0,0,0
KSA,Football,0,0,0,0
KSA,Judo,0,0,0,0
KSA,Karate,0,1,0,1
KSA,Rowing,0,0,0,0
KSA,Shooting,0,0,0,0
KSA,Swimming,0,0,0,0
KSA,Table Tennis,0,0,0,0
KSA,Taekwondo,0,0,0,0
KSA,Weightlifting,0,0,0,0
KUW,Athletics,0,0,0,0
KUW,Boxing,0,0,0,0
KUW,Diving,0,0,0,0
KUW,Fencing,0,0,0,0
KUW,Football,0,0,0,0
KUW,Handball,0,0,0,0
KUW,Judo,0,0,0,0
KUW,Karate,0,0,0,0
KUW,Rowing,0,0,0,0
KUW,Sailing,0,0,0,0
KUW,Shooting,0,0,3,3
KUW,Swimming,0,0,0,0
KUW,Table Tennis,0,0,0,0
KUW,Taekwondo,0,0,0,0
KUW,Weightlifting,0,0,0,0
LAO,Archery,0,0,0,0
LAO,Athletics,0,0,0,0
LAO,Boxing,0,0,0,0
LAO,Cycling,0,0,0,0
LAO,Judo,0,0,0,0
LAO,Rhythmic Gymnastics,0,0,0,0
LAO,Shooting,0,0,0,0
LAO,Swimming,0,0,0,0
LAT,3x3 Basketball,4,0,0,4
LAT,Art Competitions,0,0,0,0
LAT,Athletics,0,4,1,5
LAT,Basketball,0,0,0,0
LAT,Beach Volleyball,0,0,2,2
LAT,Boxing,0,0,0,0
LAT,Canoe Sprint,0,0,0,0
LAT,Canoeing,0,2,0,2
LAT,Cycling,2,0,1,3
LAT,Cycling BMX Freestyle,0,0,0,0
LAT,Cycling BMX Racing,0,0,0,0
LAT,Cycling Mountain Bike,0,0,0,0
LAT,Cycling Road,0,0,0,0
LAT,Diving,0,0,0,0
LAT,Equestrian,0,0,0,0
LAT,Fencing,0,0,0,0
LAT,Football,0,0,0,0
LAT,Gymnastics,1,1,0,2
LAT,Judo,0,0,1,1
LAT,Karate,0,0,0,0
LAT,Modern Pentathlon,0,1,0,1
LAT,Rowing,0,0,0,0
LAT,Sailing,0,0,0,0
LAT,Shooting,0,1,0,1
LAT,Swimming,0,0,0,0
LAT,Table Tennis,0,0,0,0
LAT,Tennis,0,0,0,0
LAT,Weightlifting,0,1,2,3
LAT,Wrestling,0,1,0,1
LBA,Archery,0,0,0,0
LBA,Athletics,0,0,0,0
LBA,Cycling,0,0,0,0
LBA,Judo,0,0,0,0
LBA,Rowing,0,0,0,0
LBA,Shooting,0,0,0,0
LBA,Swimming,0,0,0,0
LBA,Table Tennis,0,0,0,0
LBA,Taekwondo,0,0,0,0
LBA,Volleyball,0,0,0,0
LBA,Weightlifting,0,0,0,0
LBN,Athletics,0,0,0,0
LBN,Fencing,0,0,0,0
LBN,Judo,0,0,0,0
LBN,Shooting,0,0,0,0
LBN,Swimming,0,0,0,0
LBN,Table Tennis,0,0,0,0
LBN,Taekwondo,0,0,0,0
LBN,Tennis,0,0,0,0
LBN,Weightlifting,0,0,0,0
LBR,Athletics,0,0,0,0
LBR,Boxing,0,0,0,0
LCA,Athletics,1,1,0,2
LCA,Sailing,0,0,0,0
LCA,Swimming,0,0,0,0
LES,Athletics,0,0,0,0
LES,Boxing,0,0,0,0
LES,Cycling,0,0,0,0
LES,Swimming,0,0,0,0
LES,Taekwondo,0,0,0,0
LIB,Athletics,0,0,0,0
LIB,Boxing,0,0,0,0
LIB,Canoeing,0,0,0,0
LIB,Cycling,0,0,0,0
LIB,Fencing,0,0,0,0
LIB,Judo,0,0,0,0
LIB,Rowing,0,0,0,0
LIB,Sailing,0,0,0,0
LIB,Shooting,0,0,0,0
LIB,Swimming,0,0,0,0
LIB,Table Tennis,0,0,0,0
LIB,Taekwondo,0,0,0,0
LIB,Weightlifting,0,1,0,1
LIB,Wrestling,0,1,2,3
LIE,Artistic Swimming,0,0,0,0
LIE,Athletics,0,0,0,0
LIE,Cycling,0,0,0,0
LIE,Cycling Mountain Bike,0,0,0,0
LIE,Equestrianism,0,0,0,0
LIE,Gymnastics,0,0,0,0
LIE,Judo,0,0,0,0
LIE,Shooting,0,0,0,0
LIE,Swimming,0,0,0,0
LIE,Tennis,0,0,0,0
LTU,3x3 Basketball,0,0,4,4
LTU,Artistic Gymnastics,0,0,0,0
LTU,Athletics,3,2,1,6
LTU,Badminton,0,0,0,0
LTU,Basketball,0,0,35,35
LTU,Beach Volleyball,0,0,0,0
LTU,Boxing,0,0,1,1
LTU,Breaking,0,1,0,1
LTU,Canoe Sprint,0,0,0,0
LTU,Canoeing,0,1,2,3
LTU,Cycling,0,0,1,1
LTU,Cycling Road,0,0,0,0
LTU,Cycling Track,0,0,0,0
LTU,Equestrian,0,0,0,0
LTU,Football,0,0,0,0
LTU,Gymnastics,0,0,0,0
LTU,Judo,0,0,0,0
LTU,Modern Pentathlon,1,3,1,5
LTU,Rhythmic Gymnastics,0,0,0,0
LTU,Rowing,0,2,5,7
LTU,Sailing,0,1,0,1
LTU,Shooting,1,0,0,1
LTU,Swimming,1,0,0,1
LTU,Table Tennis,0,0,0,0
LTU,Tennis,0,0,0,0
LTU,Weightlifting,0,0,1,1
LTU,Wrestling,0,0,2,2
LUX,Archery,0,0,0,0
LUX,Art Competitions,2,1,0,3
LUX,Athletics,2,0,0,2
LUX,Boxing,0,0,0,0
LUX,Canoeing,0,0,0,0
LUX,Cycling,0,0,0,0
LUX,Cycling Road,0,0,0,0
LUX,Equestrian,0,0,0,0
LUX,Fencing,0,0,0,0
LUX,Football,0,0,0,0
LUX,Gymnastics,0,0,0,0
LUX,Judo,0,0,0,0
LUX,Sailing,0,0,0,0
LUX,Shooting,0,0,0,0
LUX,Swimming,0,0,0,0
LUX,Table Tennis,0,0,0,0
LUX,Tennis,0,0,0,0
LUX,Triathlon,0,0,0,0
LUX,Water Polo,0,0,0,0
LUX,Weightlifting,0,1,0,1
LUX,Wrestling,0,0,0,0
MAD,Athletics,0,0,0,0
MAD,Boxing,0,0,0,0
MAD,Cycling,0,0,0,0
MAD,Judo,0,0,0,0
MAD,Swimming,0,0,0,0
MAD,Table Tennis,0,0,0,0
MAD,Tennis,0,0,0,0
MAD,Weightlifting,0,0,0,0
MAD,Wrestling,0,0,0,0
MAL,Athletics,0,0,0,0
MAL,Hockey,0,0,0,0
MAL,Shooting,0,0,0,0
MAL,Swimming,0,0,0,0
MAL,Weightlifting,0,0,0,0
MAR,Archery,0,0,0,0
MAR,Athletics,8,5,8,21
MAR,Basketball,0,0,0,0
MAR,Beach Volleyball,0,0,0,0
MAR,Boxing,0,0,4,4
MAR,Breaking,0,0,0,0
MAR,Canoe Slalom,0,0,0,0
MAR,Canoe Sprint,0,0,0,0
MAR,Canoeing,0,0,0,0
MAR,Cycling,0,0,0,0
MAR,Cycling BMX Racing,0,0,0,0
MAR,Cycling Road,0,0,0,0
MAR,Equestrian,0,0,0,0
MAR,Equestrianism,0,0,0,0
MAR,Fencing,0,0,0,0
MAR,Football,0,0,19,19
MAR,Golf,0,0,0,0
MAR,Gymnastics,0,0,0,0
MAR,Judo,0,0,0,0
MAR,Karate,0,0,0,0
MAR,Modern Pentathlon,0,0,0,0
MAR,Rowing,0,0,0,0
MAR,Sailing,0,0,0,0
MAR,Shooting,0,0,0,0
MAR,Skateboarding,0,0,0,0
MAR,Surfing,0,0,0,0
MAR,Swimming,0,0,0,0
MAR,Table Tennis,0,0,0,0
MAR,Taekwondo,0,0,0,0
MAR,Tennis,0,0,0,0
MAR,Triathlon,0,0,0,0
MAR,Weightlifting,0,0,0,0
MAR,Wrestling,0,0,0,0
MAS,Archery,0,0,0,0
MAS,Artistic Gymnastics,0,0,0,0
MAS,Athletics,0,0,0,0
MAS,Badminton,0,9,8,17
MAS,Boxing,0,0,0,0
MAS,Canoeing,0,0,0,0
MAS,Cycling,0,0,1,1
MAS,Cycling Road,0,0,0,0
MAS,Cycling Track,0,1,0,1
MAS,Diving,0,2,1,3
MAS,Fencing,0,0,0,0
MAS,Football,0,0,0,0
MAS,Golf,0,0,0,0
MAS,Gymnastics,0,0,0,0
MAS,Hockey,0,0,0,0
MAS,Judo,0,0,0,0
MAS,Sailing,0,0,0,0
MAS,Shooting,0,0,0,0
MAS,Swimming,0,0,0,0
MAS,Table Tennis,0,0,0,0
MAS,Taekwondo,0,0,0,0
MAS,Weightlifting,0,0,0,0
MAS,Wrestling,0,0,0,0
MAW,Archery,0,0,0,0
MAW,Athletics,0,0,0,0
MAW,Boxing,0,0,0,0
MAW,Cycling,0,0,0,0
MAW,Judo,0,0,0,0
MAW,Swimming,0,0,0,0
MDA,Archery,0,0,0,0
MDA,Athletics,0,0,0,0
MDA,Boxing,0,0,2,2
MDA,Canoe Sprint,0,0,2,2
MDA,Canoeing,0,2,0,2
MDA,Cycling,0,0,0,0
MDA,Equestrian,0,0,0,0
MDA,Judo,0,0,2,2
MDA,Shooting,0,1,0,1
MDA,Swimming,0,0,0,0
MDA,Table Tennis,0,0,0,0
MDA,Taekwondo,0,0,0,0
MDA,Tennis,0,0,0,0
MDA,Weightlifting,0,0,2,2
MDA,Wrestling,0,1,1,2
MDV,Athletics,0,0,0,0
MDV,Badminton,0,0,0,0
MDV,Swimming,0,0,0,0
MDV,Table Tennis,0,0,0,0
MEX,Archery,0,1,6,7
MEX,Art Competitions,0,0,0,0
MEX,Artistic Gymnastics,0,0,0,0
MEX,Artistic Swimming,0,0,0,0
MEX,Athletics,3,6,2,11
MEX,Badminton,0,0,0,0
MEX,Baseball/Softball,0,0,0,0
MEX,Basketball,0,0,11,11
MEX,Beach Volleyball,0,0,0,0
MEX,Boxing,2,4,8,14
MEX,Canoe Slalom,0,0,0,0
MEX,Canoe Sprint,0,0,0,0
MEX,Canoeing,0,0,0,0
MEX,Cycling,0,1,1,2
MEX,Cycling Mountain Bike,0,0,0,0
MEX,Cycling Road,0,0,0,0
MEX,Cycling Track,0,0,0,0
MEX,Diving,1,11,10,22
MEX,Equestrian,0,0,0,0
MEX,Equestrianism,4,1,12,17
MEX,Fencing,0,1,0,1
MEX,Football,16,0,22,38
MEX,Golf,0,0,0,0
MEX,Gymnastics,0,0,0,0
MEX,Hockey,0,0,0,0
MEX,Judo,0,1,0,1
MEX,Marathon Swimming,0,0,0,0
MEX,Modern Pentathlon,0,0,1,1
MEX,Polo,0,0,7,7
MEX,Rhythmic Gymnastics,0,0,0,0
MEX,Rowing,0,0,0,0
MEX,Sailing,0,0,0,0
MEX,Shooting,0,1,0,1
MEX,Surfing,0,0,0,0
MEX,Swimming,1,0,1,2
MEX,Synchronized Swimming,0,0,0,0
MEX,Table Tennis,0,0,0,0
MEX,Taekwondo,2,2,3,7
MEX,Tennis,0,0,0,0
MEX,Trampoline Gymnastics,0,0,0,0
MEX,Triathlon,0,0,0,0
MEX,Volleyball,0,0,0,0
MEX,Water Polo,0,0,0,0
MEX,Weightlifting,1,0,1,2
MEX,Wrestling,0,1,0,1
MGL,3x3 Basketball,0,0,0,0
MGL,Archery,0,0,0,0
MGL,Athletics,0,0,0,0
MGL,Boxing,1,2,4,7
MGL,Cycling,0,0,0,0
MGL,Cycling Road,0,0,0,0
MGL,Gymnastics,0,0,0,0
MGL,Judo,1,5,6,12
MGL,Shooting,0,1,1,2
MGL,Swimming,0,0,0,0
MGL,Table Tennis,0,0,0,0
MGL,Taekwondo,0,0,0,0
MGL,Weightlifting,0,0,0,0
MGL,Wrestling,0,4,6,10
MHL,Athletics,0,0,0,0
MHL,Swimming,0,0,0,0
MHL,Taekwondo,0,0,0,0
MHL,Weightlifting,0,0,0,0
MKD,Athletics,0,0,0,0
MKD,Canoeing,0,0,0,0
MKD,Judo,0,0,0,0
MKD,Karate,0,0,0,0
MKD,Shooting,0,0,0,0
MKD,Swimming,0,0,0,0
MKD,Taekwondo,0,1,0,1
MKD,Wrestling,0,0,1,1
MLI,Athletics,0,0,0,0
MLI,Basketball,0,0,0,0
MLI,Boxing,0,0,0,0
MLI,Football,0,0,0,0
MLI,Judo,0,0,0,0
MLI,Swimming,0,0,0,0
MLI,Taekwondo,0,0,0,0
MLT,Archery,0,0,0,0
MLT,Athletics,0,0,0,0
MLT,Badminton,0,0,0,0
MLT,Cycling,0,0,0,0
MLT,Judo,0,0,0,0
MLT,Sailing,0,0,0,0
MLT,Shooting,0,0,0,0
MLT,Swimming,0,0,0,0
MLT,Water Polo,0,0,0,0
MLT,Weightlifting,0,0,0,0
MLT,Wrestling,0,0,0,0
MNE,Athletics,0,0,0,0
MNE,Boxing,0,0,0,0
MNE,Handball,0,14,0,14
MNE,Judo,0,0,0,0
MNE,Sailing,0,0,0,0
MNE,Shooting,0,0,0,0
MNE,Swimming,0,0,0,0
MNE,Tennis,0,0,0,0
MNE,Water Polo,0,0,0,0
MON,Archery,0,0,0,0
MON,Art Competitions,0,0,1,1
MON,Athletics,0,0,0,0
MON,Cycling,0,0,0,0
MON,Fencing,0,0,0,0
MON,Gymnastics,0,0,0,0
MON,Judo,0,0,0,0
MON,Marathon Swimming,0,0,0,0
MON,Rowing,0,0,0,0
MON,Sailing,0,0,0,0
MON,Shooting,0,0,0,0
MON,Swimming,0,0,0,0
MON,Table Tennis,0,0,0,0
MON,Taekwondo,0,0,0,0
MON,Triathlon,0,0,0,0
MON,Weightlifting,0,0,0,0
MOZ,Athletics,1,0,1,2
MOZ,Boxing,0,0,0,0
MOZ,Canoe Sprint,0,0,0,0
MOZ,Canoeing,0,0,0,0
MOZ,Judo,0,0,0,0
MOZ,Sailing,0,0,0,0
MOZ,Swimming,0,0,0,0
MRI,Archery,0,0,0,0
MRI,Athletics,0,0,0,0
MRI,Badminton,0,0,0,0
MRI,Beach Volleyball,0,0,0,0
MRI,Boxing,0,0,1,1
MRI,Cycling,0,0,0,0
MRI,Cycling Road,0,0,0,0
MRI,Judo,0,0,0,0
MRI,Sailing,0,0,0,0
MRI,Swimming,0,0,0,0
MRI,Table Tennis,0,0,0,0
MRI,Triathlon,0,0,0,0
MRI,Weightlifting,0,0,0,0
MRI,Wrestling,0,0,0,0
MTN,Athletics,0,0,0,0
MTN,Swimming,0,0,0,0
MTN,Wrestling,0,0,0,0
MYA,Archery,0,0,0,0
MYA,Athletics,0,0,0,0
MYA,Badminton,0,0,0,0
MYA,Boxing,0,0,0,0
MYA,Canoeing,0,0,0,0
MYA,Football,0,0,0,0
MYA,Judo,0,0,0,0
MYA,Rowing,0,0,0,0
MYA,Sailing,0,0,0,0
MYA,Shooting,0,0,0,0
MYA,Swimming,0,0,0,0
MYA,Weightlifting,0,0,0,0
NAM,Athletics,0,5,0,5
NAM,Boxing,0,0,0,0
NAM,Cycling,0,0,0,0
NAM,Cycling Mountain Bike,0,0,0,0
NAM,Cycling Road,0,0,0,0
NAM,Gymnastics,0,0,0,0
NAM,Marathon Swimming,0,0,0,0
NAM,Rowing,0,0,0,0
NAM,Shooting,0,0,0,0
NAM,Swimming,0,0,0,0
NAM,Wrestling,0,0,0,0
NBO,Athletics,0,0,0,0
NCA,Athletics,0,0,0,0
NCA,Baseball,0,0,0,0
NCA,Boxing,0,0,0,0
NCA,Cycling,0,0,0,0
NCA,Judo,0,0,0,0
NCA,Rowing,0,0,0,0
NCA,Shooting,0,0,0,0
NCA,Surfing,0,0,0,0
NCA,Swimming,0,0,0,0
NCA,Taekwondo,0,0,0,0
NCA,Weightlifting,0,0,0,0
NCA,Wrestling,0,0,0,0
NED,3x3 Basketball,4,0,0,4
NED,Archery,8,2,1,11
NED,Art Competitions,2,1,4,7
NED,Artistic Gymnastics,0,0,0,0
NED,Artistic Swimming,0,0,2,2
NED,Athletics,18,19,15,52
NED,Badminton,0,1,0,1
NED,Baseball,0,0,0,0
NED,Beach Volleyball,0,0,2,2
NED,Boxing,1,2,5,8
NED,Breaking,0,0,0,0
NED,Canoe Slalom,0,0,0,0
NED,Canoe Sprint,0,0,0,0
NED,Canoeing,0,4,8,12
NED,Cycling,25,25,17,67
NED,Cycling BMX Racing,1,1,1,3
NED,Cycling Mountain Bike,0,0,0,0
NED,Cycling Road,1,3,1,5
NED,Cycling Track,12,2,4,18
NED,Diving,0,0,0,0
NED,Equestrian,0,0,2,2
NED,Equestrianism,18,31,7,56
NED,Fencing,0,1,30,31
NED,Football,0,0,42,42
NED,Golf,0,0,0,0
NED,Gymnastics,12,0,0,12
NED,Handball,0,0,0,0
NED,Hockey,133,87,88,308
NED,Judo,4,2,18,24
NED,Marathon Swimming,1,1,0,2
NED,Modern Pentathlon,0,0,0,0
NED,Rowing,36,74,70,180
NED,Sailing,15,20,17,52
NED,Shooting,0,1,5,6
NED,Skateboarding,0,0,0,0
NED,Softball,0,0,0,0
NED,Swimming,30,50,38,118
NED,Synchronized Swimming,0,0,0,0
NED,Table Tennis,0,0,0,0
NED,Taekwondo,0,0,0,0
NED,Tennis,0,2,2,4
NED,Trampolining,0,0,0,0
NED,Triathlon,0,0,0,0
NED,Tug-Of-War,0,8,0,8
NED,Volleyball,12,12,0,24
NED,Water Polo,12,0,32,44
NED,Weightlifting,0,0,3,3
NED,Wrestling,0,0,0,0
NEP,Archery,0,0,0,0
NEP,Athletics,0,0,0,0
NEP,Badminton,0,0,0,0
NEP,Boxing,0,0,0,0
NEP,Judo,0,0,0,0
NEP,Shooting,0,0,0,0
NEP,Swimming,0,0,0,0
NEP,Table Tennis,0,0,0,0
NEP,Taekwondo,0,0,0,0
NEP,Weightlifting,0,0,0,0
NFL,Athletics,0,0,0,0
NGR,Artistic Gymnastics,0,0,0,0
NGR,Athletics,7,10,25,42
NGR,Badminton,0,0,0,0
NGR,Basketball,0,0,0,0
NGR,Boxing,0,3,3,6
NGR,Canoe Sprint,0,0,0,0
NGR,Canoeing,0,0,0,0
NGR,"Cycling Road, Cycling Track",0,0,0,0
NGR,Football,16,16,18,50
NGR,Handball,0,0,0,0
NGR,Judo,0,0,0,0
NGR,Rowing,0,0,0,0
NGR,Swimming,0,0,0,0
NGR,Table Tennis,0,0,0,0
NGR,Taekwondo,0,0,1,1
NGR,Tennis,0,0,0,0
NGR,Weightlifting,0,1,0,1
NGR,Wrestling,0,1,0,1
NIG,Athletics,0,0,0,0
NIG,Boxing,0,0,1,1
NIG,Fencing,0,0,0,0
NIG,Judo,0,0,0,0
NIG,Rowing,0,0,0,0
NIG,Swimming,0,0,0,0
NIG,Taekwondo,0,1,0,1
NOR,Archery,0,0,0,0
NOR,Art Competitions,0,1,0,1
NOR,Artistic Gymnastics,0,0,0,0
NOR,Athletics,11,7,8,26
NOR,Badminton,0,0,0,0
NOR,Beach Volleyball,2,0,2,4
NOR,Boxing,1,2,2,5
NOR,Canoe Sprint,0,0,0,0
NOR,Canoeing,9,5,8,22
NOR,Cycling,2,0,2,4
NOR,Cycling BMX Racing,0,0,0,0
NOR,Cycling Mountain Bike,0,0,0,0
NOR,Cycling Road,0,0,0,0
NOR,Cycling Track,0,0,0,0
NOR,Diving,0,0,0,0
NOR,Equestrian,0,0,0,0
NOR,Equestrianism,0,3,0,3
NOR,Fencing,0,1,0,1
NOR,Figure Skating,0,3,1,4
NOR,Football,17,0,30,47
NOR,Golf,0,0,0,0
NOR,Gymnastics,44,55,22,121
NOR,Handball,43,28,44,115
NOR,Judo,0,0,0,0
NOR,"Marathon Swimming, Swimming",0,0,0,0
NOR,Modern Pentathlon,0,0,0,0
NOR,Rhythmic Gymnastics,0,0,0,0
NOR,Rowing,4,19,39,62
NOR,Sailing,81,37,9,127
NOR,Shooting,29,33,15,77
NOR,Swimming,0,1,1,2
NOR,Taekwondo,0,2,0,2
NOR,Tennis,0,0,1,1
NOR,Triathlon,1,0,0,1
NOR,Weightlifting,2,0,0,2
NOR,Wrestling,4,2,3,9
NRU,Athletics,0,0,0,0
NRU,Judo,0,0,0,0
NRU,Weightlifting,0,0,0,0
NZL,Archery,0,0,0,0
NZL,Artistic Gymnastics,0,0,0,0
NZL,Artistic Swimming,0,0,0,0
NZL,Athletics,11,4,13,28
NZL,Badminton,0,0,0,0
NZL,Basketball,0,0,0,0
NZL,Beach Volleyball,0,0,0,0
NZL,Boxing,1,1,2,4
NZL,Canoe Slalom,1,0,0,1
NZL,Canoe Sprint,11,0,0,11
NZL,Canoeing,12,4,2,18
NZL,Cycling,1,5,12,18
NZL,Cycling BMX Racing,0,0,0,0
NZL,Cycling Mountain Bike,0,0,0,0
NZL,Cycling Road,0,0,0,0
NZL,Cycling Track,2,11,1,14
NZL,Diving,0,0,0,0
NZL,Equestrian,0,0,0,0
NZL,Equestrianism,3,5,15,23
NZL,Fencing,0,0,0,0
NZL,Football,0,0,0,0
NZL,Golf,1,1,1,3
NZL,Gymnastics,0,0,0,0
NZL,Hockey,14,0,0,14
NZL,Judo,0,0,0,0
NZL,Karate,0,0,0,0
NZL,Modern Pentathlon,0,0,0,0
NZL,Rhythmic Gymnastics,0,0,0,0
NZL,Rowing,45,24,34,103
NZL,Rugby Sevens,25,25,0,50
NZL,Sailing,14,17,8,39
NZL,Shooting,0,1,1,2
NZL,Softball,0,0,0,0
NZL,Sport Climbing,0,0,0,0
NZL,Surfing,0,0,0,0
NZL,Swimming,2,1,3,6
NZL,Synchronized Swimming,0,0,0,0
NZL,Table Tennis,0,0,0,0
NZL,Taekwondo,0,0,0,0
NZL,Tennis,0,0,2,2
NZL,Trampoline Gymnastics,0,0,1,1
NZL,Trampolining,0,0,0,0
NZL,Triathlon,1,2,2,5
NZL,Water Polo,1,0,0,1
NZL,Weightlifting,0,0,0,0
NZL,Wrestling,0,0,0,0
OMA,Athletics,0,0,0,0
OMA,Boxing,0,0,0,0
OMA,Cycling,0,0,0,0
OMA,Sailing,0,0,0,0
OMA,Shooting,0,0,0,0
OMA,Swimming,0,0,0,0
OMA,Weightlifting,0,0,0,0
PAK,Athletics,1,0,0,1
PAK,Badminton,0,0,0,0
PAK,Boxing,0,0,1,1
PAK,Cycling,0,0,0,0
PAK,Hockey,42,45,32,119
PAK,Judo,0,0,0,0
PAK,Rowing,0,0,0,0
PAK,Sailing,0,0,0,0
PAK,Shooting,0,0,0,0
PAK,Swimming,0,0,0,0
PAK,Table Tennis,0,0,0,0
PAK,Weightlifting,0,0,0,0
PAK,Wrestling,0,0,1,1
PAN,Artistic Gymnastics,0,0,0,0
PAN,Athletics,1,0,2,3
PAN,Basketball,0,0,0,0
PAN,Boxing,0,1,0,1
PAN,Canoeing,0,0,0,0
PAN,Cycling Road,0,0,0,0
PAN,Fencing,0,0,0,0
PAN,Gymnastics,0,0,0,0
PAN,Judo,0,0,0,0
PAN,Shooting,0,0,0,0
PAN,Swimming,0,0,0,0
PAN,Taekwondo,0,0,0,0
PAN,Weightlifting,0,0,0,0
PAN,Wrestling,0,0,0,0
PAR,Athletics,0,0,0,0
PAR,Beach Volleyball,0,0,0,0
PAR,Boxing,0,0,0,0
PAR,Cycling Road,0,0,0,0
PAR,Fencing,0,0,0,0
PAR,Football,0,17,0,17
PAR,Golf,0,0,0,0
PAR,Judo,0,0,0,0
PAR,Rowing,0,0,0,0
PAR,Sailing,0,0,0,0
PAR,Shooting,0,0,0,0
PAR,Swimming,0,0,0,0
PAR,Table Tennis,0,0,0,0
PAR,Tennis,0,0,0,0
PER,Art Competitions,0,0,0,0
PER,Artistic Gymnastics,0,0,0,0
PER,Athletics,0,0,0,0
PER,Badminton,0,0,0,0
PER,Basketball,0,0,0,0
PER,Boxing,0,0,0,0
PER,Canoeing,0,0,0,0
PER,Cycling,0,0,0,0
PER,Cycling Road,0,0,0,0
PER,Diving,0,0,0,0
PER,Equestrianism,0,0,0,0
PER,Fencing,0,0,0,0
PER,Football,0,0,0,0
PER,Gymnastics,0,0,0,0
PER,Judo,0,0,0,0
PER,Karate,0,0,0,0
PER,Marathon Swimming,0,0,0,0
PER,Modern Pentathlon,0,0,0,0
PER,Rowing,0,0,0,0
PER,Sailing,0,0,1,1
PER,Shooting,1,2,0,3
PER,Skateboarding,0,0,0,0
PER,Surfing,0,0,0,0
PER,Swimming,0,0,0,0
PER,Table Tennis,0,0,0,0
PER,Taekwondo,0,0,0,0
PER,Tennis,0,0,0,0
PER,Volleyball,0,12,0,12
PER,Weightlifting,0,0,0,0
PER,Wrestling,0,0,0,0
PHI,Archery,0,0,0,0
PHI,Art Competitions,0,0,0,0
PHI,Artistic Gymnastics,2,0,0,2
PHI,Athletics,0,0,2,2
PHI,Badminton,0,0,0,0
PHI,Basketball,0,0,0,0
PHI,Boxing,0,4,6,10
PHI,Cycling,0,0,0,0
PHI,Diving,0,0,0,0
PHI,Equestrianism,0,0,0,0
PHI,Fencing,0,0,0,0
PHI,Golf,0,0,0,0
PHI,Gymnastics,0,0,0,0
PHI,Judo,0,0,0,0
PHI,Rowing,0,0,0,0
PHI,Sailing,0,0,0,0
PHI,Shooting,0,0,0,0
PHI,Skateboarding,0,0,0,0
PHI,Swimming,0,0,2,2
PHI,Table Tennis,0,0,0,0
PHI,Taekwondo,0,0,0,0
PHI,Weightlifting,1,1,0,2
PHI,Wrestling,0,0,0,0
PLE,Athletics,0,0,0,0
PLE,Boxing,0,0,0,0
PLE,Equestrianism,0,0,0,0
PLE,Judo,0,0,0,0
PLE,Shooting,0,0,0,0
PLE,Swimming,0,0,0,0
PLE,Taekwondo,0,0,0,0
PLE,Weightlifting,0,0,0,0
PLW,Athletics,0,0,0,0
PLW,Canoeing,0,0,0,0
PLW,Judo,0,0,0,0
PLW,Swimming,0,0,0,0
PLW,Weightlifting,0,0,0,0
PLW,Wrestling,0,0,0,0
PNG,Athletics,0,0,0,0
PNG,Boxing,0,0,0,0
PNG,Judo,0,0,0,0
PNG,Sailing,0,0,0,0
PNG,Shooting,0,0,0,0
PNG,Swimming,0,0,0,0
PNG,Taekwondo,0,0,0,0
PNG,Weightlifting,0,0,0,0
POL,3x3 Basketball,0,0,0,0
POL,Archery,0,1,3,4
POL,Art Competitions,3,2,3,8
POL,Artistic Gymnastics,0,0,0,0
POL,Athletics,41,34,21,96
POL,Badminton,0,0,0,0
POL,Basketball,0,0,0,0
POL,Beach Volleyball,0,0,0,0
POL,Boxing,8,10,26,44
POL,Canoe Slalom,0,1,0,1
POL,Canoe Sprint,0,2,4,6
POL,Canoeing,0,13,24,37
POL,Cycling,0,19,5,24
POL,Cycling Mountain Bike,0,0,0,0
POL,Cycling Road,0,0,0,0
POL,Cycling Track,0,1,0,1
POL,Diving,0,0,0,0
POL,Equestrian,0,0,0,0
POL,Equestrianism,1,10,4,15
POL,Fencing,8,36,42,86
POL,Football,17,33,0,50
POL,Golf,0,0,0,0
POL,Gymnastics,1,1,7,9
POL,Handball,0,0,14,14
POL,Hockey,0,0,0,0
POL,Judo,3,3,2,8
POL,Marathon Swimming,0,0,0,0
POL,Modern Pentathlon,5,0,1,6
POL,Rhythmic Gymnastics,0,0,0,0
POL,Rowing,10,13,37,60
POL,Sailing,1,2,3,6
POL,Shooting,4,3,5,12
POL,Skateboarding,0,0,0,0
POL,Sport Climbing,1,0,1,2
POL,Swimming,1,3,2,6
POL,Table Tennis,0,0,0,0
POL,Taekwondo,0,0,0,0
POL,Tennis,0,0,1,1
POL,Triathlon,0,0,0,0
POL,Volleyball,12,13,22,47
POL,Weightlifting,5,6,21,32
POL,Wrestling,5,9,13,27
POR,Archery,0,0,0,0
POR,Art Competitions,0,0,0,0
POR,Artistic Gymnastics,0,0,0,0
POR,Athletics,5,4,4,13
POR,Badminton,0,0,0,0
POR,Beach Volleyball,0,0,0,0
POR,Boxing,0,0,0,0
POR,Breaking,0,0,0,0
POR,Canoe Slalom,0,0,0,0
POR,Canoe Sprint,0,0,1,1
POR,Canoeing,0,2,0,2
POR,Cycling,0,1,0,1
POR,Cycling Mountain Bike,0,0,0,0
POR,Cycling Road,0,0,0,0
POR,Cycling Track,2,1,0,3
POR,Diving,0,0,0,0
POR,Equestrian,0,0,0,0
POR,Equestrianism,0,0,10,10
POR,Fencing,0,0,6,6
POR,Football,0,0,0,0
POR,Golf,0,0,0,0
POR,Gymnastics,0,0,0,0
POR,Handball,0,0,0,0
POR,Judo,0,0,4,4
POR,Marathon Swimming,0,0,0,0
POR,Modern Pentathlon,0,0,0,0
POR,Rhythmic Gymnastics,0,0,0,0
POR,Rowing,0,0,0,0
POR,Sailing,0,4,4,8
POR,Shooting,0,1,0,1
POR,Skateboarding,0,0,0,0
POR,Surfing,0,0,0,0
POR,Swimming,0,0,0,0
POR,Table Tennis,0,0,0,0
POR,Taekwondo,0,0,0,0
POR,Tennis,0,0,0,0
POR,Trampoline Gymnastics,0,0,0,0
POR,Trampolining,0,0,0,0
POR,Triathlon,0,1,0,1
POR,Water Polo,0,0,0,0
POR,Weightlifting,0,0,0,0
POR,Wrestling,0,0,0,0
PRK,Archery,0,0,0,0
PRK,Artistic Gymnastics,0,0,0,0
PRK,Athletics,0,0,0,0
PRK,Boxing,2,3,4,9
PRK,Cycling,0,0,0,0
PRK,Diving,0,2,1,3
PRK,Football,0,0,0,0
PRK,Gymnastics,3,0,0,3
PRK,Judo,2,2,4,8
PRK,Rhythmic Gymnastics,0,0,0,0
PRK,Rowing,0,0,0,0
PRK,Shooting,1,0,2,3
PRK,Synchronized Swimming,0,0,0,0
PRK,Table Tennis,0,3,4,7
PRK,Volleyball,0,0,11,11
PRK,Weightlifting,5,7,5,17
PRK,Wrestling,3,2,7,12
PUR,Archery,0,0,0,0
PUR,Athletics,1,0,2,3
PUR,Baseball,0,0,0,0
PUR,Basketball,0,0,0,0
PUR,Beach Volleyball,0,0,0,0
PUR,Boxing,0,1,5,6
PUR,Cycling,0,0,0,0
PUR,Diving,0,0,0,0
PUR,Equestrian,0,0,0,0
PUR,Equestrianism,0,0,0,0
PUR,Fencing,0,0,0,0
PUR,Golf,0,0,0,0
PUR,Gymnastics,0,0,0,0
PUR,Judo,0,0,0,0
PUR,Rowing,0,0,0,0
PUR,Sailing,0,0,0,0
PUR,Shooting,0,0,0,0
PUR,Skateboarding,0,0,0,0
PUR,Softball,0,0,0,0
PUR,Swimming,0,0,0,0
PUR,Synchronized Swimming,0,0,0,0
PUR,Table Tennis,0,0,0,0
PUR,Taekwondo,0,0,0,0
PUR,Tennis,1,0,0,1
PUR,Triathlon,0,0,0,0
PUR,Volleyball,0,0,0,0
PUR,Weightlifting,0,0,0,0
PUR,Wrestling,0,1,1,2
QAT,Archery,0,0,0,0
QAT,Athletics,1,1,3,5
QAT,Beach Volleyball,0,0,2,2
QAT,Boxing,0,0,0,0
QAT,Equestrianism,0,0,0,0
QAT,Fencing,0,0,0,0
QAT,Football,0,0,0,0
QAT,Handball,0,0,0,0
QAT,Judo,0,0,0,0
QAT,Rowing,0,0,0,0
QAT,Sailing,0,0,0,0
QAT,Shooting,0,0,1,1
QAT,Swimming,0,0,0,0
QAT,Table Tennis,0,0,0,0
QAT,Taekwondo,0,0,0,0
QAT,Weightlifting,1,0,1,2
RHO,Athletics,0,0,0,0
RHO,Boxing,0,0,0,0
RHO,Diving,0,0,0,0
RHO,Sailing,0,0,0,0
RHO,Shooting,0,0,0,0
ROC,3x3 Basketball,0,8,0,8
ROC,Archery,0,4,0,4
ROC,Artistic Gymnastics,8,2,4,14
ROC,Artistic Swimming,10,0,0,10
ROC,Athletics,1,1,0,2
ROC,Badminton,0,0,0,0
ROC,Beach Volleyball,0,2,0,2
ROC,Boxing,1,1,4,6
ROC,Canoe Slalom,0,0,0,0
ROC,Canoe Sprint,0,0,0,0
ROC,Cycling BMX Freestyle,0,0,0,0
ROC,Cycling BMX Racing,0,0,0,0
ROC,Cycling Mountain Bike,0,0,0,0
ROC,Cycling Road,0,0,0,0
ROC,Cycling Track,0,0,5,5
ROC,Diving,0,0,2,2
ROC,Equestrian,0,0,0,0
ROC,Fencing,9,10,1,20
ROC,Handball,0,15,0,15
ROC,Judo,0,0,3,3
ROC,Marathon Swimming,0,0,0,0
ROC,Modern Pentathlon,0,0,0,0
ROC,Rhythmic Gymnastics,0,6,0,6
ROC,Rowing,0,3,0,3
ROC,Rugby Sevens,0,0,0,0
ROC,Sailing,0,0,0,0
ROC,Shooting,2,5,3,10
ROC,Sport Climbing,0,0,0,0
ROC,Swimming,2,7,1,10
ROC,Table Tennis,0,0,0,0
ROC,Taekwondo,2,1,1,4
ROC,Tennis,2,3,0,5
ROC,Trampoline Gymnastics,0,0,0,0
ROC,Triathlon,0,0,0,0
ROC,Volleyball,0,12,0,12
ROC,Water Polo,0,0,0,0
ROC,Weightlifting,0,0,0,0
ROC,Wrestling,4,0,4,8
ROT,Athletics,0,0,0,0
ROT,Judo,0,0,0,0
ROT,Swimming,0,0,0,0
ROU,3x3 Basketball,0,0,0,0
ROU,Archery,0,0,0,0
ROU,Art Competitions,0,0,0,0
ROU,Artistic Gymnastics,0,0,1,1
ROU,Athletics,11,14,10,35
ROU,Badminton,0,0,0,0
ROU,Basketball,0,0,0,0
ROU,Boxing,1,9,15,25
ROU,Canoe Sprint,0,0,0,0
ROU,Canoeing,18,24,25,67
ROU,Cycling,0,0,0,0
ROU,Cycling Mountain Bike,0,0,0,0
ROU,Cycling Road,0,0,0,0
ROU,Diving,0,0,0,0
ROU,Equestrianism,0,1,3,4
ROU,Fencing,7,15,26,48
ROU,Football,0,0,0,0
ROU,Gymnastics,40,40,55,135
ROU,Handball,0,14,44,58
ROU,Judo,1,2,3,6
ROU,Modern Pentathlon,0,0,0,0
ROU,Rhythmic Gymnastics,0,1,0,1
ROU,Rowing,78,70,52,200
ROU,Rugby,0,0,16,16
ROU,Sailing,0,0,0,0
ROU,Shooting,6,4,5,15
ROU,Swimming,4,2,5,11
ROU,Table Tennis,0,0,0,0
ROU,Tennis,0,2,0,2
ROU,Triathlon,0,0,0,0
ROU,Volleyball,0,0,10,10
ROU,Water Polo,0,0,0,0
ROU,Weightlifting,2,8,4,14
ROU,Wrestling,7,8,18,33
RSA,Archery,0,0,0,0
RSA,Art Competitions,0,1,1,2
RSA,Artistic Gymnastics,0,0,0,0
RSA,Artistic Swimming,0,0,0,0
RSA,Athletics,8,22,6,36
RSA,Badminton,0,0,0,0
RSA,Baseball,0,0,0,0
RSA,Beach Volleyball,0,0,0,0
RSA,Boxing,6,4,9,19
RSA,Canoe Sprint,0,0,0,0
RSA,Canoeing,0,0,1,1
RSA,Cycling,1,9,6,16
RSA,Cycling BMX Freestyle,0,0,0,0
RSA,Cycling BMX Racing,0,0,0,0
RSA,Cycling Mountain Bike,0,0,1,1
RSA,Cycling Road,0,0,0,0
RSA,Cycling Track,0,0,0,0
RSA,Diving,0,0,0,0
RSA,Equestrian,0,0,0,0
RSA,Equestrianism,0,0,0,0
RSA,Fencing,0,0,0,0
RSA,Football,0,0,0,0
RSA,Golf,0,0,0,0
RSA,Gymnastics,0,0,0,0
RSA,Hockey,0,0,0,0
RSA,Judo,0,0,0,0
RSA,Marathon Swimming,0,0,0,0
RSA,Modern Pentathlon,0,0,0,0
RSA,Rhythmic Gymnastics,0,0,0,0
RSA,Rowing,4,2,2,8
RSA,Rugby Sevens,0,0,26,26
RSA,Sailing,0,0,0,0
RSA,Shooting,0,5,0,5
RSA,Skateboarding,0,0,0,0
RSA,Sport Climbing,0,0,0,0
RSA,Surfing,0,1,0,1
RSA,Swimming,11,8,12,31
RSA,Synchronized Swimming,0,0,0,0
RSA,Table Tennis,0,0,0,0
RSA,Taekwondo,0,0,0,0
RSA,Tennis,4,3,1,8
RSA,Triathlon,0,0,1,1
RSA,Tug-Of-War,0,0,0,0
RSA,Water Polo,0,0,0,0
RSA,Weightlifting,0,0,0,0
RSA,Wrestling,0,0,0,0
RUS,Archery,0,3,1,4
RUS,Art Competitions,0,0,0,0
RUS,Athletics,29,45,29,103
RUS,Badminton,0,0,2,2
RUS,Basketball,0,0,36,36
RUS,Beach Volleyball,0,0,0,0
RUS,Boxing,10,5,15,30
RUS,Canoeing,3,5,14,22
RUS,Cycling,5,9,10,24
RUS,Diving,6,14,7,27
RUS,Equestrianism,0,0,0,0
RUS,Fencing,33,10,19,62
RUS,Figure Skating,1,0,0,1
RUS,Football,0,0,0,0
RUS,Golf,0,0,0,0
RUS,Gymnastics,16,38,29,83
RUS,Handball,30,14,14,58
RUS,Judo,5,4,7,16
RUS,Modern Pentathlon,4,1,0,5
RUS,Rhythmic Gymnastics,34,4,7,45
RUS,Rowing,4,0,14,18
RUS,Sailing,0,3,8,11
RUS,Shooting,7,17,12,36
RUS,Swimming,5,24,14,43
RUS,Synchronized Swimming,54,0,0,54
RUS,Table Tennis,0,0,0,0
RUS,Taekwondo,0,2,2,4
RUS,Tennis,4,3,3,10
RUS,Trampolining,2,2,0,4
RUS,Triathlon,0,0,0,0
RUS,Volleyball,12,34,24,70
RUS,Water Polo,0,12,39,51
RUS,Weightlifting,3,13,10,26
RUS,Wrestling,29,16,15,60
RWA,Athletics,0,0,0,0
RWA,Cycling,0,0,0,0
RWA,Cycling Road,0,0,0,0
RWA,Fencing,0,0,0,0
RWA,Judo,0,0,0,0
RWA,Swimming,0,0,0,0
SAA,Athletics,0,0,0,0
SAA,Boxing,0,0,0,0
SAA,Canoeing,0,0,0,0
SAA,Fencing,0,0,0,0
SAA,Gymnastics,0,0,0,0
SAA,Rowing,0,0,0,0
SAA,Shooting,0,0,0,0
SAA,Swimming,0,0,0,0
SAA,Wrestling,0,0,0,0
SAM,Archery,0,0,0,0
SAM,Athletics,0,0,0,0
SAM,Boxing,0,0,0,0
SAM,Canoe Sprint,0,0,0,0
SAM,Canoeing,0,0,0,0
SAM,Cycling,0,0,0,0
SAM,Judo,0,0,0,0
SAM,Rugby Sevens,0,0,0,0
SAM,Sailing,0,0,0,0
SAM,Swimming,0,0,0,0
SAM,Taekwondo,0,0,0,0
SAM,Weightlifting,0,0,0,0
SAM,Wrestling,0,0,0,0
SCG,Athletics,0,0,0,0
SCG,Basketball,0,12,0,12
SCG,Boxing,0,0,0,0
SCG,Canoeing,0,0,0,0
SCG,Cycling,0,0,0,0
SCG,Diving,0,0,0,0
SCG,Fencing,0,0,0,0
SCG,Football,0,0,0,0
SCG,Handball,0,0,0,0
SCG,Judo,0,0,0,0
SCG,Rowing,0,0,0,0
SCG,Shooting,1,2,1,4
SCG,Swimming,0,0,0,0
SCG,Table Tennis,0,0,0,0
SCG,Tennis,0,0,0,0
SCG,Volleyball,11,0,12,23
SCG,Water Polo,0,12,13,25
SCG,Weightlifting,0,0,0,0
SCG,Wrestling,0,0,0,0
SEN,Athletics,0,1,0,1
SEN,Basketball,0,0,0,0
SEN,Boxing,0,0,0,0
SEN,Canoe Slalom,0,0,0,0
SEN,Canoe Sprint,0,0,0,0
SEN,Canoeing,0,0,0,0
SEN,Fencing,0,0,0,0
SEN,Football,0,0,0,0
SEN,Judo,0,0,0,0
SEN,Sailing,0,0,0,0
SEN,Shooting,0,0,0,0
SEN,Swimming,0,0,0,0
SEN,Table Tennis,0,0,0,0
SEN,Taekwondo,0,0,0,0
SEN,Wrestling,0,0,0,0
SEY,Athletics,0,0,0,0
SEY,Badminton,0,0,0,0
SEY,Boxing,0,0,0,0
SEY,Canoeing,0,0,0,0
SEY,Judo,0,0,0,0
SEY,Sailing,0,0,0,0
SEY,Swimming,0,0,0,0
SEY,Weightlifting,0,0,0,0
SGP,Artistic Gymnastics,0,0,0,0
SGP,Athletics,0,0,0,0
SGP,Badminton,0,0,0,0
SGP,Basketball,0,0,0,0
SGP,Boxing,0,0,0,0
SGP,Canoe Sprint,0,0,0,0
SGP,Canoeing,0,0,0,0
SGP,Diving,0,0,0,0
SGP,Equestrian,0,0,0,0
SGP,Fencing,0,0,0,0
SGP,Golf,0,0,0,0
SGP,Gymnastics,0,0,0,0
SGP,Hockey,0,0,0,0
SGP,Judo,0,0,0,0
SGP,Marathon Swimming,0,0,0,0
SGP,Rowing,0,0,0,0
SGP,Sailing,0,0,1,1
SGP,Shooting,0,0,0,0
SGP,Swimming,1,0,0,1
SGP,Table Tennis,0,3,4,7
SGP,Water Polo,0,0,0,0
SGP,Weightlifting,0,1,0,1
SKN,Athletics,0,0,0,0
SKN,Swimming,0,0,0,0
SLE,Athletics,0,0,0,0
SLE,Boxing,0,0,0,0
SLE,Cycling,0,0,0,0
SLE,Judo,0,0,0,0
SLE,Swimming,0,0,0,0
SLE,Weightlifting,0,0,0,0
SLO,Archery,0,0,0,0
SLO,Artistic Gymnastics,0,0,0,0
SLO,Athletics,1,2,1,4
SLO,Badminton,0,0,0,0
SLO,Basketball,0,0,0,0
SLO,Canoe Slalom,1,0,0,1
SLO,Canoe Sprint,0,0,0,0
SLO,Canoeing,0,2,0,2
SLO,Cycling,0,0,0,0
SLO,Cycling Mountain Bike,0,0,0,0
SLO,Cycling Road,1,0,1,2
SLO,Golf,0,0,0,0
SLO,Gymnastics,0,0,0,0
SLO,Handball,0,0,0,0
SLO,Judo,3,1,3,7
SLO,Marathon Swimming,0,0,0,0
SLO,Rhythmic Gymnastics,0,0,0,0
SLO,Rowing,2,2,8,12
SLO,Sailing,0,3,1,4
SLO,Shooting,1,0,2,3
SLO,Sport Climbing,2,0,0,2
SLO,Swimming,0,1,0,1
SLO,Table Tennis,0,0,0,0
SLO,Taekwondo,0,0,0,0
SLO,Tennis,0,0,0,0
SLO,Triathlon,0,0,0,0
SLO,Volleyball,0,0,0,0
SMR,Archery,0,0,0,0
SMR,Athletics,0,0,0,0
SMR,Cycling,0,0,0,0
SMR,Gymnastics,0,0,0,0
SMR,Judo,0,0,0,0
SMR,Sailing,0,0,0,0
SMR,Shooting,0,2,1,3
SMR,Swimming,0,0,0,0
SMR,Tennis,0,0,0,0
SMR,Weightlifting,0,0,0,0
SMR,Wrestling,0,0,1,1
SOL,Archery,0,0,0,0
SOL,Athletics,0,0,0,0
SOL,Boxing,0,0,0,0
SOL,Judo,0,0,0,0
SOL,Swimming,0,0,0,0
SOL,Weightlifting,0,0,0,0
SOM,Athletics,0,0,0,0
SOM,Boxing,0,0,0,0
SRB,3x3 Basketball,0,0,4,4
SRB,Athletics,0,0,1,1
SRB,Basketball,0,12,24,36
SRB,Boxing,0,0,0,0
SRB,Canoe Sprint,0,0,0,0
SRB,Canoeing,0,2,0,2
SRB,Cycling,0,0,0,0
SRB,Cycling Road,0,0,0,0
SRB,Football,0,0,0,0
SRB,Handball,0,0,0,0
SRB,Judo,0,0,0,0
SRB,Karate,1,0,0,1
SRB,Rowing,0,0,0,0
SRB,Shooting,2,2,2,6
SRB,Swimming,0,1,0,1
SRB,Table Tennis,0,0,0,0
SRB,Taekwondo,2,2,1,5
SRB,Tennis,1,0,1,2
SRB,Volleyball,0,12,12,24
SRB,Water Polo,39,0,26,65
SRB,Wrestling,1,0,1,2
SRI,Artistic Gymnastics,0,0,0,0
SRI,Athletics,0,2,0,2
SRI,Badminton,0,0,0,0
SRI,Boxing,0,0,0,0
SRI,Cycling,0,0,0,0
SRI,Diving,0,0,0,0
SRI,Equestrian,0,0,0,0
SRI,Judo,0,0,0,0
SRI,Sailing,0,0,0,0
SRI,Shooting,0,0,0,0
SRI,Swimming,0,0,0,0
SRI,Weightlifting,0,0,0,0
SRI,Wrestling,0,0,0,0
SSD,Athletics,0,0,0,0
SSD,Basketball,0,0,0,0
STP,Athletics,0,0,0,0
STP,Canoe Sprint,0,0,0,0
STP,Canoeing,0,0,0,0
STP,Judo,0,0,0,0
SUD,Athletics,0,1,0,1
SUD,Boxing,0,0,0,0
SUD,Football,0,0,0,0
SUD,Judo,0,0,0,0
SUD,Rowing,0,0,0,0
SUD,Shooting,0,0,0,0
SUD,Swimming,0,0,0,0
SUD,Table Tennis,0,0,0,0
SUD,Weightlifting,0,0,0,0
SUI,Aeronautics,1,0,0,1
SUI,Alpinism,2,0,0,2
SUI,Archery,0,0,0,0
SUI,Art Competitions,3,5,1,9
SUI,Artistic Gymnastics,0,0,0,0
SUI,Athletics,0,6,2,8
SUI,Badminton,0,0,0,0
SUI,Basketball,0,0,0,0
SUI,Beach Volleyball,0,0,6,6
SUI,Boxing,0,0,0,0
SUI,Canoe Slalom,0,0,0,0
SUI,Canoeing,0,4,0,4
SUI,Cycling,5,15,6,26
SUI,Cycling BMX Freestyle,0,0,1,1
SUI,Cycling BMX Racing,0,0,1,1
SUI,Cycling Mountain Bike,1,2,1,4
SUI,Cycling Road,0,1,0,1
SUI,Cycling Track,0,0,0,0
SUI,Diving,0,0,0,0
SUI,Equestrian,0,1,0,1
SUI,Equestrianism,5,30,15,50
SUI,Fencing,1,10,12,23
SUI,Figure Skating,0,0,0,0
SUI,Football,0,15,0,15
SUI,Golf,0,0,0,0
SUI,Gymnastics,23,40,21,84
SUI,Handball,0,0,17,17
SUI,Hockey,0,0,0,0
SUI,Ice Hockey,0,0,0,0
SUI,Judo,1,1,2,4
SUI,Karate,0,0,0,0
SUI,Modern Pentathlon,0,0,0,0
SUI,Rhythmic Gymnastics,0,0,0,0
SUI,Rowing,24,27,26,77
SUI,Sailing,3,6,3,12
SUI,Shooting,24,9,24,57
SUI,Sport Climbing,0,0,0,0
SUI,Swimming,0,0,4,4
SUI,Synchronized Swimming,0,0,0,0
SUI,Table Tennis,0,0,0,0
SUI,Taekwondo,0,0,0,0
SUI,Tennis,4,5,0,9
SUI,Trampolining,0,0,0,0
SUI,Triathlon,2,2,2,6
SUI,Water Polo,0,0,0,0
SUI,Weightlifting,0,2,2,4
SUI,Wrestling,4,4,7,15
SUR,Athletics,0,0,0,0
SUR,Badminton,0,0,0,0
SUR,Cycling,0,0,0,0
SUR,Cycling Track,0,0,0,0
SUR,Judo,0,0,0,0
SUR,Swimming,1,0,1,2
SVK,Archery,0,0,0,0
SVK,Artistic Gymnastics,0,0,0,0
SVK,Athletics,1,0,0,1
SVK,Badminton,0,0,0,0
SVK,Basketball,0,0,0,0
SVK,Boxing,0,0,0,0
SVK,Canoe Slalom,0,1,1,2
SVK,Canoe Sprint,0,0,4,4
SVK,Canoeing,12,12,8,32
SVK,Cycling,0,0,0,0
SVK,Cycling Road,0,0,0,0
SVK,Football,0,0,0,0
SVK,Golf,0,1,0,1
SVK,Gymnastics,0,0,0,0
SVK,Judo,0,1,0,1
SVK,Rowing,0,0,0,0
SVK,Sailing,0,0,0,0
SVK,Shooting,1,2,3,6
SVK,Skateboarding,0,0,0,0
SVK,Swimming,0,2,0,2
SVK,Synchronized Swimming,0,0,0,0
SVK,Table Tennis,0,0,0,0
SVK,Tennis,0,0,0,0
SVK,Trampolining,0,0,0,0
SVK,Triathlon,0,0,0,0
SVK,Water Polo,0,0,0,0
SVK,Weightlifting,0,0,0,0
SVK,Wrestling,0,0,1,1
SWE,Archery,0,2,0,2
SWE,Art Competitions,2,0,2,4
SWE,Artistic Gymnastics,0,0,0,0
SWE,Athletics,35,36,61,132
SWE,Badminton,0,0,0,0
SWE,Basketball,0,0,0,0
SWE,Beach Volleyball,2,0,0,2
SWE,Boxing,0,5,6,11
SWE,Canoe Slalom,0,0,0,0
SWE,Canoe Sprint,0,0,0,0
SWE,Canoeing,23,23,11,57
SWE,Cycling,15,11,22,48
SWE,Cycling Mountain Bike,0,0,1,1
SWE,Cycling Road,0,0,0,0
SWE,Diving,6,8,7,21
SWE,Equestrian,4,1,0,5
SWE,Equestrianism,37,24,24,85
SWE,Fencing,6,13,7,26
SWE,Figure Skating,3,2,1,6
SWE,Football,12,40,30,82
SWE,Golf,0,1,0,1
SWE,Gymnastics,95,7,1,103
SWE,Handball,0,61,0,61
SWE,Ice Hockey,0,0,0,0
SWE,Judo,0,0,1,1
SWE,"Marathon Swimming, Swimming",0,0,0,0
SWE,Modern Pentathlon,9,9,7,25
SWE,Rhythmic Gymnastics,0,0,0,0
SWE,Rowing,0,10,0,10
SWE,Sailing,33,50,37,120
SWE,Shooting,32,55,40,127
SWE,Skateboarding,0,0,0,0
SWE,Swimming,11,27,35,73
SWE,Synchronized Swimming,0,0,0,0
SWE,Table Tennis,1,5,1,7
SWE,Taekwondo,0,0,0,0
SWE,Tennis,0,6,8,14
SWE,Triathlon,0,1,0,1
SWE,Tug-Of-War,11,0,8,19
SWE,Volleyball,0,0,0,0
SWE,Water Polo,0,7,17,24
SWE,Weightlifting,0,0,4,4
SWE,Wrestling,28,27,31,86
SWZ,Athletics,0,0,0,0
SWZ,Boxing,0,0,0,0
SWZ,Shooting,0,0,0,0
SWZ,Swimming,0,0,0,0
SWZ,Taekwondo,0,0,0,0
SWZ,Weightlifting,0,0,0,0
SYR,Artistic Gymnastics,0,0,0,0
SYR,Athletics,1,0,0,1
SYR,Boxing,0,0,1,1
SYR,Cycling,0,0,0,0
SYR,Diving,0,0,0,0
SYR,Equestrian,0,0,0,0
SYR,Equestrianism,0,0,0,0
SYR,Football,0,0,0,0
SYR,Judo,0,0,0,0
SYR,Shooting,0,0,0,0
SYR,Swimming,0,0,0,0
SYR,Table Tennis,0,0,0,0
SYR,Triathlon,0,0,0,0
SYR,Weightlifting,0,0,1,1
SYR,Wrestling,0,1,0,1
TAN,Athletics,0,2,0,2
TAN,Boxing,0,0,0,0
TAN,Hockey,0,0,0,0
TAN,Judo,0,0,0,0
TAN,Swimming,0,0,0,0
TCH,Archery,0,0,0,0
TCH,Art Competitions,0,1,2,3
TCH,Athletics,11,8,5,24
TCH,Badminton,0,0,0,0
TCH,Basketball,0,0,0,0
TCH,Boxing,3,1,2,6
TCH,Canoeing,10,7,1,18
TCH,Cycling,2,3,8,13
TCH,Diving,1,1,0,2
TCH,Equestrianism,1,0,0,1
TCH,Fencing,0,0,0,0
TCH,Football,16,17,0,33
TCH,Gymnastics,19,42,17,78
TCH,Handball,0,16,0,16
TCH,Hockey,0,16,0,16
TCH,Ice Hockey,0,0,8,8
TCH,Judo,0,0,1,1
TCH,Modern Pentathlon,0,3,1,4
TCH,Rhythmic Gymnastics,0,0,0,0
TCH,Rowing,7,4,34,45
TCH,Sailing,0,0,0,0
TCH,Shooting,4,3,2,9
TCH,Swimming,0,0,0,0
TCH,Synchronized Swimming,0,0,0,0
TCH,Table Tennis,0,0,0,0
TCH,Tennis,1,2,4,7
TCH,Volleyball,0,11,12,23
TCH,Water Polo,0,0,0,0
TCH,Weightlifting,3,2,3,8
TCH,Wrestling,1,7,7,15
TGA,Archery,0,0,0,0
TGA,Athletics,0,0,0,0
TGA,Boxing,0,1,0,1
TGA,Judo,0,0,0,0
TGA,Swimming,0,0,0,0
TGA,Taekwondo,0,0,0,0
TGA,Weightlifting,0,0,0,0
THA,Archery,0,0,0,0
THA,Athletics,0,0,0,0
THA,Badminton,0,1,0,1
THA,Basketball,0,0,0,0
THA,Boxing,4,4,8,16
THA,Canoe Sprint,0,0,0,0
THA,Canoeing,0,0,0,0
THA,Cycling,0,0,0,0
THA,Cycling BMX Racing,0,0,0,0
THA,Cycling Road,0,0,0,0
THA,Cycling Track,0,0,0,0
THA,Diving,0,0,0,0
THA,Equestrian,0,0,0,0
THA,Equestrianism,0,0,0,0
THA,Fencing,0,0,0,0
THA,Football,0,0,0,0
THA,Golf,0,0,0,0
THA,Judo,0,0,0,0
THA,Modern Pentathlon,0,0,0,0
THA,Rowing,0,0,0,0
THA,Sailing,0,0,0,0
THA,Shooting,0,0,0,0
THA,Skateboarding,0,0,0,0
THA,Swimming,0,0,0,0
THA,Table Tennis,0,0,0,0
THA,Taekwondo,2,2,3,7
THA,Tennis,0,0,0,0
THA,Weightlifting,5,4,5,14
TJK,Archery,0,0,0,0
TJK,Athletics,1,0,0,1
TJK,Boxing,0,0,2,2
TJK,Diving,0,0,0,0
TJK,Judo,0,0,3,3
TJK,Shooting,0,0,0,0
TJK,Swimming,0,0,0,0
TJK,Taekwondo,0,0,0,0
TJK,Weightlifting,0,0,0,0
TJK,Wrestling,0,1,0,1
TKM,Athletics,0,0,0,0
TKM,Boxing,0,0,0,0
TKM,Judo,0,0,0,0
TKM,Shooting,0,0,0,0
TKM,Swimming,0,0,0,0
TKM,Table Tennis,0,0,0,0
TKM,Weightlifting,0,1,0,1
TKM,Wrestling,0,0,0,0
TLS,Athletics,0,0,0,0
TLS,Cycling,0,0,0,0
TLS,Swimming,0,0,0,0
TLS,Taekwondo,0,0,0,0
TOG,Athletics,0,0,0,0
TOG,Boxing,0,0,0,0
TOG,Canoeing,0,0,1,1
TOG,Cycling,0,0,0,0
TOG,Judo,0,0,0,0
TOG,Rowing,0,0,0,0
TOG,Swimming,0,0,0,0
TOG,Table Tennis,0,0,0,0
TOG,Tennis,0,0,0,0
TOG,Triathlon,0,0,0,0
TPE,Archery,0,6,6,12
TPE,Artistic Gymnastics,0,1,1,2
TPE,Athletics,0,1,1,2
TPE,Badminton,4,1,0,5
TPE,Baseball,0,20,0,20
TPE,Basketball,0,0,0,0
TPE,Boxing,1,0,3,4
TPE,Breaking,0,0,0,0
TPE,Canoe Slalom,0,0,0,0
TPE,Canoe Sprint,0,0,0,0
TPE,Cycling,0,0,0,0
TPE,Cycling Road,0,0,0,0
TPE,Diving,0,0,0,0
TPE,Equestrian,0,0,0,0
TPE,Equestrianism,0,0,0,0
TPE,Fencing,0,0,0,0
TPE,Football,0,0,0,0
TPE,Golf,0,0,1,1
TPE,Gymnastics,0,0,0,0
TPE,Judo,0,1,0,1
TPE,Karate,0,0,1,1
TPE,Modern Pentathlon,0,0,0,0
TPE,Rowing,0,0,0,0
TPE,Sailing,0,0,0,0
TPE,Shooting,0,0,1,1
TPE,Softball,0,0,0,0
TPE,Swimming,0,0,0,0
TPE,Table Tennis,0,1,3,4
TPE,Taekwondo,2,1,6,9
TPE,Tennis,0,0,0,0
TPE,Weightlifting,2,2,7,11
TPE,Wrestling,0,0,0,0
TTO,Athletics,7,7,14,28
TTO,Badminton,0,0,0,0
TTO,Boxing,0,0,0,0
TTO,Cycling,0,0,0,0
TTO,Cycling Road,0,0,0,0
TTO,Cycling Track,0,0,0,0
TTO,Gymnastics,0,0,0,0
TTO,Judo,0,0,0,0
TTO,Rowing,0,0,0,0
TTO,Sailing,0,0,0,0
TTO,Shooting,0,0,0,0
TTO,Swimming,0,0,1,1
TTO,Table Tennis,0,0,0,0
TTO,Taekwondo,0,0,0,0
TTO,Weightlifting,0,1,2,3
TUN,Archery,0,0,0,0
TUN,Athletics,1,3,1,5
TUN,Basketball,0,0,0,0
TUN,Beach Volleyball,0,0,0,0
TUN,Boxing,0,0,2,2
TUN,Canoe Slalom,0,0,0,0
TUN,Canoe Sprint,0,0,0,0
TUN,Canoeing,0,0,0,0
TUN,Cycling,0,0,0,0
TUN,Fencing,0,1,1,2
TUN,Football,0,0,0,0
TUN,Gymnastics,0,0,0,0
TUN,Handball,0,0,0,0
TUN,Judo,0,0,0,0
TUN,Marathon Swimming,0,0,0,0
TUN,"Marathon Swimming, Swimming",0,0,0,0
TUN,Modern Pentathlon,0,0,0,0
TUN,Rowing,0,0,0,0
TUN,Sailing,0,0,0,0
TUN,Shooting,0,0,0,0
TUN,Swimming,3,0,1,4
TUN,Table Tennis,0,0,0,0
TUN,Taekwondo,1,1,2,4
TUN,Tennis,0,0,0,0
TUN,Volleyball,0,0,0,0
TUN,Weightlifting,0,0,0,0
TUN,Wrestling,0,0,1,1
TUR,Archery,1,0,3,4
TUR,Art Competitions,0,0,0,0
TUR,Artistic Gymnastics,0,0,1,1
TUR,Athletics,1,2,3,6
TUR,Badminton,0,0,0,0
TUR,Basketball,0,0,0,0
TUR,Boxing,1,5,4,10
TUR,Canoeing,0,0,0,0
TUR,Cycling,0,0,0,0
TUR,Cycling Road,0,0,0,0
TUR,Diving,0,0,0,0
TUR,Equestrianism,0,0,0,0
TUR,Fencing,0,0,0,0
TUR,Football,0,0,0,0
TUR,Gymnastics,0,0,0,0
TUR,Judo,1,0,1,2
TUR,Karate,0,1,3,4
TUR,"Marathon Swimming, Swimming",0,0,0,0
TUR,Modern Pentathlon,0,0,0,0
TUR,Rowing,0,0,0,0
TUR,Sailing,0,0,0,0
TUR,Shooting,0,2,0,2
TUR,Swimming,0,0,0,0
TUR,Table Tennis,0,0,0,0
TUR,Taekwondo,1,3,6,10
TUR,Tennis,0,0,0,0
TUR,Volleyball,0,0,0,0
TUR,Weightlifting,8,2,2,12
TUR,Wrestling,29,18,21,68
TUV,Athletics,0,0,0,0
TUV,Weightlifting,0,0,0,0
UAE,Athletics,0,0,0,0
UAE,Cycling,0,0,0,0
UAE,Cycling Road,0,0,0,0
UAE,Equestrian,0,0,0,0
UAE,Equestrianism,0,0,0,0
UAE,Football,0,0,0,0
UAE,Judo,0,0,1,1
UAE,Sailing,0,0,0,0
UAE,Shooting,1,0,0,1
UAE,Swimming,0,0,0,0
UAE,Taekwondo,0,0,0,0
UAE,Weightlifting,0,0,0,0
UAR,Athletics,0,0,0,0
UAR,Boxing,0,0,1,1
UAR,Diving,0,0,0,0
UAR,Equestrianism,0,0,0,0
UAR,Fencing,0,0,0,0
UAR,Football,0,0,0,0
UAR,Gymnastics,0,0,0,0
UAR,Rowing,0,0,0,0
UAR,Shooting,0,0,0,0
UAR,Water Polo,0,0,0,0
UAR,Weightlifting,0,0,0,0
UAR,Wrestling,0,1,0,1
UGA,Archery,0,0,0,0
UGA,Athletics,5,2,2,9
UGA,Badminton,0,0,0,0
UGA,Boxing,0,3,1,4
UGA,Cycling,0,0,0,0
UGA,Cycling Road,0,0,0,0
UGA,Hockey,0,0,0,0
UGA,Rowing,0,0,0,0
UGA,Swimming,0,0,0,0
UGA,Table Tennis,0,0,0,0
UGA,Weightlifting,0,0,0,0
UKR,Archery,1,3,4,8
UKR,Artistic Gymnastics,0,1,0,1
UKR,Artistic Swimming,0,0,10,10
UKR,Athletics,3,3,19,25
UKR,Badminton,0,0,0,0
UKR,Basketball,0,0,0,0
UKR,Boxing,5,4,7,16
UKR,Breaking,0,0,0,0
UKR,Canoe Slalom,0,0,0,0
UKR,Canoe Sprint,0,4,1,5
UKR,Canoeing,3,2,7,12
UKR,Cycling,0,4,2,6
UKR,Cycling Mountain Bike,0,0,0,0
UKR,Cycling Road,0,0,0,0
UKR,Cycling Track,0,1,0,1
UKR,Diving,0,0,4,4
UKR,Equestrian,0,0,0,0
UKR,Equestrianism,0,0,0,0
UKR,Fencing,9,4,5,18
UKR,Football,0,0,0,0
UKR,Gymnastics,5,8,10,23
UKR,Handball,0,0,15,15
UKR,Judo,0,1,3,4
UKR,Karate,0,1,1,2
UKR,Marathon Swimming,0,0,0,0
UKR,Modern Pentathlon,0,1,1,2
UKR,Rhythmic Gymnastics,1,0,4,5
UKR,Rowing,4,4,4,12
UKR,Sailing,2,5,4,11
UKR,Shooting,4,3,4,11
UKR,Sport Climbing,0,0,0,0
UKR,Swimming,4,3,2,9
UKR,Synchronized Swimming,0,0,0,0
UKR,Table Tennis,0,0,0,0
UKR,Taekwondo,0,0,0,0
UKR,Tennis,0,0,1,1
UKR,Trampoline Gymnastics,0,0,0,0
UKR,Trampolining,1,1,0,2
UKR,Triathlon,0,0,0,0
UKR,Volleyball,0,0,0,0
UKR,Water Polo,0,0,0,0
UKR,Weightlifting,3,2,3,8
UKR,Wrestling,4,9,9,22
UNK,Art Competitions,0,0,0,0
URS,Archery,1,3,3,7
URS,Athletics,83,70,89,242
URS,Basketball,48,50,48,146
URS,Boxing,14,19,18,51
URS,Canoeing,54,21,12,87
URS,Cycling,29,8,16,53
URS,Diving,4,4,6,14
URS,Equestrianism,16,7,6,29
URS,Fencing,63,47,36,146
URS,Football,36,0,51,87
URS,Gymnastics,141,99,48,288
URS,Handball,55,14,15,84
URS,Hockey,0,0,32,32
URS,Judo,5,5,13,23
URS,Modern Pentathlon,13,9,5,27
URS,Rhythmic Gymnastics,1,0,1,2
URS,Rowing,23,87,45,155
URS,Sailing,7,9,4,20
URS,Shooting,17,15,17,49
URS,Swimming,18,46,60,124
URS,Synchronized Swimming,0,0,0,0
URS,Table Tennis,0,0,0,0
URS,Tennis,0,0,0,0
URS,Volleyball,81,48,12,141
URS,Water Polo,22,22,34,78
URS,Weightlifting,39,21,2,62
URS,Wrestling,62,31,23,116
URU,Art Competitions,0,0,0,0
URU,Athletics,0,0,0,0
URU,Basketball,0,0,24,24
URU,Boxing,0,0,1,1
URU,Canoe Sprint,0,0,0,0
URU,Canoeing,0,0,0,0
URU,Cycling,0,1,0,1
URU,Cycling Road,0,0,0,0
URU,Diving,0,0,0,0
URU,Equestrianism,0,0,0,0
URU,Fencing,0,0,0,0
URU,Football,31,0,0,31
URU,Judo,0,0,0,0
URU,Modern Pentathlon,0,0,0,0
URU,Rowing,0,1,5,6
URU,Rugby Sevens,0,0,0,0
URU,Sailing,0,0,0,0
URU,Shooting,0,0,0,0
URU,Swimming,0,0,0,0
URU,Taekwondo,0,0,0,0
URU,Tennis,0,0,0,0
URU,Water Polo,0,0,0,0
URU,Weightlifting,0,0,0,0
USA,3x3 Basketball,4,0,4,8
USA,Archery,22,20,18,60
USA,Art Competitions,4,5,0,9
USA,Artistic Gymnastics,9,6,11,26
USA,Artistic Swimming,0,9,0,9
USA,Athletics,596,350,244,1190
USA,Badminton,0,0,0,0
USA,Baseball,24,0,44,68
USA,Baseball/Softball,0,39,0,39
USA,Basketball,329,24,36,389
USA,Beach Volleyball,14,4,4,22
USA,Boxing,50,27,41,118
USA,Breaking,0,0,1,1
USA,Canoe Slalom,0,0,1,1
USA,Canoe Sprint,1,1,0,2
USA,Canoeing,8,7,6,21
USA,Cycling,16,31,31,78
USA,Cycling BMX Freestyle,0,2,0,2
USA,Cycling BMX Racing,0,0,0,0
USA,Cycling Mountain Bike,0,1,0,1
USA,Cycling Road,0,0,0,0
USA,"Cycling Road, Cycling Track",0,0,0,0
USA,"Cycling Road, Triathlon",0,0,0,0
USA,Cycling Track,6,0,5,11
USA,Diving,48,52,47,147
USA,Equestrian,0,11,0,11
USA,Equestrianism,30,49,53,132
USA,Fencing,10,19,52,81
USA,Figure Skating,0,0,1,1
USA,Football,86,24,34,144
USA,Golf,15,12,14,41
USA,Gymnastics,60,71,63,194
USA,Handball,0,0,0,0
USA,Hockey,0,0,30,30
USA,Ice Hockey,0,11,0,11
USA,Jeu De Paume,1,0,0,1
USA,Judo,2,4,8,14
USA,Karate,0,0,1,1
USA,Lacrosse,0,12,0,12
USA,Marathon Swimming,0,0,0,0
USA,"Marathon Swimming, Swimming",0,0,0,0
USA,Modern Pentathlon,0,12,5,17
USA,Polo,2,5,5,12
USA,Rhythmic Gymnastics,0,0,0,0
USA,Roque,1,1,1,3
USA,Rowing,190,101,97,388
USA,Rugby,36,0,0,36
USA,Rugby Sevens,0,0,12,12
USA,Sailing,60,45,37,142
USA,Shooting,121,43,43,207
USA,Skateboarding,0,2,3,5
USA,Softball,45,15,0,60
USA,Sport Climbing,0,2,1,3
USA,Surfing,2,0,0,2
USA,Swimming,698,311,197,1206
USA,Synchronized Swimming,16,3,11,30
USA,Table Tennis,0,0,0,0
USA,Taekwondo,3,2,6,11
USA,Tennis,34,12,20,66
USA,Trampoline Gymnastics,0,0,0,0
USA,Trampolining,0,0,0,0
USA,Triathlon,1,5,2,8
USA,Tug-Of-War,5,5,4,14
USA,Volleyball,48,49,61,158
USA,Water Polo,45,72,59,176
USA,Weightlifting,17,17,12,46
USA,Wrestling,57,46,41,144
UZB,Archery,0,0,0,0
UZB,Artistic Gymnastics,0,0,0,0
UZB,Athletics,0,0,0,0
UZB,Boxing,10,2,8,20
UZB,Canoe Sprint,0,0,0,0
UZB,Canoeing,0,0,0,0
UZB,Cycling,0,0,0,0
UZB,Cycling Road,0,0,0,0
UZB,Diving,0,0,0,0
UZB,Fencing,0,0,0,0
UZB,Football,0,0,0,0
UZB,Gymnastics,0,0,1,1
UZB,Judo,1,2,7,10
UZB,Modern Pentathlon,0,0,0,0
UZB,Rhythmic Gymnastics,0,0,0,0
UZB,Rowing,0,0,0,0
UZB,Shooting,0,0,0,0
UZB,Swimming,0,0,0,0
UZB,Table Tennis,0,0,0,0
UZB,Taekwondo,2,1,0,3
UZB,Tennis,0,0,0,0
UZB,Trampolining,0,0,1,1
UZB,Weightlifting,2,1,0,3
UZB,Wrestling,5,3,5,13
VAN,Archery,0,0,0,0
VAN,Athletics,0,0,0,0
VAN,Boxing,0,0,0,0
VAN,Judo,0,0,0,0
VAN,Rowing,0,0,0,0
VAN,Swimming,0,0,0,0
VAN,Table Tennis,0,0,0,0
VAN,Weightlifting,0,0,0,0
VEN,Archery,0,0,0,0
VEN,Art Competitions,0,0,0,0
VEN,Athletics,1,1,1,3
VEN,Basketball,0,0,0,0
VEN,Beach Volleyball,0,0,0,0
VEN,Boxing,1,2,3,6
VEN,Canoeing,0,0,0,0
VEN,Cycling,0,0,1,1
VEN,Cycling BMX Freestyle,0,1,0,1
VEN,Cycling Road,0,0,0,0
VEN,Diving,0,0,0,0
VEN,Equestrian,0,0,0,0
VEN,Equestrianism,0,0,0,0
VEN,Fencing,1,0,0,1
VEN,Football,0,0,0,0
VEN,Golf,0,0,0,0
VEN,Gymnastics,0,0,0,0
VEN,Judo,0,0,0,0
VEN,Karate,0,0,0,0
VEN,Marathon Swimming,0,0,0,0
VEN,Rowing,0,0,0,0
VEN,Sailing,0,0,0,0
VEN,Shooting,0,0,1,1
VEN,Softball,0,0,0,0
VEN,Swimming,0,0,1,1
VEN,Synchronized Swimming,0,0,0,0
VEN,Table Tennis,0,0,0,0
VEN,Taekwondo,0,0,2,2
VEN,Tennis,0,0,0,0
VEN,Triathlon,0,0,0,0
VEN,Volleyball,0,0,0,0
VEN,Weightlifting,0,2,1,3
VEN,Wrestling,0,0,0,0
VIE,Archery,0,0,0,0
VIE,Artistic Gymnastics,0,0,0,0
VIE,Athletics,0,0,0,0
VIE,Badminton,0,0,0,0
VIE,Boxing,0,0,0,0
VIE,Canoe Sprint,0,0,0,0
VIE,Canoeing,0,0,0,0
VIE,Cycling,0,0,0,0
VIE,Cycling Road,0,0,0,0
VIE,Fencing,0,0,0,0
VIE,Gymnastics,0,0,0,0
VIE,Judo,0,0,0,0
VIE,Rowing,0,0,0,0
VIE,Shooting,1,1,0,2
VIE,Swimming,0,0,0,0
VIE,Table Tennis,0,0,0,0
VIE,Taekwondo,0,1,0,1
VIE,Weightlifting,0,1,0,1
VIE,Wrestling,0,0,0,0
VIN,Athletics,0,0,0,0
VIN,Swimming,0,0,0,0
VNM,Athletics,0,0,0,0
VNM,Boxing,0,0,0,0
VNM,Cycling,0,0,0,0
VNM,Fencing,0,0,0,0
VNM,Judo,0,0,0,0
VNM,Shooting,0,0,0,0
VNM,Swimming,0,0,0,0
WIF,Athletics,0,0,5,5
WIF,Cycling,0,0,0,0
WIF,Sailing,0,0,0,0
WIF,Shooting,0,0,0,0
WIF,Weightlifting,0,0,0,0
YAR,Athletics,0,0,0,0
YAR,Judo,0,0,0,0
YAR,Wrestling,0,0,0,0
YEM,Athletics,0,0,0,0
YEM,Gymnastics,0,0,0,0
YEM,Judo,0,0,0,0
YEM,Shooting,0,0,0,0
YEM,Swimming,0,0,0,0
YEM,Taekwondo,0,0,0,0
YEM,Wrestling,0,0,0,0
YMD,Athletics,0,0,0,0
YMD,Boxing,0,0,0,0
YUG,Archery,0,0,0,0
YUG,Art Competitions,0,0,0,0
YUG,Athletics,0,2,0,2
YUG,Basketball,12,48,24,84
YUG,Boxing,3,2,6,11
YUG,Canoeing,3,3,1,7
YUG,Cycling,0,0,0,0
YUG,Diving,0,0,0,0
YUG,Equestrianism,0,0,0,0
YUG,Fencing,0,0,0,0
YUG,Football,16,40,17,73
YUG,Gymnastics,5,2,11,18
YUG,Handball,43,14,15,72
YUG,Judo,0,0,2,2
YUG,Rhythmic Gymnastics,0,0,0,0
YUG,Rowing,4,2,7,13
YUG,Sailing,0,0,0,0
YUG,Shooting,2,0,1,3
YUG,Swimming,1,1,0,2
YUG,Table Tennis,0,2,2,4
YUG,Tennis,0,0,0,0
YUG,Volleyball,0,0,0,0
YUG,Water Polo,37,39,0,76
YUG,Weightlifting,0,0,0,0
YUG,Wrestling,4,6,6,16
ZAM,Athletics,0,1,1,2
ZAM,Badminton,0,0,0,0
ZAM,Boxing,0,0,1,1
ZAM,Fencing,0,0,0,0
ZAM,Football,0,0,0,0
ZAM,Judo,0,0,0,0
ZAM,Swimming,0,0,0,0
ZAM,Wrestling,0,0,0,0
ZIM,Archery,0,0,0,0
ZIM,Athletics,0,0,0,0
ZIM,Boxing,0,0,0,0
ZIM,Cycling,0,0,0,0
ZIM,Diving,0,0,0,0
ZIM,Equestrianism,0,0,0,0
ZIM,Football,0,0,0,0
ZIM,Golf,0,0,0,0
ZIM,Hockey,15,0,0,15
ZIM,Judo,0,0,0,0
ZIM,Rowing,0,0,0,0
ZIM,Sailing,0,0,0,0
ZIM,Shooting,0,0,0,0
ZIM,Swimming,2,4,1,7
ZIM,Tennis,0,0,0,0
ZIM,Triathlon,0,0,0,0
ZIM,Weightlifting,0,0,0,0
