NOC,Sport,Gold_Medals,Silver_Medals,Bronze_Medals,Total_Medals,Participation_Count,TOPSIS_Score_Sum
AFG,Athletics,0,0,0,0,2,0
AFG,Shooting,0,0,0,0,1,0
AFG,Swimming,0,0,0,0,1,0
AFG,Taekwondo,0,0,0,0,1,0
AHO,Athletics,0,0,0,0,3,0.002248224
AHO,Shooting,0,0,0,0,1,0
ALB,Artistic Gymnastics,0,0,0,0,1,0
ALB,Athletics,0,0,0,0,4,0.002250696
ALB,Judo,0,0,0,0,2,0
ALB,Shooting,0,0,0,0,2,0.001125348
ALB,Swimming,0,0,0,0,3,0.001125348
ALB,Weightlifting,0,0,0,0,5,0.003373572
ALG,Athletics,0,0,0,0,7,0.002250696
ALG,Boxing,0,0,0,0,15,0.007865081
ALG,Canoe Sprint,0,0,0,0,2,0.001125348
ALG,Cycling Road,0,0,0,0,3,0.001125348
ALG,Fencing,0,0,0,0,4,0
ALG,Judo,0,0,0,0,4,0.002248224
ALG,Karate,0,0,0,0,1,0
ALG,Marathon Swimming,0,0,0,0,1,0
ALG,Rowing,0,0,0,0,2,0
ALG,Sailing,0,0,0,0,3,0.001125348
ALG,Shooting,0,0,0,0,1,0
ALG,Swimming,0,0,0,0,6,0.004493981
ALG,Table Tennis,0,0,0,0,1,0
ALG,Weightlifting,0,0,0,0,3,0.002248224
ALG,Wrestling,0,0,0,0,9,0.001125348
ARG,Artistic Gymnastics,0,0,0,0,5,0.004486578
ARG,Athletics,0,0,0,0,5,0
ARG,Basketball,0,0,0,0,15,0.003373572
ARG,Beach Volleyball,0,0,0,0,6,0.002248224
ARG,Boxing,0,0,0,0,6,0
ARG,Canoe Slalom,0,0,0,0,1,0
ARG,Canoe Sprint,0,0,0,0,4,0.001125348
ARG,Cycling BMX Racing,0,0,0,0,1,0
ARG,Cycling Mountain Bike,0,0,0,0,1,0
ARG,Cycling Road,0,0,0,0,1,0
ARG,Equestrian,0,0,0,0,8,0.004501392
ARG,Equestrianism,0,0,0,0,2,0.001125348
ARG,Fencing,0,0,0,0,1,0
ARG,Football,0,0,0,0,22,0
ARG,Golf,0,0,0,0,1,0
ARG,Handball,0,0,0,0,19,0.003373572
ARG,Hockey,1,19,0,20,41,1.709852166
ARG,Judo,1,0,1,2,8,0.123613999
ARG,Marathon Swimming,0,0,0,0,1,0
ARG,Modern Pentathlon,0,0,0,0,1,0
ARG,Rowing,0,0,0,0,4,0.002248224
ARG,Rugby Sevens,0,0,13,13,14,1.03976283
ARG,Sailing,0,0,0,0,13,0.002250696
ARG,Shooting,0,0,0,0,10,0.006747144
ARG,Surfing,0,0,0,0,1,0
ARG,Swimming,0,0,0,0,8,0.00449892
ARG,Table Tennis,0,0,0,0,2,0
ARG,Taekwondo,0,0,0,0,1,0
ARG,Tennis,0,0,0,0,11,0.004501392
ARG,Triathlon,0,0,0,0,1,0
ARG,Volleyball,0,0,12,12,30,0.959852236
ARG,Wrestling,0,0,0,0,1,0
ARM,Artistic Gymnastics,0,0,1,1,2,0.079989894
ARM,Athletics,0,0,0,0,2,0.001125348
ARM,Boxing,0,0,1,1,4,0.079989894
ARM,Judo,0,0,0,0,1,0
ARM,Shooting,0,0,0,0,1,0
ARM,Swimming,0,0,0,0,3,0.001125348
ARM,Weightlifting,0,2,0,2,3,0.164831348
ARM,Wrestling,1,1,1,3,8,0.15954354
AUS,Archery,0,0,2,2,17,0.165821
AUS,Artistic Gymnastics,0,0,0,0,12,0.010098504
AUS,Artistic Swimming,0,0,0,0,10,0.002250696
AUS,Athletics,0,1,2,3,95,0.280954183
AUS,Badminton,0,0,0,0,5,0.001125348
AUS,Baseball,0,1,0,1,1,0.086140832
AUS,Baseball/Softball,0,0,0,0,15,0
AUS,Basketball,0,0,13,13,33,1.04432589
AUS,Beach Volleyball,0,2,0,2,5,0.172290252
AUS,Boxing,0,0,1,1,5,0.079981078
AUS,Canoe Slalom,1,0,1,2,4,0.12020334
AUS,Canoe Sprint,2,0,0,2,24,0.170185158
AUS,Canoeing,0,0,0,0,4,0.002250696
AUS,Cycling,0,2,1,3,20,0.257977606
AUS,Cycling BMX Freestyle,1,0,0,1,2,0.080581957
AUS,Cycling BMX Racing,0,0,0,0,1,0
AUS,Cycling Mountain Bike,0,0,0,0,2,0
AUS,Cycling Road,0,0,0,0,9,0.003376044
AUS,Cycling Track,0,0,5,5,17,0.40444396
AUS,Diving,0,1,2,3,13,0.20309091
AUS,Equestrian,0,4,1,5,18,0.387081887
AUS,Equestrianism,2,1,0,3,6,0.243503477
AUS,Football,0,0,0,0,53,0.010128132
AUS,Golf,0,0,0,0,5,0.001125348
AUS,Hockey,0,18,0,18,45,1.55507072
AUS,Judo,0,0,0,0,5,0.002250696
AUS,Karate,0,0,0,0,1,0
AUS,Marathon Swimming,0,0,1,1,2,0.079981078
AUS,Modern Pentathlon,0,0,0,0,3,0.001125348
AUS,Rhythmic Gymnastics,0,0,0,0,6,0
AUS,Rowing,8,3,8,19,52,1.462998949
AUS,Rugby Sevens,5,0,0,5,34,0.406331979
AUS,Sailing,4,3,0,7,19,0.526074648
AUS,Shooting,0,0,0,0,51,0.040325247
AUS,Skateboarding,1,0,0,1,5,0.080581957
AUS,Sport Climbing,0,0,0,0,2,0
AUS,Surfing,0,0,1,1,4,0.079981078
AUS,Swimming,27,10,35,72,127,4.455950193
AUS,Table Tennis,0,0,0,0,19,0.014604819
AUS,Taekwondo,0,0,0,0,6,0.002248224
AUS,Tennis,0,0,2,2,31,0.176801482
AUS,Trampoline Gymnastics,0,0,0,0,2,0
AUS,Triathlon,0,0,0,0,14,0.00899784
AUS,Volleyball,0,0,0,0,1,0
AUS,Water Polo,0,0,2,2,49,0.172451144
AUS,Weightlifting,0,0,0,0,5,0
AUS,Wrestling,0,0,0,0,1,0
AUT,Artistic Gymnastics,0,0,0,0,5,0.004486578
AUT,Artistic Swimming,0,0,0,0,2,0
AUT,Athletics,0,0,1,1,9,0.082229302
AUT,Badminton,0,0,0,0,1,0
AUT,Canoe Slalom,0,0,0,0,3,0
AUT,Canoe Sprint,0,0,0,0,4,0.002250696
AUT,Cycling Mountain Bike,0,0,0,0,2,0
AUT,Cycling Road,1,0,0,1,5,0.081707305
AUT,Cycling Track,0,0,0,0,5,0.002250696
AUT,Equestrian,0,0,0,0,8,0.003376044
AUT,Golf,0,0,0,0,4,0.001125348
AUT,Judo,0,1,1,2,10,0.170615891
AUT,Karate,0,0,1,1,1,0.079981078
AUT,Modern Pentathlon,0,0,0,0,1,0
AUT,Rowing,0,0,1,1,4,0.079989894
AUT,Sailing,0,0,2,2,9,0.159979788
AUT,Shooting,0,0,0,0,3,0.001125348
AUT,Skateboarding,0,0,0,0,1,0
AUT,Sport Climbing,0,0,1,1,2,0.079981078
AUT,Swimming,0,0,0,0,14,0.00787002
AUT,Table Tennis,0,0,0,0,28,0.024604936
AUT,Tennis,0,0,0,0,3,0.001125348
AUT,Triathlon,0,0,0,0,10,0.006747144
AUT,Weightlifting,0,0,0,0,3,0.001125348
AZE,Artistic Gymnastics,0,0,0,0,12,0.011201669
AZE,Athletics,0,0,0,0,4,0.001125348
AZE,Badminton,0,0,0,0,1,0
AZE,Boxing,0,0,1,1,5,0.079981078
AZE,Cycling Road,0,0,0,0,1,0
AZE,Fencing,0,0,0,0,1,0
AZE,Judo,0,0,1,1,9,0.079981078
AZE,Karate,0,2,0,2,3,0.172281664
AZE,Rhythmic Gymnastics,0,0,0,0,6,0
AZE,Shooting,0,0,0,0,5,0.003368633
AZE,Swimming,0,0,0,0,2,0
AZE,Taekwondo,0,0,0,0,2,0
AZE,Triathlon,0,0,0,0,2,0.001125348
AZE,Wrestling,0,3,3,6,10,0.400338836
BAH,Athletics,2,0,2,4,37,0.298804765
BAH,Swimming,0,0,0,0,7,0.005611926
BAR,Athletics,0,0,0,0,8,0.001125348
BAR,Swimming,0,0,0,0,4,0.002248224
BDI,Athletics,0,1,0,1,9,0.089572166
BDI,Boxing,0,0,0,0,1,0
BDI,Swimming,0,0,0,0,2,0
BEL,3x3 Basketball,0,0,0,0,4,0
BEL,Archery,0,0,0,0,1,0
BEL,Artistic Gymnastics,1,0,0,1,24,0.097571798
BEL,Athletics,2,0,1,3,48,0.25307994
BEL,Badminton,0,0,0,0,3,0.002248224
BEL,Basketball,0,0,0,0,12,0
BEL,Canoe Slalom,0,0,0,0,1,0
BEL,Canoe Sprint,0,0,0,0,5,0.002250696
BEL,Cycling,0,0,1,1,7,0.081115242
BEL,Cycling Road,0,1,0,1,10,0.088400116
BEL,Cycling Track,0,0,0,0,5,0.001125348
BEL,Equestrian,0,0,4,4,18,0.324460968
BEL,Golf,0,0,0,0,4,0.001125348
BEL,Hockey,18,3,0,21,25,1.58476139
BEL,Judo,0,0,1,1,5,0.081106426
BEL,Rowing,0,0,0,0,2,0
BEL,Sailing,0,0,0,0,4,0
BEL,Shooting,0,0,0,0,1,0
BEL,Skateboarding,0,0,0,0,2,0
BEL,Swimming,0,0,0,0,10,0.008973156
BEL,Taekwondo,0,0,0,0,2,0.001125348
BEL,Tennis,0,0,0,0,6,0.002250696
BEL,Triathlon,0,0,0,0,9,0.005624268
BEL,Weightlifting,0,0,0,0,2,0
BER,Rowing,0,0,0,0,1,0
BER,Triathlon,1,0,0,1,4,0.080650937
BLR,Archery,0,0,0,0,6,0.003376044
BLR,Artistic Gymnastics,0,0,0,0,5,0.004486578
BLR,Artistic Swimming,0,0,0,0,2,0
BLR,Athletics,0,1,2,3,35,0.204185424
BLR,Boxing,0,0,0,0,4,0
BLR,Canoe Sprint,0,4,0,4,18,0.346873008
BLR,Cycling Road,0,0,0,0,3,0.001125348
BLR,Cycling Track,0,0,0,0,2,0
BLR,Equestrian,0,0,0,0,1,0
BLR,Judo,0,0,0,0,3,0
BLR,Modern Pentathlon,0,0,0,0,3,0
BLR,Rhythmic Gymnastics,0,0,1,1,8,0.081106426
BLR,Rowing,0,0,0,0,5,0
BLR,Sailing,0,0,0,0,2,0
BLR,Shooting,0,0,0,0,13,0.01119924
BLR,Swimming,0,0,0,0,20,0.013481946
BLR,Tennis,0,0,0,0,5,0.002250696
BLR,Trampoline Gymnastics,1,0,0,1,2,0.080581957
BLR,Weightlifting,0,0,0,0,2,0
BLR,Wrestling,0,2,1,3,8,0.252262742
BOT,Athletics,0,1,6,7,21,0.570674011
BOT,Boxing,0,0,0,0,2,0
BOT,Swimming,0,0,0,0,2,0.001125348
BOT,Weightlifting,0,0,0,0,1,0
BRA,Archery,0,0,0,0,6,0.004493981
BRA,Artistic Gymnastics,1,1,0,2,43,0.161183234
BRA,Athletics,0,0,2,2,85,0.191415137
BRA,Badminton,0,0,0,0,2,0
BRA,Basketball,0,0,0,0,1,0
BRA,Beach Volleyball,1,1,0,2,10,0.1253357
BRA,Boxing,1,1,1,3,7,0.246703867
BRA,Canoe Slalom,0,0,0,0,3,0.001125348
BRA,Canoe Sprint,1,0,0,1,5,0.081716535
BRA,Canoeing,0,0,0,0,2,0
BRA,Cycling,0,0,0,0,3,0.001125348
BRA,Cycling BMX Racing,0,0,0,0,1,0
BRA,Cycling Mountain Bike,0,0,0,0,2,0
BRA,Diving,0,0,0,0,6,0.002248224
BRA,Equestrian,0,0,0,0,17,0.009002784
BRA,Fencing,0,0,0,0,7,0.005616857
BRA,Football,22,2,0,24,46,1.945084718
BRA,Handball,0,0,0,0,36,0.004501392
BRA,Judo,0,0,3,3,26,0.251235297
BRA,Marathon Swimming,1,0,0,1,1,0.080581957
BRA,Modern Pentathlon,0,0,0,0,1,0
BRA,Rhythmic Gymnastics,0,0,0,0,5,0
BRA,Rowing,0,0,0,0,1,0
BRA,Rugby Sevens,0,0,0,0,16,0.003376044
BRA,Sailing,6,2,2,10,35,0.678841921
BRA,Shooting,0,0,0,0,1,0
BRA,Skateboarding,0,3,0,3,12,0.258422496
BRA,Surfing,1,0,0,1,4,0.080581957
BRA,Swimming,0,0,2,2,70,0.204897989
BRA,Table Tennis,0,0,0,0,27,0.022423084
BRA,Taekwondo,0,0,0,0,3,0
BRA,Tennis,0,0,2,2,11,0.165573035
BRA,Triathlon,0,0,0,0,3,0
BRA,Volleyball,3,12,0,15,28,1.151258071
BRA,Weightlifting,0,0,0,0,2,0
BRA,Wrestling,0,0,0,0,3,0.001125348
BRN,Athletics,0,1,0,1,17,0.089516876
BRN,Boxing,0,0,0,0,1,0
BRN,Handball,0,0,0,0,15,0.001125348
BRN,Shooting,0,0,0,0,1,0
BRN,Swimming,0,0,0,0,2,0
BUL,Artistic Gymnastics,0,0,0,0,7,0.006715091
BUL,Athletics,0,1,0,1,21,0.101827893
BUL,Badminton,0,0,0,0,6,0.003376044
BUL,Boxing,1,0,0,1,3,0.080581957
BUL,Canoe Sprint,0,0,0,0,1,0
BUL,Judo,0,0,0,0,5,0.002250696
BUL,Karate,1,0,0,1,1,0.080581957
BUL,Rhythmic Gymnastics,5,0,0,5,7,0.402909785
BUL,Shooting,0,1,0,1,5,0.087274768
BUL,Swimming,0,0,0,0,10,0.00562674
BUL,Table Tennis,0,0,0,0,1,0
BUL,Weightlifting,0,0,0,0,2,0
BUL,Wrestling,0,0,2,2,7,0.159962156
BUR,Athletics,0,0,1,1,5,0.083349711
BUR,Cycling Road,0,0,0,0,1,0
BUR,Judo,0,0,0,0,1,0
BUR,Swimming,0,0,0,0,2,0
BUR,Taekwondo,0,0,0,0,1,0
CAN,Archery,0,0,0,0,8,0.006727411
CAN,Artistic Gymnastics,0,0,0,0,31,0.029123343
CAN,Artistic Swimming,0,0,0,0,10,0.002250696
CAN,Athletics,2,2,12,16,114,1.216488403
CAN,Badminton,0,0,0,0,8,0
CAN,Baseball/Softball,0,0,15,15,15,1.19971617
CAN,Basketball,0,0,0,0,18,0.006747144
CAN,Beach Volleyball,0,0,0,0,6,0.002250696
CAN,Boxing,0,0,0,0,6,0.001125348
CAN,Canoe Slalom,0,0,0,0,4,0
CAN,Canoe Sprint,0,1,2,3,26,0.214247789
CAN,Cycling,0,0,3,3,11,0.241108232
CAN,Cycling BMX Racing,0,0,0,0,2,0
CAN,Cycling Mountain Bike,0,0,0,0,2,0
CAN,Cycling Road,0,0,0,0,4,0.001125348
CAN,Cycling Track,1,0,1,2,17,0.163957125
CAN,Diving,0,2,4,6,26,0.4303142
CAN,Equestrian,0,0,0,0,11,0.004501392
CAN,Fencing,0,0,0,0,17,0.006749616
CAN,Football,22,0,14,36,38,2.394973262
CAN,Golf,0,0,0,0,6,0.002250696
CAN,Hockey,0,0,0,0,18,0
CAN,Judo,0,0,3,3,10,0.241108232
CAN,Karate,0,0,0,0,1,0
CAN,Marathon Swimming,0,0,0,0,2,0
CAN,Rowing,9,0,2,11,37,0.890863015
CAN,Rugby Sevens,0,0,5,5,31,0.39994947
CAN,Sailing,0,0,0,0,14,0.006737274
CAN,Shooting,0,0,0,0,2,0.001125348
CAN,Skateboarding,0,0,0,0,4,0
CAN,Sport Climbing,0,0,0,0,2,0
CAN,Swimming,1,7,12,20,112,1.310121477
CAN,Table Tennis,0,0,0,0,9,0.005611926
CAN,Taekwondo,0,0,0,0,2,0
CAN,Tennis,0,0,0,0,7,0.003373572
CAN,Trampoline Gymnastics,0,0,0,0,2,0
CAN,Triathlon,0,0,0,0,10,0.005624268
CAN,Volleyball,0,0,0,0,17,0.00562674
CAN,Water Polo,0,0,0,0,13,0
CAN,Weightlifting,1,0,0,1,6,0.081707305
CAN,Wrestling,0,0,0,0,4,0
CHI,Archery,0,0,0,0,1,0
CHI,Artistic Gymnastics,0,0,0,0,6,0.004486578
CHI,Athletics,0,0,0,0,3,0
CHI,Beach Volleyball,0,0,0,0,2,0
CHI,Canoe Sprint,0,0,0,0,3,0.001125348
CHI,Cycling BMX Freestyle,0,0,0,0,1,0
CHI,Cycling Mountain Bike,0,0,0,0,1,0
CHI,Cycling Road,0,0,0,0,1,0
CHI,Equestrian,0,0,0,0,2,0
CHI,Fencing,0,0,0,0,1,0
CHI,Football,0,0,0,0,22,0
CHI,Golf,0,0,0,0,2,0
CHI,Judo,0,0,0,0,1,0
CHI,Modern Pentathlon,0,0,0,0,1,0
CHI,Rowing,0,0,0,0,2,0
CHI,Sailing,0,0,0,0,1,0
CHI,Shooting,0,0,0,0,1,0
CHI,Skateboarding,0,0,0,0,1,0
CHI,Surfing,0,0,0,0,1,0
CHI,Swimming,0,0,0,0,3,0.001125348
CHI,Table Tennis,0,0,0,0,1,0
CHI,Tennis,0,0,0,0,1,0
CHI,Triathlon,0,0,0,0,2,0
CHI,Weightlifting,0,0,0,0,2,0
CHI,Wrestling,0,0,0,0,1,0
CHN,3x3 Basketball,0,0,4,4,8,0.319924312
CHN,Archery,0,0,0,0,14,0.00899784
CHN,Artistic Gymnastics,3,3,5,11,61,0.814194463
CHN,Artistic Swimming,0,10,0,10,10,0.846507688
CHN,Athletics,2,2,1,5,58,0.42130162
CHN,Badminton,3,7,0,10,14,0.844740283
CHN,Basketball,0,0,0,0,12,0
CHN,Beach Volleyball,0,0,0,0,4,0
CHN,Boxing,0,2,0,2,6,0.172281664
CHN,Canoe Slalom,0,0,0,0,3,0
CHN,Canoe Sprint,2,3,0,5,25,0.421147466
CHN,Cycling Mountain Bike,0,0,0,0,1,0
CHN,Cycling Road,0,0,0,0,2,0
CHN,Cycling Track,3,0,0,3,10,0.242935675
CHN,Diving,10,6,0,16,16,1.149363454
CHN,Equestrian,0,0,0,0,15,0.007877436
CHN,Fencing,1,0,0,1,25,0.089593971
CHN,Football,0,0,0,0,22,0
CHN,Golf,0,0,0,0,4,0
CHN,Hockey,0,0,0,0,17,0
CHN,Judo,0,0,0,0,6,0
CHN,Karate,0,1,1,2,2,0.16612191
CHN,Marathon Swimming,0,0,0,0,1,0
CHN,Modern Pentathlon,0,0,0,0,4,0
CHN,Rhythmic Gymnastics,0,0,0,0,5,0
CHN,Rowing,4,0,11,15,28,1.202119686
CHN,Rugby Sevens,0,0,0,0,13,0
CHN,Sailing,1,0,1,2,12,0.160563035
CHN,Shooting,6,1,6,13,31,0.926855899
CHN,Skateboarding,0,0,0,0,1,0
CHN,Sport Climbing,0,0,0,0,2,0
CHN,Swimming,8,5,1,14,64,1.003235252
CHN,Table Tennis,8,4,0,12,12,0.857321482
CHN,Taekwondo,0,0,1,1,6,0.079981078
CHN,Tennis,0,0,0,0,6,0.001125348
CHN,Trampoline Gymnastics,1,2,0,3,4,0.252863621
CHN,Triathlon,0,0,0,0,1,0
CHN,Volleyball,0,0,0,0,12,0
CHN,Water Polo,0,0,0,0,13,0
CHN,Weightlifting,7,1,0,8,8,0.650214531
CHN,Wrestling,0,2,2,4,11,0.33224382
CIV,Athletics,0,0,0,0,4,0.001125348
CIV,Football,0,0,0,0,21,0
CIV,Judo,0,0,0,0,1,0
CIV,Rowing,0,0,0,0,1,0
CIV,Swimming,0,0,0,0,1,0
CIV,Taekwondo,0,0,2,2,6,0.152198871
CMR,Athletics,0,0,0,0,1,0
CMR,Boxing,0,0,0,0,3,0
CMR,Judo,0,0,0,0,2,0
CMR,Swimming,0,0,0,0,2,0
CMR,Table Tennis,0,0,0,0,2,0.001125348
CMR,Weightlifting,0,0,0,0,2,0
CMR,Wrestling,0,0,0,0,1,0
COL,Archery,0,0,0,0,4,0.002250696
COL,Artistic Swimming,0,0,0,0,2,0
COL,Athletics,0,2,0,2,26,0.1734156
COL,Boxing,0,0,0,0,6,0
COL,Cycling BMX Racing,0,1,1,2,3,0.16612191
COL,Cycling Road,0,0,0,0,6,0.001125348
COL,Cycling Track,0,0,0,0,2,0.001125348
COL,Diving,0,0,0,0,3,0
COL,Equestrian,0,0,0,0,1,0
COL,Fencing,0,0,0,0,1,0
COL,Football,0,0,0,0,1,0
COL,Golf,0,0,0,0,2,0
COL,Judo,0,0,0,0,1,0
COL,Shooting,0,0,0,0,1,0
COL,Skateboarding,0,0,0,0,1,0
COL,Swimming,0,0,0,0,4,0.002250696
COL,Taekwondo,0,0,0,0,2,0
COL,Tennis,0,0,0,0,4,0
COL,Trampoline Gymnastics,0,0,0,0,1,0
COL,Weightlifting,0,1,0,1,3,0.086140832
COL,Wrestling,0,0,0,0,3,0
CPV,Athletics,0,0,0,0,2,0.001125348
CPV,Boxing,0,0,0,0,1,0
CPV,Judo,0,0,0,0,1,0
CPV,Rhythmic Gymnastics,0,0,0,0,1,0
CPV,Swimming,0,0,0,0,2,0
CRC,Artistic Gymnastics,0,0,0,0,5,0.004486578
CRC,Athletics,0,0,0,0,3,0
CRC,Cycling BMX Freestyle,0,0,0,0,1,0
CRC,Cycling Road,0,0,0,0,2,0
CRC,Judo,0,0,0,0,1,0
CRC,Surfing,0,0,0,0,3,0
CRC,Swimming,0,0,0,0,5,0.002248224
CRC,Taekwondo,0,0,0,0,1,0
CRO,Artistic Gymnastics,0,1,0,1,3,0.08726618
CRO,Athletics,1,0,0,1,8,0.080591187
CRO,Boxing,0,0,0,0,2,0
CRO,Canoe Slalom,0,0,0,0,1,0
CRO,Canoe Sprint,0,0,0,0,3,0.001125348
CRO,Cycling Road,0,0,0,0,1,0
CRO,Judo,0,0,0,0,3,0
CRO,Karate,0,0,0,0,1,0
CRO,Rowing,2,2,1,5,5,0.351643146
CRO,Sailing,0,1,0,1,4,0.086140832
CRO,Shooting,0,0,0,0,9,0.005621796
CRO,Swimming,0,0,0,0,5,0.003373572
CRO,Table Tennis,0,0,0,0,5,0.002250696
CRO,Taekwondo,1,0,1,2,4,0.160563035
CRO,Tennis,2,2,0,4,10,0.333516867
CRO,Water Polo,0,1,0,1,14,0.08614942
CRO,Wrestling,0,0,0,0,2,0
CUB,Artistic Gymnastics,0,0,0,0,1,0
CUB,Athletics,0,1,2,3,22,0.249479032
CUB,Beach Volleyball,0,0,0,0,2,0
CUB,Boxing,4,0,1,5,7,0.402308906
CUB,Canoe Sprint,2,0,0,2,8,0.16342384
CUB,Cycling Road,0,0,0,0,1,0
CUB,Judo,0,1,0,1,5,0.086140832
CUB,Modern Pentathlon,0,0,0,0,2,0
CUB,Rowing,0,0,0,0,1,0
CUB,Shooting,0,1,0,1,8,0.090639752
CUB,Swimming,0,0,0,0,4,0.002250696
CUB,Table Tennis,0,0,0,0,2,0.001125348
CUB,Taekwondo,0,0,1,1,1,0.079981078
CUB,Weightlifting,0,0,0,0,5,0
CUB,Wrestling,2,0,1,3,12,0.241144992
CYP,Artistic Gymnastics,0,0,0,0,7,0.006715091
CYP,Athletics,0,0,0,0,9,0.006742205
CYP,Cycling,0,0,0,0,1,0
CYP,Sailing,0,1,0,1,7,0.086203533
CYP,Shooting,0,0,0,0,4,0
CYP,Swimming,0,0,0,0,4,0.002250696
CZE,Archery,0,0,0,0,1,0
CZE,Artistic Gymnastics,0,0,0,0,12,0.011201669
CZE,Athletics,0,1,1,2,32,0.168402098
CZE,Basketball,0,0,0,0,12,0
CZE,Beach Volleyball,0,0,0,0,4,0
CZE,Canoe Slalom,1,1,0,2,4,0.166722789
CZE,Canoe Sprint,0,0,2,2,7,0.162221668
CZE,Cycling Mountain Bike,0,0,0,0,2,0
CZE,Cycling Road,0,0,0,0,5,0.001125348
CZE,Cycling Track,0,0,0,0,2,0.001125348
CZE,Equestrian,0,0,0,0,10,0.004501392
CZE,Fencing,0,0,1,1,3,0.079989894
CZE,Golf,0,0,0,0,2,0
CZE,Judo,1,0,0,1,2,0.080581957
CZE,Marathon Swimming,0,0,0,0,1,0
CZE,Modern Pentathlon,0,0,0,0,3,0.001125348
CZE,Rowing,0,0,0,0,9,0.002248224
CZE,Sailing,0,0,0,0,1,0
CZE,Shooting,1,1,0,2,12,0.171221709
CZE,Sport Climbing,0,0,0,0,1,0
CZE,Swimming,0,0,0,0,19,0.012354131
CZE,Table Tennis,0,0,0,0,3,0
CZE,Tennis,2,1,0,3,9,0.248447912
CZE,Triathlon,0,0,0,0,2,0
CZE,Weightlifting,0,0,0,0,1,0
CZE,Wrestling,0,0,0,0,1,0
DEN,Archery,0,0,0,0,7,0.005616857
DEN,Athletics,0,0,0,0,17,0.002250696
DEN,Badminton,1,0,1,2,10,0.12020334
DEN,Canoe Sprint,0,0,2,2,9,0.155574915
DEN,Cycling,0,1,2,3,10,0.247291037
DEN,Cycling Mountain Bike,0,0,0,0,3,0
DEN,Cycling Road,0,0,0,0,6,0.002250696
DEN,Cycling Track,2,5,0,7,9,0.509085967
DEN,Equestrian,0,0,0,0,10,0.004501392
DEN,Golf,0,0,0,0,4,0
DEN,Handball,2,14,0,16,18,1.284369802
DEN,Judo,0,0,0,0,1,0
DEN,Rowing,0,0,2,2,9,0.159962156
DEN,Sailing,2,0,0,2,10,0.161196142
DEN,Shooting,0,1,0,1,9,0.089546368
DEN,Skateboarding,0,0,0,0,1,0
DEN,Swimming,1,0,2,3,31,0.192750695
DEN,Table Tennis,0,0,0,0,2,0.001125348
DEN,Wrestling,0,0,0,0,1,0
DJI,Athletics,0,0,0,0,3,0.001125348
DJI,Judo,0,0,0,0,1,0
DJI,Swimming,0,0,0,0,1,0
DMA,Athletics,0,0,0,0,3,0.001125348
DOM,Athletics,0,6,0,6,9,0.509394676
DOM,Baseball/Softball,0,0,24,24,24,1.919545872
DOM,Boxing,0,0,0,0,7,0
DOM,Diving,0,0,0,0,1,0
DOM,Equestrian,0,0,0,0,2,0
DOM,Judo,0,0,0,0,1,0
DOM,Rowing,0,0,0,0,1,0
DOM,Shooting,0,0,0,0,1,0
DOM,Swimming,0,0,0,0,4,0.002250696
DOM,Table Tennis,0,0,0,0,3,0.002248224
DOM,Taekwondo,0,0,0,0,3,0
DOM,Volleyball,0,0,0,0,13,0.001125348
DOM,Weightlifting,0,1,1,2,5,0.16612191
ECU,Archery,0,0,0,0,1,0
ECU,Athletics,0,0,0,0,20,0.003373572
ECU,Boxing,0,0,0,0,5,0.001125348
ECU,Cycling BMX Racing,0,0,0,0,2,0
ECU,Cycling Road,1,0,0,1,2,0.080581957
ECU,Equestrian,0,0,0,0,1,0
ECU,Golf,0,0,0,0,1,0
ECU,Judo,0,0,0,0,3,0
ECU,Marathon Swimming,0,0,0,0,2,0
ECU,Modern Pentathlon,0,0,0,0,1,0
ECU,Shooting,0,0,0,0,4,0.002250696
ECU,Surfing,0,0,0,0,1,0
ECU,Swimming,0,0,0,0,4,0.002250696
ECU,Table Tennis,0,0,0,0,1,0
ECU,Triathlon,0,0,0,0,1,0
ECU,Weightlifting,1,1,0,2,4,0.166722789
ECU,Wrestling,0,0,0,0,2,0
EGY,Archery,0,0,0,0,4,0.002250696
EGY,Artistic Gymnastics,0,0,0,0,17,0.015688247
EGY,Artistic Swimming,0,0,0,0,10,0.002250696
EGY,Athletics,0,0,0,0,5,0.001125348
EGY,Badminton,0,0,0,0,5,0.002248224
EGY,Basketball,0,0,0,0,2,0.001125348
EGY,Boxing,0,0,0,0,2,0
EGY,Canoe Sprint,0,0,0,0,3,0.001125348
EGY,Cycling Track,0,0,0,0,1,0
EGY,Diving,0,0,0,0,4,0.002250696
EGY,Equestrian,0,0,0,0,8,0.004501392
EGY,Fencing,0,1,0,1,31,0.098680681
EGY,Football,0,0,0,0,22,0
EGY,Gymnastics,0,0,0,0,8,0.007825668
EGY,Handball,0,0,0,0,16,0.003376044
EGY,Judo,0,0,0,0,6,0.003373572
EGY,Karate,1,0,1,2,5,0.160563035
EGY,Modern Pentathlon,0,1,0,1,4,0.086140832
EGY,Rhythmic Gymnastics,0,0,0,0,6,0
EGY,Rowing,0,0,0,0,1,0
EGY,Sailing,0,0,0,0,2,0
EGY,Shooting,0,0,0,0,22,0.012371412
EGY,Swimming,0,0,0,0,13,0.010098511
EGY,Table Tennis,0,0,0,0,23,0.019059359
EGY,Taekwondo,0,0,2,2,4,0.159962156
EGY,Tennis,0,0,0,0,2,0
EGY,Trampoline Gymnastics,0,0,0,0,2,0
EGY,Triathlon,0,0,0,0,1,0
EGY,Wrestling,0,0,1,1,8,0.081106426
EOR,Athletics,0,0,0,0,7,0
EOR,Badminton,0,0,0,0,1,0
EOR,Boxing,0,0,0,0,2,0
EOR,Canoe Sprint,0,0,0,0,1,0
EOR,Cycling Road,0,0,0,0,2,0
EOR,Judo,0,0,0,0,12,0.006752088
EOR,Karate,0,0,0,0,2,0
EOR,Shooting,0,0,0,0,1,0
EOR,Swimming,0,0,0,0,2,0
EOR,Taekwondo,0,0,0,0,3,0
EOR,Weightlifting,0,0,0,0,1,0
EOR,Wrestling,0,0,0,0,1,0
ERI,Athletics,0,0,0,0,12,0.003376044
ERI,Cycling Road,0,0,0,0,4,0.001125348
ERI,Swimming,0,0,0,0,1,0
ESP,Archery,0,0,0,0,4,0.002250696
ESP,Artistic Gymnastics,0,1,0,1,58,0.139860344
ESP,Artistic Swimming,0,0,0,0,10,0.002250696
ESP,Athletics,0,0,1,1,63,0.087841228
ESP,Badminton,0,0,0,0,2,0
ESP,Baseball,0,0,0,0,1,0
ESP,Basketball,0,0,0,0,24,0
ESP,Beach Volleyball,0,0,0,0,4,0
ESP,Boxing,0,0,0,0,4,0
ESP,Canoe Slalom,0,1,0,1,4,0.086140832
ESP,Canoe Sprint,0,5,0,5,15,0.432972032
ESP,Cycling Mountain Bike,0,0,0,0,2,0
ESP,Cycling Road,0,0,0,0,9,0.002250696
ESP,Cycling Track,0,0,0,0,4,0.002250696
ESP,Diving,0,0,0,0,2,0
ESP,Equestrian,0,0,0,0,8,0.003376044
ESP,Fencing,0,0,0,0,1,0
ESP,Football,0,22,0,22,22,1.895098304
ESP,Golf,0,0,0,0,4,0
ESP,Handball,0,0,15,15,29,1.19971617
ESP,Hockey,0,0,0,0,36,0
ESP,Judo,0,0,0,0,7,0
ESP,Karate,1,1,0,2,2,0.166722789
ESP,Marathon Swimming,0,0,0,0,2,0
ESP,Modern Pentathlon,0,0,0,0,1,0
ESP,Rowing,0,0,0,0,5,0
ESP,Sailing,0,0,3,3,15,0.239943234
ESP,Shooting,2,0,0,2,4,0.161182374
ESP,Skateboarding,0,0,0,0,4,0
ESP,Sport Climbing,1,0,0,1,1,0.080581957
ESP,Swimming,0,0,0,0,19,0.012364001
ESP,Table Tennis,0,0,0,0,3,0
ESP,Taekwondo,0,1,0,1,4,0.086140832
ESP,Tennis,0,0,1,1,18,0.089012224
ESP,Triathlon,0,0,0,0,10,0.00562674
ESP,Water Polo,0,13,0,13,25,1.119830816
ESP,Weightlifting,0,0,0,0,4,0
EST,Archery,0,0,0,0,1,0
EST,Athletics,0,0,0,0,13,0.006747144
EST,Badminton,0,0,0,0,5,0.003368633
EST,Cycling,0,0,0,0,2,0.001125348
EST,Cycling Mountain Bike,0,0,0,0,1,0
EST,Cycling Road,0,0,0,0,1,0
EST,Equestrian,0,0,0,0,1,0
EST,Fencing,4,0,1,5,11,0.362087171
EST,Judo,0,0,0,0,1,0
EST,Rowing,0,0,2,2,10,0.160094242
EST,Sailing,0,0,0,0,4,0.002248224
EST,Shooting,0,0,0,0,3,0.002248224
EST,Swimming,0,0,0,0,8,0.005619329
EST,Tennis,0,0,0,0,1,0
EST,Triathlon,0,0,0,0,2,0.001125348
EST,Wrestling,0,0,0,0,2,0
ETH,Athletics,1,1,2,4,38,0.331186337
ETH,Cycling Road,0,0,0,0,1,0
ETH,Swimming,0,0,0,0,1,0
ETH,Taekwondo,0,0,0,0,1,0
EUN,Gymnastics,1,0,0,1,6,0.080765609
EUN,Swimming,0,1,0,1,2,0.08614942
FIJ,Athletics,0,0,0,0,1,0
FIJ,Judo,0,0,0,0,1,0
FIJ,Rugby Sevens,13,0,13,26,31,2.087363535
FIJ,Sailing,0,0,0,0,1,0
FIJ,Swimming,0,0,0,0,2,0
FIJ,Table Tennis,0,0,0,0,2,0.001125348
FIN,Archery,0,0,0,0,1,0
FIN,Athletics,0,0,0,0,27,0.006744677
FIN,Badminton,0,0,0,0,1,0
FIN,Boxing,0,0,1,1,1,0.079981078
FIN,Equestrian,0,0,0,0,1,0
FIN,Golf,0,0,0,0,4,0
FIN,Sailing,0,0,0,0,8,0.003373572
FIN,Shooting,0,0,0,0,3,0
FIN,Skateboarding,0,0,0,0,1,0
FIN,Swimming,0,0,1,1,13,0.08459442
FIN,Wrestling,0,0,0,0,2,0
FRA,3x3 Basketball,0,0,0,0,4,0
FRA,Archery,0,0,0,0,11,0.007862622
FRA,Artistic Gymnastics,0,0,0,0,33,0.029123343
FRA,Artistic Swimming,0,0,0,0,2,0
FRA,Athletics,1,2,1,4,85,0.308498952
FRA,Badminton,0,0,0,0,6,0.002248224
FRA,Basketball,0,13,12,25,30,2.036551494
FRA,Boxing,0,1,0,1,6,0.08614942
FRA,Canoe Slalom,0,0,0,0,4,0
FRA,Canoe Sprint,0,0,0,0,15,0.007874964
FRA,Cycling,0,0,0,0,4,0.001125348
FRA,Cycling BMX Freestyle,0,0,0,0,1,0
FRA,Cycling BMX Racing,0,0,0,0,3,0
FRA,Cycling Mountain Bike,0,0,0,0,3,0
FRA,Cycling Road,0,0,0,0,8,0.002250696
FRA,Cycling Track,0,0,7,7,29,0.567850172
FRA,Diving,0,0,0,0,5,0.002248224
FRA,Equestrian,0,0,3,3,22,0.248972466
FRA,Fencing,6,8,1,15,44,1.211086364
FRA,Football,0,0,0,0,21,0
FRA,Golf,0,0,0,0,4,0
FRA,Handball,36,8,0,44,49,3.204914566
FRA,Judo,14,4,4,22,29,1.462484493
FRA,Karate,1,0,0,1,3,0.080581957
FRA,Marathon Swimming,0,0,0,0,3,0
FRA,Modern Pentathlon,0,0,0,0,6,0.002250696
FRA,Rowing,2,2,0,4,15,0.333487036
FRA,Rugby Sevens,0,13,0,13,16,1.11985658
FRA,Sailing,1,2,3,6,18,0.443656481
FRA,Shooting,1,1,0,2,16,0.130943451
FRA,Skateboarding,0,0,0,0,5,0
FRA,Sport Climbing,0,0,0,0,4,0
FRA,Surfing,0,0,0,0,4,0
FRA,Swimming,1,4,1,6,67,0.456710769
FRA,Table Tennis,0,0,0,0,16,0.011228783
FRA,Taekwondo,0,0,1,1,2,0.079981078
FRA,Tennis,0,0,0,0,33,0.025806496
FRA,Trampoline Gymnastics,0,0,0,0,2,0
FRA,Triathlon,0,0,5,5,14,0.400050733
FRA,Volleyball,12,0,0,12,14,0.967001944
FRA,Weightlifting,0,0,0,0,4,0
FRA,Wrestling,0,0,0,0,2,0
GAB,Athletics,0,0,0,0,1,0
GAB,Judo,0,0,0,0,1,0
GAB,Swimming,0,0,0,0,2,0
GAB,Taekwondo,0,0,0,0,1,0
GBR,Archery,0,0,0,0,22,0.017926697
GBR,Artistic Gymnastics,1,0,4,5,55,0.42494855
GBR,Artistic Swimming,0,0,0,0,2,0
GBR,Athletics,0,8,9,17,130,1.430769585
GBR,Badminton,0,0,1,1,11,0.083363466
GBR,Boxing,2,3,2,7,13,0.579557796
GBR,Canoe Slalom,0,1,0,1,4,0.086140832
GBR,Canoe Sprint,0,0,1,1,6,0.082231774
GBR,Cycling,15,1,2,18,23,1.255190573
GBR,Cycling BMX Freestyle,1,0,1,2,2,0.160563035
GBR,Cycling BMX Racing,1,1,0,2,2,0.166722789
GBR,Cycling Mountain Bike,1,0,0,1,2,0.080581957
GBR,Cycling Road,0,0,0,0,6,0.002250696
GBR,Cycling Track,2,8,1,11,21,0.804465888
GBR,Diving,3,1,5,9,28,0.568316661
GBR,Equestrian,5,1,5,11,23,0.843206696
GBR,Fencing,0,0,0,0,2,0.001125348
GBR,Football,0,0,0,0,25,0.003376044
GBR,Golf,0,0,0,0,4,0
GBR,Hockey,4,0,18,22,41,1.583792743
GBR,Judo,0,0,1,1,9,0.082231774
GBR,Marathon Swimming,0,0,0,0,2,0
GBR,Modern Pentathlon,2,0,0,2,6,0.162298492
GBR,Rowing,3,7,10,20,52,1.58366132
GBR,Rugby Sevens,0,1,0,1,28,0.088400116
GBR,Sailing,7,5,1,13,24,0.975971505
GBR,Shooting,0,0,1,1,11,0.084491286
GBR,Skateboarding,0,0,1,1,2,0.079981078
GBR,Sport Climbing,0,0,0,0,1,0
GBR,Swimming,13,12,1,26,80,1.782842364
GBR,Table Tennis,0,0,0,0,10,0.007855211
GBR,Taekwondo,2,2,2,6,9,0.4829276
GBR,Tennis,0,0,0,0,11,0.005602063
GBR,Trampoline Gymnastics,0,0,1,1,2,0.079981078
GBR,Triathlon,5,3,1,9,12,0.571385302
GBR,Water Polo,3,0,0,3,4,0.229594042
GBR,Weightlifting,0,1,0,1,5,0.08726618
GEO,Athletics,0,0,0,0,7,0.002250696
GEO,Boxing,0,0,0,0,3,0
GEO,Fencing,0,0,0,0,2,0.001125348
GEO,Judo,2,3,1,6,12,0.412415749
GEO,Karate,0,0,0,0,1,0
GEO,Rhythmic Gymnastics,0,0,0,0,2,0.001125348
GEO,Shooting,0,0,0,0,2,0.001125348
GEO,Swimming,0,0,0,0,2,0
GEO,Tennis,0,0,0,0,2,0.001125348
GEO,Weightlifting,2,0,1,3,5,0.23730165
GEO,Wrestling,0,2,1,3,11,0.211398415
GER,Archery,0,1,3,4,10,0.28414991
GER,Artistic Gymnastics,0,1,0,1,56,0.132344252
GER,Athletics,1,2,1,4,135,0.381186036
GER,Badminton,0,0,0,0,6,0.001125348
GER,Basketball,0,0,0,0,12,0
GER,Beach Volleyball,1,0,0,1,10,0.081776285
GER,Boxing,0,0,0,0,4,0
GER,Canoe Slalom,1,0,3,4,4,0.320525191
GER,Canoe Sprint,4,2,2,8,25,0.661338668
GER,Cycling,0,2,2,4,28,0.277930022
GER,Cycling BMX Freestyle,0,0,0,0,1,0
GER,Cycling Mountain Bike,0,0,0,0,3,0
GER,Cycling Road,0,0,0,0,8,0.002250696
GER,Cycling Track,3,3,0,6,23,0.505867607
GER,Diving,0,1,5,6,26,0.427337313
GER,Equestrian,6,1,0,7,23,0.531165404
GER,Fencing,1,0,2,3,30,0.21182752
GER,Football,0,0,0,0,19,0
GER,Golf,0,0,0,0,5,0.001125348
GER,Handball,0,0,6,6,22,0.481064712
GER,Hockey,1,0,7,8,44,0.600159374
GER,Judo,0,1,13,14,28,1.07515815
GER,Karate,0,0,0,0,4,0
GER,Marathon Swimming,1,0,0,1,4,0.080581957
GER,Modern Pentathlon,0,0,0,0,7,0.003373572
GER,Rowing,6,18,0,24,41,1.842818102
GER,Sailing,0,2,5,7,13,0.565545331
GER,Shooting,1,1,1,3,20,0.209953044
GER,Skateboarding,0,0,0,0,2,0
GER,Sport Climbing,0,0,0,0,2,0
GER,Surfing,0,0,0,0,1,0
GER,Swimming,0,0,1,1,77,0.13495928
GER,Table Tennis,0,8,6,14,33,0.910176206
GER,Taekwondo,0,0,0,0,1,0
GER,Tennis,1,0,0,1,19,0.090704505
GER,Triathlon,0,0,0,0,9,0.005624268
GER,Weightlifting,0,0,0,0,4,0
GER,Wrestling,1,0,2,3,8,0.241669461
GHA,Athletics,0,0,0,0,10,0.003376044
GHA,Boxing,0,0,1,1,3,0.079981078
GHA,Judo,0,0,0,0,1,0
GHA,Swimming,0,0,0,0,2,0
GHA,Weightlifting,0,0,0,0,2,0.001125348
GRE,Archery,0,0,0,0,7,0.006715091
GRE,Artistic Gymnastics,0,0,1,1,1,0.079981078
GRE,Artistic Swimming,0,0,0,0,10,0.002250696
GRE,Athletics,1,0,0,1,30,0.090714375
GRE,Cycling,0,0,0,0,1,0
GRE,Cycling Road,0,0,0,0,1,0
GRE,Cycling Track,0,0,0,0,1,0
GRE,Fencing,0,0,0,0,1,0
GRE,Judo,0,0,0,0,2,0
GRE,Marathon Swimming,0,0,0,0,1,0
GRE,Rowing,1,0,0,1,5,0.080591187
GRE,Sailing,0,0,2,2,10,0.159979788
GRE,Shooting,1,0,1,2,6,0.121370714
GRE,Swimming,0,0,0,0,30,0.021332238
GRE,Table Tennis,0,0,0,0,7,0.006715091
GRE,Taekwondo,0,0,0,0,1,0
GRE,Tennis,0,0,0,0,4,0.002250696
GRE,Water Polo,0,13,0,13,20,1.119915564
GRE,Weightlifting,0,0,0,0,2,0.001125348
GRE,Wrestling,0,0,0,0,4,0.002248224
GRN,Athletics,1,1,1,3,7,0.160668888
GRN,Swimming,0,0,0,0,2,0
GUA,Athletics,0,0,0,0,8,0
GUA,Badminton,0,0,0,0,2,0
GUA,Cycling Road,0,0,0,0,1,0
GUA,Judo,0,0,0,0,1,0
GUA,Modern Pentathlon,0,0,0,0,1,0
GUA,Rowing,0,0,0,0,2,0
GUA,Sailing,0,0,0,0,2,0
GUA,Shooting,0,0,0,0,3,0
GUA,Swimming,0,0,0,0,2,0
GUA,Weightlifting,0,0,0,0,1,0
GUY,Athletics,0,0,0,0,4,0.001125348
GUY,Boxing,0,0,0,0,2,0
GUY,Swimming,0,0,0,0,2,0
GUY,Table Tennis,0,0,0,0,1,0
HAI,Athletics,0,0,0,0,2,0.001125348
HAI,Boxing,0,0,0,0,1,0
HAI,Judo,0,0,0,0,1,0
HAI,Swimming,0,0,0,0,2,0
HAI,Taekwondo,0,0,0,0,1,0
HKG,Artistic Gymnastics,0,0,0,0,1,0
HKG,Athletics,0,0,0,0,2,0
HKG,Badminton,0,0,0,0,4,0
HKG,Cycling Road,0,0,0,0,1,0
HKG,Cycling Track,0,0,1,1,8,0.08224059
HKG,Equestrian,0,0,0,0,1,0
HKG,Fencing,1,0,0,1,14,0.086217927
HKG,Golf,0,0,0,0,1,0
HKG,Hockey,0,0,0,0,1,0
HKG,Karate,0,0,1,1,1,0.079981078
HKG,Marathon Swimming,0,0,0,0,1,0
HKG,Rowing,0,0,0,0,1,0
HKG,Sailing,0,0,0,0,3,0
HKG,Swimming,0,2,0,2,14,0.168237591
HKG,Table Tennis,0,0,3,3,12,0.243356456
HKG,Triathlon,0,0,0,0,1,0
HUN,Archery,0,0,0,0,1,0
HUN,Artistic Gymnastics,0,0,0,0,5,0.004486578
HUN,Athletics,0,0,0,0,18,0
HUN,Badminton,0,0,0,0,2,0
HUN,Boxing,0,0,0,0,1,0
HUN,Canoe Sprint,6,2,2,10,32,0.701559467
HUN,Cycling Mountain Bike,0,0,0,0,2,0
HUN,Cycling Road,0,0,0,0,1,0
HUN,Fencing,1,1,4,6,31,0.463096606
HUN,Handball,0,0,0,0,18,0.001125348
HUN,Judo,0,0,1,1,9,0.082229302
HUN,Karate,0,0,1,1,1,0.079981078
HUN,Marathon Swimming,0,1,0,1,2,0.086140832
HUN,Modern Pentathlon,0,0,1,1,4,0.079981078
HUN,Rhythmic Gymnastics,0,0,0,0,1,0
HUN,Rowing,0,0,0,0,1,0
HUN,Sailing,0,1,0,1,8,0.087328881
HUN,Shooting,0,0,0,0,10,0.006747144
HUN,Swimming,1,1,0,2,77,0.173496606
HUN,Table Tennis,0,0,0,0,8,0.002250696
HUN,Taekwondo,0,0,0,0,1,0
HUN,Triathlon,0,0,0,0,6,0.003376044
HUN,Water Polo,0,0,26,26,32,2.07960053
HUN,Weightlifting,0,0,0,0,1,0
HUN,Wrestling,1,1,0,2,9,0.170091422
INA,Archery,0,0,0,0,9,0.005624268
INA,Athletics,0,0,0,0,2,0
INA,Badminton,3,0,1,4,18,0.325164977
INA,Rowing,0,0,0,0,2,0
INA,Shooting,0,0,0,0,2,0.001125348
INA,Surfing,0,0,0,0,1,0
INA,Swimming,0,0,0,0,3,0.001125348
INA,Weightlifting,0,1,2,3,5,0.246102988
IND,Archery,0,0,0,0,18,0.015700574
IND,Artistic Gymnastics,0,0,0,0,5,0.004486578
IND,Athletics,1,0,0,1,29,0.085080877
IND,Badminton,0,0,1,1,4,0.079981078
IND,Boxing,0,0,1,1,9,0.079981078
IND,Equestrian,0,0,0,0,1,0
IND,Fencing,0,0,0,0,1,0
IND,Golf,0,0,0,0,6,0.002250696
IND,Hockey,0,0,18,18,45,1.444218078
IND,Judo,0,0,0,0,1,0
IND,Rowing,0,0,0,0,2,0
IND,Sailing,0,0,0,0,4,0
IND,Shooting,0,0,0,0,28,0.014619641
IND,Swimming,0,0,0,0,6,0.003368633
IND,Table Tennis,0,0,0,0,7,0.003373572
IND,Tennis,0,0,0,0,9,0.006715091
IND,Weightlifting,0,1,0,1,1,0.086140832
IND,Wrestling,0,1,1,2,7,0.16612191
IOA,Athletics,0,0,0,0,1,0
IOA,Swimming,0,0,0,0,1,0
IRI,Archery,0,0,0,0,1,0
IRI,Athletics,0,0,0,0,4,0.001125348
IRI,Badminton,0,0,0,0,1,0
IRI,Basketball,0,0,0,0,13,0.001125348
IRI,Boxing,0,0,0,0,2,0
IRI,Canoe Sprint,0,0,0,0,1,0
IRI,Cycling Road,0,0,0,0,2,0.001125348
IRI,Fencing,0,0,0,0,7,0.003376044
IRI,Judo,0,0,0,0,1,0
IRI,Karate,1,0,0,1,3,0.080581957
IRI,Rowing,0,0,0,0,1,0
IRI,Shooting,1,0,0,1,15,0.089581616
IRI,Swimming,0,0,0,0,1,0
IRI,Table Tennis,0,0,0,0,2,0.001125348
IRI,Taekwondo,0,0,0,0,3,0
IRI,Volleyball,0,0,0,0,14,0.002250696
IRI,Weightlifting,0,1,0,1,3,0.08726618
IRI,Wrestling,2,1,2,5,12,0.365863296
IRL,Artistic Gymnastics,0,0,0,0,6,0.004486578
IRL,Athletics,0,0,0,0,41,0.014622108
IRL,Badminton,0,0,0,0,1,0
IRL,Boxing,1,0,1,2,7,0.161688383
IRL,Canoe Slalom,0,0,0,0,1,0
IRL,Cycling,0,0,0,0,2,0.001125348
IRL,Cycling Road,0,0,0,0,3,0.001125348
IRL,Cycling Track,0,0,0,0,10,0.004501392
IRL,Diving,0,0,0,0,3,0.001125348
IRL,Equestrian,0,0,0,0,16,0.007877436
IRL,Golf,0,0,0,0,6,0.002250696
IRL,Hockey,0,0,0,0,17,0
IRL,Judo,0,0,0,0,1,0
IRL,Modern Pentathlon,0,0,0,0,3,0.002248224
IRL,Rowing,2,1,4,7,14,0.525825452
IRL,Rugby Sevens,0,0,0,0,13,0
IRL,Sailing,0,1,0,1,5,0.086170324
IRL,Shooting,0,0,0,0,5,0.004486578
IRL,Swimming,0,0,0,0,19,0.011238666
IRL,Taekwondo,0,0,0,0,1,0
IRL,Triathlon,0,0,0,0,2,0
IRQ,Athletics,0,0,0,0,1,0
IRQ,Rowing,0,0,0,0,1,0
IRQ,Shooting,0,0,0,0,1,0
ISL,Athletics,0,0,0,0,1,0
ISL,Shooting,0,0,0,0,1,0
ISL,Swimming,0,0,0,0,3,0.001125348
ISR,Archery,0,0,0,0,1,0
ISR,Artistic Gymnastics,1,0,0,1,8,0.085077765
ISR,Artistic Swimming,0,0,0,0,2,0
ISR,Athletics,0,0,0,0,11,0.002250696
ISR,Badminton,0,0,0,0,4,0.002248224
ISR,Baseball/Softball,0,0,0,0,24,0
ISR,Cycling,0,0,0,0,1,0
ISR,Cycling Road,0,0,0,0,2,0.001125348
ISR,Equestrian,0,0,0,0,7,0.003376044
ISR,Judo,0,0,12,12,27,0.953267195
ISR,Marathon Swimming,0,0,0,0,1,0
ISR,Rhythmic Gymnastics,1,0,0,1,7,0.080581957
ISR,Sailing,0,0,0,0,5,0
ISR,Shooting,0,0,0,0,5,0.004486578
ISR,Surfing,0,0,0,0,1,0
ISR,Swimming,0,0,0,0,32,0.022435403
ISR,Taekwondo,0,0,1,1,1,0.079981078
ISR,Triathlon,0,0,0,0,2,0
ISR,Weightlifting,0,0,0,0,1,0
ISV,Archery,0,0,0,0,1,0
ISV,Athletics,0,0,0,0,2,0.001125348
ISV,Swimming,0,0,0,0,3,0.001125348
ITA,3x3 Basketball,0,0,0,0,4,0
ITA,Archery,1,2,1,4,17,0.278520406
ITA,Artistic Gymnastics,0,1,0,1,34,0.110953425
ITA,Artistic Swimming,0,0,0,0,10,0.002250696
ITA,Athletics,10,0,0,10,102,0.824537509
ITA,Baseball/Softball,0,0,0,0,15,0
ITA,Basketball,0,0,0,0,12,0
ITA,Beach Volleyball,0,2,0,2,12,0.174588872
ITA,Boxing,0,0,1,1,5,0.079989894
ITA,Canoe Slalom,0,0,0,0,3,0
ITA,Canoe Sprint,0,1,0,1,6,0.088391528
ITA,Cycling,1,0,0,1,18,0.08735639
ITA,Cycling BMX Racing,0,0,0,0,1,0
ITA,Cycling Mountain Bike,0,0,0,0,1,0
ITA,Cycling Road,0,0,1,1,9,0.081115242
ITA,Cycling Track,1,0,0,1,12,0.086206225
ITA,Diving,0,0,0,0,11,0.005619329
ITA,Equestrian,0,0,0,0,9,0.003376044
ITA,Fencing,4,14,11,29,75,1.980913509
ITA,Golf,0,0,0,0,5,0.001125348
ITA,Judo,1,1,2,4,18,0.289253575
ITA,Karate,1,0,1,2,5,0.160563035
ITA,Marathon Swimming,0,0,1,1,3,0.079981078
ITA,Modern Pentathlon,0,0,0,0,3,0.001125348
ITA,Rhythmic Gymnastics,0,0,5,5,9,0.399923022
ITA,Rowing,2,1,10,13,36,1.025079109
ITA,Sailing,2,0,0,2,13,0.164549188
ITA,Shooting,4,2,0,6,28,0.418704907
ITA,Skateboarding,0,0,0,0,3,0
ITA,Sport Climbing,0,0,0,0,3,0
ITA,Surfing,0,0,0,0,1,0
ITA,Swimming,1,5,9,15,102,1.115044423
ITA,Table Tennis,0,0,0,0,1,0
ITA,Taekwondo,1,0,0,1,2,0.080581957
ITA,Tennis,0,0,0,0,20,0.01568829
ITA,Triathlon,0,0,0,0,10,0.00562674
ITA,Volleyball,0,5,1,6,33,0.47099648
ITA,Water Polo,0,1,3,4,16,0.283002544
ITA,Weightlifting,0,1,2,3,6,0.246111576
ITA,Wrestling,0,0,1,1,2,0.079981078
JAM,Artistic Gymnastics,0,0,0,0,1,0
JAM,Athletics,12,5,13,30,101,2.141142253
JAM,Boxing,0,0,0,0,1,0
JAM,Diving,0,0,0,0,2,0.001125348
JAM,Judo,0,0,0,0,1,0
JAM,Swimming,0,0,0,0,10,0.008951016
JOR,Athletics,0,0,0,0,1,0
JOR,Boxing,0,0,0,0,6,0.001125348
JOR,Equestrian,0,0,0,0,1,0
JOR,Judo,0,0,0,0,1,0
JOR,Karate,0,0,1,1,1,0.079981078
JOR,Shooting,0,0,0,0,1,0
JOR,Swimming,0,0,0,0,5,0.003373572
JOR,Taekwondo,0,1,0,1,2,0.086140832
JPN,3x3 Basketball,0,0,0,0,8,0
JPN,Archery,0,1,5,6,22,0.426118496
JPN,Artistic Gymnastics,2,4,2,8,64,0.589219983
JPN,Artistic Swimming,0,0,0,0,10,0.002250696
JPN,Athletics,0,4,1,5,94,0.441720867
JPN,Badminton,0,0,3,3,17,0.242211562
JPN,Baseball,0,0,0,0,1,0
JPN,Baseball/Softball,38,0,0,38,38,3.062114366
JPN,Basketball,0,12,0,12,28,1.033732924
JPN,Beach Volleyball,0,0,0,0,6,0.002248224
JPN,Boxing,1,0,2,3,7,0.241669461
JPN,Canoe Slalom,0,0,0,0,4,0
JPN,Canoe Sprint,0,0,0,0,11,0.003376044
JPN,Cycling,0,0,0,0,10,0.00449892
JPN,Cycling BMX Freestyle,0,0,0,0,2,0
JPN,Cycling BMX Racing,0,0,0,0,1,0
JPN,Cycling Mountain Bike,0,0,0,0,1,0
JPN,Cycling Road,0,0,0,0,2,0
JPN,Cycling Track,0,1,0,1,8,0.088400116
JPN,Diving,0,0,0,0,22,0.01232706
JPN,Equestrian,0,0,0,0,23,0.012378828
JPN,Fencing,4,0,0,4,39,0.338130916
JPN,Football,0,2,0,2,50,0.17679776
JPN,Golf,0,1,0,1,4,0.086140832
JPN,Handball,0,0,0,0,31,0
JPN,Hockey,0,0,0,0,44,0.00899784
JPN,Judo,10,14,3,27,31,1.768334476
JPN,Karate,1,1,1,3,8,0.246703867
JPN,Marathon Swimming,0,0,0,0,2,0
JPN,Modern Pentathlon,0,0,0,0,4,0.001125348
JPN,Rhythmic Gymnastics,0,0,0,0,11,0.00449892
JPN,Rowing,0,0,0,0,5,0.002250696
JPN,Rugby Sevens,0,0,0,0,32,0.006752088
JPN,Sailing,0,0,0,0,23,0.008992901
JPN,Shooting,0,0,0,0,31,0.021342108
JPN,Skateboarding,3,1,1,5,10,0.407867781
JPN,Sport Climbing,0,1,1,2,4,0.16612191
JPN,Surfing,0,1,1,2,4,0.16612191
JPN,Swimming,3,4,4,11,98,0.778400394
JPN,Table Tennis,2,6,7,15,26,0.909322581
JPN,Taekwondo,0,0,0,0,6,0.002248224
JPN,Tennis,0,0,1,1,26,0.091403086
JPN,Trampoline Gymnastics,0,0,0,0,4,0
JPN,Triathlon,0,0,0,0,8,0.004501392
JPN,Volleyball,0,0,1,1,31,0.084548513
JPN,Water Polo,0,0,0,0,32,0.006752088
JPN,Weightlifting,0,1,2,3,14,0.206433648
JPN,Wrestling,7,1,1,9,16,0.728609721
KAZ,Archery,0,0,0,0,7,0.00449892
KAZ,Artistic Gymnastics,0,0,0,0,7,0.006715091
KAZ,Artistic Swimming,0,0,0,0,2,0
KAZ,Athletics,0,0,0,0,10,0
KAZ,Boxing,0,0,2,2,9,0.159962156
KAZ,Canoe Slalom,0,0,0,0,2,0
KAZ,Canoe Sprint,0,0,0,0,8,0.003376044
KAZ,Cycling,0,0,0,0,1,0
KAZ,Cycling Road,0,0,0,0,4,0.001125348
KAZ,Cycling Track,0,0,0,0,2,0.001125348
KAZ,Fencing,0,0,0,0,2,0
KAZ,Judo,0,1,1,2,10,0.126382931
KAZ,Karate,0,0,2,2,5,0.159962156
KAZ,Marathon Swimming,0,0,0,0,1,0
KAZ,Modern Pentathlon,0,0,0,0,4,0.002248224
KAZ,Rhythmic Gymnastics,0,0,0,0,1,0
KAZ,Rowing,0,0,0,0,3,0.002248224
KAZ,Shooting,0,0,0,0,4,0.001125348
KAZ,Sport Climbing,0,0,0,0,1,0
KAZ,Swimming,0,0,0,0,3,0.001125348
KAZ,Table Tennis,0,0,0,0,2,0
KAZ,Taekwondo,0,0,0,0,3,0.001125348
KAZ,Tennis,0,0,0,0,15,0.008978107
KAZ,Water Polo,0,0,0,0,16,0.003376044
KAZ,Weightlifting,1,0,2,3,3,0.200184418
KAZ,Wrestling,0,0,2,2,14,0.161105136
KEN,Athletics,5,8,3,16,52,1.218164624
KEN,Beach Volleyball,0,0,0,0,2,0
KEN,Boxing,0,0,0,0,4,0
KEN,Rugby Sevens,0,0,0,0,29,0.003376044
KEN,Swimming,0,0,0,0,2,0
KEN,Taekwondo,0,0,0,0,1,0
KEN,Volleyball,0,0,0,0,12,0
KGZ,Athletics,0,0,0,0,3,0.001125348
KGZ,Fencing,0,0,0,0,1,0
KGZ,Judo,0,0,0,0,1,0
KGZ,Shooting,0,0,0,0,1,0
KGZ,Swimming,0,0,0,0,3,0.002248224
KGZ,Weightlifting,0,0,0,0,1,0
KGZ,Wrestling,0,2,1,3,9,0.252262742
KOR,Archery,9,0,0,9,14,0.709277533
KOR,Artistic Gymnastics,1,0,1,2,42,0.19535613
KOR,Athletics,0,0,0,0,7,0
KOR,Badminton,0,0,2,2,11,0.161087504
KOR,Baseball/Softball,0,0,0,0,24,0
KOR,Basketball,0,0,0,0,12,0
KOR,Boxing,0,0,0,0,2,0
KOR,Canoe Sprint,0,0,0,0,1,0
KOR,Cycling Road,0,0,0,0,1,0
KOR,Cycling Track,0,0,0,0,2,0.001125348
KOR,Diving,0,0,0,0,8,0.003373572
KOR,Equestrian,0,0,0,0,1,0
KOR,Fencing,4,4,9,17,30,1.346458283
KOR,Football,0,0,0,0,22,0
KOR,Golf,0,0,0,0,6,0
KOR,Handball,0,0,0,0,15,0
KOR,Judo,0,1,2,3,26,0.25625734
KOR,Karate,0,0,0,0,1,0
KOR,Modern Pentathlon,0,0,1,1,4,0.079981078
KOR,Rowing,0,0,0,0,1,0
KOR,Rugby Sevens,0,0,0,0,12,0
KOR,Sailing,0,0,0,0,4,0
KOR,Shooting,0,1,0,1,24,0.096266492
KOR,Sport Climbing,0,0,0,0,2,0
KOR,Swimming,0,0,0,0,25,0.014614702
KOR,Table Tennis,0,0,0,0,12,0.006749616
KOR,Taekwondo,0,1,2,3,6,0.246102988
KOR,Tennis,0,0,0,0,1,0
KOR,Volleyball,0,0,0,0,12,0
KOR,Weightlifting,0,0,0,0,7,0
KOR,Wrestling,0,0,0,0,2,0
KOS,Athletics,0,0,0,0,2,0.001125348
KOS,Boxing,0,0,0,0,1,0
KOS,Judo,2,0,0,2,5,0.161173144
KOS,Shooting,0,0,0,0,1,0
KOS,Swimming,0,0,0,0,2,0
KOS,Wrestling,0,0,0,0,1,0
KSA,Athletics,0,0,0,0,2,0
KSA,Football,0,0,0,0,22,0
KSA,Judo,0,0,0,0,3,0.001125348
KSA,Karate,0,1,0,1,1,0.086140832
KSA,Rowing,0,0,0,0,1,0
KSA,Shooting,0,0,0,0,1,0
KSA,Swimming,0,0,0,0,1,0
KSA,Table Tennis,0,0,0,0,1,0
KSA,Weightlifting,0,0,0,0,2,0
KUW,Athletics,0,0,0,0,2,0
KUW,Karate,0,0,0,0,1,0
KUW,Rowing,0,0,0,0,1,0
KUW,Shooting,0,0,1,1,4,0.079981078
KUW,Swimming,0,0,0,0,1,0
LAT,3x3 Basketball,4,0,0,4,4,0.322327828
LAT,Athletics,0,0,0,0,12,0.004496448
LAT,Beach Volleyball,0,0,0,0,4,0
LAT,Canoe Sprint,0,0,0,0,1,0
LAT,Cycling BMX Racing,0,0,0,0,2,0
LAT,Cycling Road,0,0,0,0,3,0.001125348
LAT,Equestrian,0,0,0,0,1,0
LAT,Judo,0,0,0,0,1,0
LAT,Karate,0,0,0,0,1,0
LAT,Modern Pentathlon,0,0,0,0,1,0
LAT,Shooting,0,0,0,0,2,0.001125348
LAT,Swimming,0,0,0,0,3,0.001125348
LAT,Tennis,0,0,0,0,4,0.002250696
LAT,Weightlifting,0,0,1,1,2,0.079981078
LAT,Wrestling,0,0,0,0,3,0.002248224
LCA,Athletics,0,0,0,0,4,0.003368633
LCA,Sailing,0,0,0,0,2,0
LCA,Swimming,0,0,0,0,2,0
LIB,Wrestling,0,0,0,0,1,0
LTU,Artistic Gymnastics,0,0,0,0,7,0.006715091
LTU,Athletics,0,0,0,0,11,0
LTU,Canoe Sprint,0,0,0,0,1,0
LTU,Cycling Road,0,0,0,0,2,0
LTU,Cycling Track,0,0,0,0,7,0.004496448
LTU,Judo,0,0,0,0,1,0
LTU,Modern Pentathlon,0,1,0,1,5,0.088389056
LTU,Rowing,0,1,0,1,12,0.087295672
LTU,Sailing,0,0,0,0,4,0.002248224
LTU,Shooting,0,0,0,0,2,0.001125348
LTU,Swimming,0,0,0,0,21,0.016825929
LTU,Weightlifting,0,0,0,0,1,0
LTU,Wrestling,0,0,0,0,1,0
LUX,Archery,0,0,0,0,3,0.002248224
LUX,Athletics,0,0,0,0,2,0
LUX,Cycling,0,0,0,0,3,0.002248224
LUX,Cycling Road,0,0,0,0,2,0
LUX,Equestrian,0,0,0,0,1,0
LUX,Swimming,0,0,0,0,3,0.001125348
LUX,Table Tennis,0,0,0,0,2,0
LUX,Triathlon,0,0,0,0,1,0
MAR,Athletics,1,0,0,1,20,0.086208044
MAR,Beach Volleyball,0,0,0,0,2,0
MAR,Boxing,0,0,0,0,7,0.001125348
MAR,Canoe Slalom,0,0,0,0,2,0
MAR,Cycling Road,0,0,0,0,1,0
MAR,Equestrian,0,0,0,0,8,0.003376044
MAR,Fencing,0,0,0,0,1,0
MAR,Golf,0,0,0,0,2,0.001125348
MAR,Judo,0,0,0,0,3,0.001125348
MAR,Karate,0,0,0,0,1,0
MAR,Rowing,0,0,0,0,1,0
MAR,Shooting,0,0,0,0,1,0
MAR,Surfing,0,0,0,0,1,0
MAR,Swimming,0,0,0,0,2,0
MAR,Taekwondo,0,0,0,0,3,0
MAR,Triathlon,0,0,0,0,1,0
MAR,Weightlifting,0,0,0,0,1,0
MAR,Wrestling,0,0,0,0,1,0
MAS,Archery,0,0,0,0,4,0.002250696
MAS,Artistic Gymnastics,0,0,0,0,12,0.011201669
MAS,Athletics,0,0,0,0,2,0
MAS,Badminton,0,0,2,2,8,0.159962156
MAS,Cycling,0,0,0,0,1,0
MAS,Cycling Track,0,1,0,1,4,0.087274768
MAS,Diving,0,1,1,2,12,0.123224504
MAS,Golf,0,0,0,0,4,0.002250696
MAS,Sailing,0,0,0,0,4,0
MAS,Shooting,0,0,0,0,1,0
MAS,Swimming,0,0,0,0,7,0.005611926
MDA,Archery,0,0,0,0,6,0.004496448
MDA,Athletics,0,0,0,0,8,0.002248224
MDA,Canoe Sprint,0,0,1,1,5,0.082231774
MDA,Judo,0,0,0,0,3,0
MDA,Shooting,0,0,0,0,1,0
MDA,Swimming,0,0,0,0,5,0.003373572
MDA,Weightlifting,0,0,0,0,2,0
MDA,Wrestling,0,0,0,0,2,0
MEX,Archery,0,0,2,2,9,0.162252502
MEX,Artistic Gymnastics,0,0,0,0,12,0.011201669
MEX,Artistic Swimming,0,0,0,0,2,0
MEX,Athletics,0,0,0,0,19,0.001125348
MEX,Badminton,0,0,0,0,2,0
MEX,Baseball/Softball,0,0,0,0,36,0
MEX,Basketball,0,0,0,0,2,0.001125348
MEX,Beach Volleyball,0,0,0,0,2,0
MEX,Boxing,0,0,0,0,3,0
MEX,Canoe Slalom,0,0,0,0,1,0
MEX,Cycling Mountain Bike,0,0,0,0,2,0
MEX,Cycling Road,0,0,0,0,2,0
MEX,Cycling Track,0,0,0,0,6,0.004496448
MEX,Diving,0,0,2,2,16,0.159979788
MEX,Equestrian,0,0,0,0,7,0.003376044
MEX,Fencing,0,0,0,0,1,0
MEX,Football,0,0,20,20,20,1.59962156
MEX,Golf,0,0,0,0,4,0
MEX,Judo,0,0,0,0,1,0
MEX,Marathon Swimming,0,0,0,0,1,0
MEX,Modern Pentathlon,0,0,0,0,4,0
MEX,Rhythmic Gymnastics,0,0,0,0,1,0
MEX,Rowing,0,0,0,0,1,0
MEX,Sailing,0,0,0,0,4,0
MEX,Shooting,0,0,0,0,7,0.002250696
MEX,Swimming,0,0,0,0,4,0.001125348
MEX,Taekwondo,0,0,0,0,2,0
MEX,Tennis,0,0,0,0,3,0.001125348
MEX,Trampoline Gymnastics,0,0,0,0,1,0
MEX,Triathlon,0,0,0,0,8,0.004501392
MEX,Weightlifting,0,0,1,1,4,0.079981078
MEX,Wrestling,0,0,0,0,2,0
MGL,3x3 Basketball,0,0,0,0,4,0
MGL,Archery,0,0,0,0,4,0.002250696
MGL,Athletics,0,0,0,0,3,0
MGL,Boxing,0,0,0,0,3,0
MGL,Judo,0,0,2,2,20,0.168973756
MGL,Shooting,0,0,0,0,10,0.006747144
MGL,Swimming,0,0,0,0,2,0
MGL,Table Tennis,0,0,0,0,2,0
MGL,Weightlifting,0,0,0,0,2,0
MGL,Wrestling,0,0,1,1,9,0.079981078
MKD,Athletics,0,0,0,0,1,0
MKD,Judo,0,0,0,0,1,0
MKD,Karate,0,0,0,0,1,0
MKD,Shooting,0,0,0,0,1,0
MKD,Swimming,0,0,0,0,2,0
MKD,Taekwondo,0,1,0,1,1,0.086140832
MKD,Wrestling,0,0,0,0,1,0
MNE,Athletics,0,0,0,0,4,0.002248224
MNE,Handball,0,0,0,0,16,0.001125348
MNE,Judo,0,0,0,0,1,0
MNE,Sailing,0,0,0,0,1,0
MNE,Shooting,0,0,0,0,1,0
MNE,Swimming,0,0,0,0,2,0
MNE,Water Polo,0,0,0,0,13,0
MON,Athletics,0,0,0,0,1,0
MON,Judo,0,0,0,0,1,0
MON,Rowing,0,0,0,0,1,0
MON,Swimming,0,0,0,0,2,0
MON,Table Tennis,0,0,0,0,1,0
MOZ,Athletics,0,0,0,0,1,0
MOZ,Boxing,0,0,0,0,2,0
MOZ,Canoe Sprint,0,0,0,0,1,0
MOZ,Judo,0,0,0,0,1,0
MOZ,Sailing,0,0,0,0,3,0
MOZ,Swimming,0,0,0,0,3,0.001125348
MRI,Athletics,0,0,0,0,1,0
MRI,Badminton,0,0,0,0,1,0
MRI,Boxing,0,0,0,0,3,0.001125348
MRI,Judo,0,0,0,0,1,0
MRI,Swimming,0,0,0,0,3,0.001125348
MRI,Weightlifting,0,0,0,0,1,0
NAM,Athletics,0,1,0,1,7,0.089509465
NAM,Boxing,0,0,0,0,2,0.001125348
NAM,Cycling Mountain Bike,0,0,0,0,2,0
NAM,Cycling Road,0,0,0,0,2,0
NAM,Marathon Swimming,0,0,0,0,1,0
NAM,Rowing,0,0,0,0,1,0
NED,3x3 Basketball,0,0,0,0,4,0
NED,Archery,0,2,0,2,9,0.17457044
NED,Artistic Gymnastics,0,0,0,0,25,0.021292767
NED,Artistic Swimming,0,0,0,0,2,0
NED,Athletics,2,8,3,13,79,1.056480745
NED,Badminton,0,0,0,0,7,0.003368633
NED,Beach Volleyball,0,0,2,2,11,0.16335336
NED,Boxing,0,1,1,2,3,0.123006887
NED,Canoe Slalom,0,0,0,0,1,0
NED,Cycling,2,1,1,4,19,0.326924377
NED,Cycling BMX Racing,0,0,1,1,4,0.079981078
NED,Cycling Mountain Bike,0,0,0,0,3,0
NED,Cycling Road,1,1,1,3,8,0.205309077
NED,Cycling Track,5,0,1,6,15,0.430843106
NED,Diving,0,0,0,0,2,0
NED,Equestrian,0,0,1,1,18,0.08786733
NED,Fencing,0,0,0,0,4,0.003368633
NED,Football,0,0,0,0,22,0
NED,Handball,0,0,0,0,21,0.006752088
NED,Hockey,18,4,0,22,47,1.717914594
NED,Judo,0,0,1,1,22,0.092363778
NED,Marathon Swimming,0,1,0,1,2,0.086140832
NED,Rowing,5,8,6,19,42,1.452007252
NED,Sailing,2,2,4,8,16,0.523128041
NED,Skateboarding,0,0,0,0,2,0
NED,Swimming,3,3,0,6,50,0.447152995
NED,Table Tennis,0,0,0,0,2,0.001125348
NED,Tennis,0,0,0,0,7,0.003368633
NED,Triathlon,0,0,0,0,8,0.004493981
NED,Water Polo,0,0,0,0,13,0
NED,Weightlifting,0,0,0,0,1,0
NGR,Artistic Gymnastics,0,0,0,0,7,0.006715091
NGR,Athletics,0,0,1,1,22,0.08900728
NGR,Badminton,0,0,0,0,3,0
NGR,Basketball,0,0,0,0,24,0
NGR,Canoe Sprint,0,0,0,0,1,0
NGR,Rowing,0,0,0,0,1,0
NGR,Swimming,0,0,0,0,1,0
NGR,Table Tennis,0,0,0,0,10,0.006737266
NGR,Taekwondo,0,0,0,0,1,0
NGR,Wrestling,0,1,0,1,7,0.086170324
NIG,Athletics,0,0,0,0,2,0
NIG,Judo,0,0,0,0,1,0
NIG,Swimming,0,0,0,0,2,0
NIG,Taekwondo,0,0,0,0,2,0
NOR,Artistic Gymnastics,0,0,0,0,5,0.003368633
NOR,Athletics,2,1,0,3,21,0.251823956
NOR,Beach Volleyball,2,0,0,2,2,0.161163914
NOR,Canoe Sprint,0,0,0,0,1,0
NOR,Cycling,0,0,0,0,1,0
NOR,Cycling Mountain Bike,0,0,0,0,1,0
NOR,Cycling Road,0,0,0,0,8,0.002250696
NOR,Cycling Track,0,0,0,0,1,0
NOR,Diving,0,0,0,0,1,0
NOR,Equestrian,0,0,0,0,1,0
NOR,Golf,0,0,0,0,3,0
NOR,Handball,1,0,18,19,34,1.446448835
NOR,Rowing,0,1,2,3,11,0.203034668
NOR,Sailing,0,0,1,1,8,0.079981078
NOR,Shooting,0,0,0,0,14,0.010118244
NOR,Swimming,0,0,0,0,12,0.008975635
NOR,Taekwondo,0,0,0,0,1,0
NOR,Triathlon,1,0,0,1,4,0.080581957
NZL,Artistic Gymnastics,0,0,0,0,7,0.006715091
NZL,Athletics,0,0,3,3,19,0.237786676
NZL,Boxing,0,0,1,1,1,0.079981078
NZL,Canoe Slalom,0,0,0,0,3,0.001125348
NZL,Canoe Sprint,4,0,0,4,13,0.312458923
NZL,Cycling,0,2,1,3,12,0.253434986
NZL,Cycling BMX Racing,0,0,0,0,1,0
NZL,Cycling Mountain Bike,0,0,0,0,1,0
NZL,Cycling Road,0,0,0,0,2,0.001125348
NZL,Cycling Track,0,2,0,2,21,0.179071832
NZL,Diving,0,0,0,0,1,0
NZL,Equestrian,0,0,0,0,15,0.007877436
NZL,Football,0,0,0,0,60,0.01798333
NZL,Golf,0,0,1,1,3,0.081106426
NZL,Hockey,0,0,0,0,49,0.014619636
NZL,Karate,0,0,0,0,1,0
NZL,Rowing,14,11,0,25,50,1.987630891
NZL,Rugby Sevens,13,19,0,32,37,2.435862553
NZL,Sailing,2,5,1,8,20,0.55946556
NZL,Shooting,0,1,0,1,4,0.087274768
NZL,Surfing,0,0,0,0,2,0
NZL,Swimming,0,0,0,0,18,0.011243592
NZL,Taekwondo,0,0,0,0,1,0
NZL,Tennis,0,0,2,2,4,0.159979788
NZL,Trampoline Gymnastics,0,0,1,1,2,0.079981078
NZL,Triathlon,0,0,1,1,8,0.083365938
NZL,Weightlifting,0,0,0,0,5,0
PAK,Athletics,0,0,0,0,3,0.001125348
PAK,Badminton,0,0,0,0,1,0
PAK,Judo,0,0,0,0,1,0
PAK,Shooting,0,0,0,0,3,0
PAK,Swimming,0,0,0,0,2,0
PAK,Weightlifting,0,0,0,0,1,0
PAN,Athletics,0,0,0,0,4,0
PAN,Boxing,0,0,0,0,2,0.001125348
PAN,Cycling Road,0,0,0,0,1,0
PAN,Judo,0,0,0,0,2,0
PAN,Swimming,0,0,0,0,3,0.001125348
PAR,Athletics,0,0,0,0,2,0
PAR,Cycling Road,0,0,0,0,1,0
PAR,Golf,0,0,0,0,1,0
PAR,Rowing,0,0,0,0,1,0
PAR,Swimming,0,0,0,0,3,0.001125348
PAR,Tennis,0,0,0,0,1,0
PER,Artistic Gymnastics,0,0,0,0,5,0.004486578
PER,Athletics,0,0,0,0,8,0
PER,Badminton,0,0,0,0,1,0
PER,Boxing,0,0,0,0,2,0
PER,Cycling Road,0,0,0,0,1,0
PER,Fencing,0,0,0,0,1,0
PER,Judo,0,0,0,0,1,0
PER,Karate,0,0,0,0,1,0
PER,Rowing,0,0,0,0,1,0
PER,Sailing,0,0,0,0,5,0
PER,Shooting,0,0,0,0,4,0.001125348
PER,Skateboarding,0,0,0,0,1,0
PER,Surfing,0,0,0,0,4,0
PER,Swimming,0,0,0,0,4,0.002250696
PER,Tennis,0,0,0,0,1,0
PER,Weightlifting,0,0,0,0,1,0
PER,Wrestling,0,0,0,0,1,0
PHI,Artistic Gymnastics,0,0,0,0,7,0.006715091
PHI,Athletics,0,0,0,0,2,0
PHI,Boxing,0,2,1,3,4,0.252262742
PHI,Golf,0,0,0,0,3,0
PHI,Judo,0,0,0,0,1,0
PHI,Rowing,0,0,0,0,1,0
PHI,Shooting,0,0,0,0,1,0
PHI,Skateboarding,0,0,0,0,1,0
PHI,Swimming,0,0,0,0,4,0.002250696
PHI,Taekwondo,0,0,0,0,1,0
PHI,Weightlifting,1,1,0,2,5,0.125360635
POL,3x3 Basketball,0,0,0,0,4,0
POL,Archery,0,0,0,0,4,0.002250696
POL,Artistic Gymnastics,0,0,0,0,5,0.004486578
POL,Athletics,14,6,4,24,103,1.779355655
POL,Beach Volleyball,0,0,0,0,5,0.001125348
POL,Boxing,0,0,0,0,4,0
POL,Canoe Slalom,0,0,0,0,4,0
POL,Canoe Sprint,0,2,4,6,15,0.408244258
POL,Cycling,0,0,0,0,12,0.007870025
POL,Cycling Mountain Bike,0,0,0,0,2,0
POL,Cycling Road,0,0,0,0,3,0
POL,Cycling Track,0,0,0,0,21,0.01236894
POL,Equestrian,0,0,0,0,5,0.002250696
POL,Fencing,0,0,0,0,8,0.003376044
POL,Golf,0,0,0,0,1,0
POL,Judo,0,0,0,0,7,0.001125348
POL,Modern Pentathlon,0,0,0,0,4,0.001125348
POL,Rowing,0,4,0,4,23,0.34906472
POL,Sailing,0,1,0,1,11,0.087295672
POL,Shooting,0,0,0,0,10,0.005621796
POL,Skateboarding,0,0,0,0,1,0
POL,Sport Climbing,0,0,0,0,1,0
POL,Swimming,0,0,0,0,38,0.02353366
POL,Table Tennis,0,0,0,0,7,0.005602063
POL,Taekwondo,0,0,0,0,2,0
POL,Tennis,0,0,0,0,13,0.007872492
POL,Volleyball,0,0,0,0,18,0.006747144
POL,Weightlifting,0,0,0,0,4,0.001125348
POL,Wrestling,0,0,1,1,6,0.079981078
POR,Artistic Gymnastics,0,0,0,0,5,0.004486578
POR,Athletics,1,1,0,2,27,0.175710751
POR,Canoe Slalom,0,0,0,0,1,0
POR,Canoe Sprint,0,0,1,1,5,0.081106426
POR,Cycling Mountain Bike,0,0,0,0,1,0
POR,Cycling Road,0,0,0,0,4,0.002250696
POR,Cycling Track,0,0,0,0,1,0
POR,Equestrian,0,0,0,0,9,0.004501392
POR,Handball,0,0,0,0,13,0
POR,Judo,0,0,2,2,15,0.162333618
POR,Marathon Swimming,0,0,0,0,2,0
POR,Rowing,0,0,0,0,4,0.002248224
POR,Sailing,0,0,0,0,5,0
POR,Shooting,0,0,0,0,1,0
POR,Skateboarding,0,0,0,0,1,0
POR,Surfing,0,0,0,0,2,0
POR,Swimming,0,0,0,0,12,0.006747144
POR,Table Tennis,0,0,0,0,13,0.008965787
POR,Taekwondo,0,0,0,0,1,0
POR,Tennis,0,0,0,0,4,0.002250696
POR,Trampoline Gymnastics,0,0,0,0,1,0
POR,Triathlon,0,0,0,0,3,0
PUR,Athletics,1,0,0,1,5,0.080591187
PUR,Basketball,0,0,0,0,12,0
PUR,Boxing,0,0,0,0,1,0
PUR,Diving,0,0,0,0,1,0
PUR,Equestrian,0,0,0,0,1,0
PUR,Golf,0,0,0,0,2,0
PUR,Judo,0,0,0,0,2,0
PUR,Rowing,0,0,0,0,1,0
PUR,Sailing,0,0,0,0,3,0
PUR,Shooting,0,0,0,0,1,0
PUR,Skateboarding,0,0,0,0,2,0
PUR,Swimming,0,0,0,0,4,0.002250696
PUR,Table Tennis,0,0,0,0,3,0
PUR,Taekwondo,0,0,0,0,1,0
PUR,Wrestling,0,0,0,0,1,0
QAT,Athletics,1,0,0,1,11,0.08395059
QAT,Beach Volleyball,0,0,2,2,2,0.159962156
QAT,Judo,0,0,0,0,1,0
QAT,Rowing,0,0,0,0,1,0
QAT,Swimming,0,0,0,0,4,0.002248224
QAT,Weightlifting,1,0,0,1,1,0.080581957
ROC,3x3 Basketball,0,8,0,8,8,0.689126656
ROC,Archery,0,4,0,4,9,0.33827644
ROC,Artistic Gymnastics,8,2,4,14,80,0.998685467
ROC,Artistic Swimming,10,0,0,10,10,0.798132886
ROC,Athletics,1,1,0,2,10,0.166722789
ROC,Badminton,0,0,0,0,3,0
ROC,Beach Volleyball,0,2,0,2,6,0.172281664
ROC,Boxing,1,1,4,6,11,0.486647101
ROC,Canoe Slalom,0,0,0,0,4,0.002250696
ROC,Canoe Sprint,0,0,0,0,28,0.014619636
ROC,Cycling BMX Freestyle,0,0,0,0,2,0
ROC,Cycling BMX Racing,0,0,0,0,3,0
ROC,Cycling Mountain Bike,0,0,0,0,2,0
ROC,Cycling Road,0,0,0,0,5,0.001125348
ROC,Cycling Track,0,0,5,5,22,0.406729362
ROC,Diving,0,0,2,2,11,0.162230484
ROC,Equestrian,0,0,0,0,10,0.004501392
ROC,Fencing,9,10,1,20,42,1.546438838
ROC,Handball,0,15,0,15,15,1.29211248
ROC,Judo,0,0,3,3,24,0.248972466
ROC,Marathon Swimming,0,0,0,0,2,0
ROC,Modern Pentathlon,0,0,0,0,3,0
ROC,Rhythmic Gymnastics,0,6,0,6,7,0.516844992
ROC,Rowing,0,3,0,3,10,0.258422496
ROC,Rugby Sevens,0,0,0,0,13,0
ROC,Sailing,0,0,0,0,6,0
ROC,Shooting,2,5,3,10,31,0.730772113
ROC,Sport Climbing,0,0,0,0,3,0
ROC,Swimming,2,7,1,10,84,0.784699601
ROC,Table Tennis,0,0,0,0,3,0
ROC,Taekwondo,2,1,1,4,4,0.327285824
ROC,Tennis,2,3,0,5,18,0.421946136
ROC,Trampoline Gymnastics,0,0,0,0,4,0
ROC,Triathlon,0,0,0,0,8,0.004501392
ROC,Volleyball,0,11,0,11,22,0.947549152
ROC,Water Polo,0,0,0,0,13,0
ROC,Weightlifting,0,0,0,0,2,0
ROC,Wrestling,4,0,4,8,17,0.64225214
ROU,3x3 Basketball,0,0,0,0,4,0
ROU,Archery,0,0,0,0,1,0
ROU,Artistic Gymnastics,0,0,0,0,7,0.004486578
ROU,Athletics,0,0,0,0,9,0
ROU,Boxing,0,0,0,0,2,0
ROU,Canoe Sprint,0,0,0,0,4,0.002250696
ROU,Cycling Mountain Bike,0,0,0,0,1,0
ROU,Cycling Road,0,0,0,0,1,0
ROU,Fencing,0,1,0,1,2,0.086140832
ROU,Football,0,0,0,0,22,0
ROU,Judo,0,0,0,0,3,0
ROU,Rowing,2,6,1,9,40,0.75915364
ROU,Shooting,0,0,0,0,1,0
ROU,Swimming,0,0,0,0,7,0.00449892
ROU,Table Tennis,0,0,0,0,19,0.016813602
ROU,Tennis,0,0,0,0,5,0.002248224
ROU,Triathlon,0,0,0,0,1,0
ROU,Wrestling,0,0,1,1,6,0.079989894
RSA,Artistic Gymnastics,0,0,0,0,10,0.008973156
RSA,Artistic Swimming,0,0,0,0,2,0
RSA,Athletics,0,0,0,0,53,0.02473788
RSA,Cycling,0,0,0,0,5,0.003368633
RSA,Cycling BMX Racing,0,0,0,0,1,0
RSA,Cycling Mountain Bike,0,0,0,0,1,0
RSA,Cycling Road,0,0,0,0,5,0.001125348
RSA,Cycling Track,0,0,0,0,5,0.002250696
RSA,Diving,0,0,0,0,3,0.001125348
RSA,Equestrian,0,0,0,0,1,0
RSA,Football,0,0,0,0,20,0.001125348
RSA,Golf,0,0,0,0,2,0
RSA,Hockey,0,0,0,0,37,0.003376044
RSA,Judo,0,0,0,0,1,0
RSA,Marathon Swimming,0,0,0,0,2,0
RSA,Rowing,0,1,0,1,7,0.087274768
RSA,Rugby Sevens,0,0,1,1,14,0.079989894
RSA,Sailing,0,0,0,0,3,0
RSA,Skateboarding,0,0,0,0,3,0
RSA,Sport Climbing,0,0,0,0,2,0
RSA,Surfing,0,1,0,1,1,0.086140832
RSA,Swimming,1,1,0,2,25,0.134331073
RSA,Triathlon,0,0,1,1,6,0.082238118
RSA,Water Polo,0,0,0,0,26,0
SEN,Athletics,0,0,0,0,1,0
SEN,Canoe Slalom,0,0,0,0,1,0
SEN,Fencing,0,0,0,0,1,0
SEN,Judo,0,0,0,0,1,0
SEN,Shooting,0,0,0,0,1,0
SEN,Swimming,0,0,0,0,2,0
SEN,Table Tennis,0,0,0,0,1,0
SEN,Wrestling,0,0,0,0,3,0.002248224
SGP,Artistic Gymnastics,0,0,0,0,2,0.001125348
SGP,Athletics,0,0,0,0,1,0
SGP,Badminton,0,0,0,0,2,0
SGP,Diving,0,0,0,0,2,0
SGP,Equestrian,0,0,0,0,1,0
SGP,Fencing,0,0,0,0,2,0
SGP,Marathon Swimming,0,0,0,0,1,0
SGP,Rowing,0,0,0,0,1,0
SGP,Sailing,0,0,0,0,4,0
SGP,Shooting,0,0,0,0,1,0
SGP,Swimming,1,0,0,1,11,0.085252187
SGP,Table Tennis,0,0,0,0,5,0.002250696
SLO,Archery,0,0,0,0,1,0
SLO,Athletics,0,0,0,0,9,0.002248224
SLO,Basketball,0,0,0,0,12,0
SLO,Canoe Slalom,1,0,0,1,4,0.080581957
SLO,Canoe Sprint,0,0,0,0,4,0.002250696
SLO,Cycling,0,0,0,0,1,0
SLO,Cycling Mountain Bike,0,0,0,0,1,0
SLO,Cycling Road,1,0,1,2,5,0.160572265
SLO,Golf,0,0,0,0,1,0
SLO,Judo,1,1,0,2,7,0.126444531
SLO,Marathon Swimming,0,0,0,0,1,0
SLO,Rhythmic Gymnastics,0,0,0,0,1,0
SLO,Sailing,0,0,0,0,6,0.003373572
SLO,Shooting,0,0,0,0,2,0.001125348
SLO,Sport Climbing,1,0,0,1,2,0.080581957
SLO,Swimming,0,0,0,0,8,0.005621796
SLO,Table Tennis,0,0,0,0,5,0.002250696
SLO,Taekwondo,0,0,0,0,1,0
SMR,Judo,0,0,0,0,1,0
SMR,Shooting,0,2,1,3,6,0.209196215
SMR,Swimming,0,0,0,0,2,0.001125348
SRB,3x3 Basketball,0,0,4,4,4,0.319924312
SRB,Athletics,0,0,0,0,5,0
SRB,Basketball,0,0,1,1,13,0.079989894
SRB,Boxing,0,0,0,0,1,0
SRB,Canoe Sprint,0,0,0,0,5,0.002250696
SRB,Judo,0,0,0,0,6,0.001125348
SRB,Karate,1,0,0,1,1,0.080581957
SRB,Rowing,0,0,0,0,3,0
SRB,Shooting,0,1,1,2,25,0.176589152
SRB,Swimming,0,0,0,0,13,0.006742205
SRB,Table Tennis,0,0,0,0,5,0.002250696
SRB,Taekwondo,1,0,1,2,2,0.160563035
SRB,Tennis,0,0,0,0,8,0.003373572
SRB,Volleyball,0,0,12,12,12,0.959772936
SRB,Water Polo,13,0,0,13,13,1.047565441
SRB,Wrestling,0,0,0,0,3,0
SRI,Artistic Gymnastics,0,0,0,0,5,0.004486578
SRI,Athletics,0,0,0,0,2,0
SRI,Badminton,0,0,0,0,3,0.002248224
SRI,Equestrian,0,0,0,0,1,0
SRI,Judo,0,0,0,0,2,0.001125348
SRI,Shooting,0,0,0,0,1,0
SRI,Swimming,0,0,0,0,3,0.001125348
SUD,Athletics,0,0,0,0,1,0
SUD,Judo,0,0,0,0,1,0
SUD,Rowing,0,0,0,0,1,0
SUD,Swimming,0,0,0,0,3,0.001125348
SUI,Artistic Gymnastics,0,0,0,0,37,0.03578925
SUI,Athletics,0,0,0,0,40,0.014602375
SUI,Badminton,0,0,0,0,3,0.002248224
SUI,Beach Volleyball,0,0,2,2,7,0.159970972
SUI,Canoe Slalom,0,0,0,0,4,0
SUI,Cycling,1,1,1,3,6,0.160668888
SUI,Cycling BMX Freestyle,0,0,1,1,1,0.079981078
SUI,Cycling BMX Racing,0,0,0,0,2,0
SUI,Cycling Mountain Bike,0,2,0,2,3,0.172281664
SUI,Cycling Road,0,1,0,1,7,0.087274768
SUI,Cycling Track,0,0,0,0,11,0.005621796
SUI,Diving,0,0,0,0,1,0
SUI,Equestrian,0,0,0,0,17,0.009002784
SUI,Fencing,0,0,0,0,12,0.008980559
SUI,Golf,0,0,0,0,3,0.001125348
SUI,Judo,0,0,0,0,2,0
SUI,Karate,0,0,0,0,1,0
SUI,Rowing,0,0,0,0,9,0
SUI,Sailing,0,0,0,0,10,0.004501392
SUI,Shooting,1,0,1,2,6,0.121370714
SUI,Sport Climbing,0,0,0,0,1,0
SUI,Swimming,0,0,2,2,25,0.174649058
SUI,Table Tennis,0,0,0,0,1,0
SUI,Tennis,1,2,0,3,4,0.211468603
SUI,Triathlon,0,0,0,0,10,0.006747144
SUI,Wrestling,0,0,0,0,1,0
SUR,Badminton,0,0,0,0,2,0.001125348
SUR,Cycling Track,0,0,0,0,2,0.001125348
SUR,Swimming,0,0,0,0,2,0.001125348
SVK,Archery,0,0,0,0,1,0
SVK,Artistic Gymnastics,0,0,0,0,5,0.004486578
SVK,Athletics,0,0,0,0,10,0.001125348
SVK,Badminton,0,0,0,0,1,0
SVK,Boxing,0,0,0,0,1,0
SVK,Canoe Slalom,0,1,0,1,4,0.086140832
SVK,Canoe Sprint,0,0,4,4,7,0.319941944
SVK,Cycling Road,0,0,0,0,3,0.001125348
SVK,Golf,0,1,0,1,1,0.086140832
SVK,Shooting,1,0,0,1,13,0.086203113
SVK,Swimming,0,0,0,0,7,0.005611926
SVK,Table Tennis,0,0,0,0,3,0.001125348
SVK,Tennis,0,0,0,0,4,0.001125348
SVK,Wrestling,0,0,0,0,1,0
SWE,Archery,0,0,0,0,3,0.002248224
SWE,Artistic Gymnastics,0,0,0,0,8,0.006715091
SWE,Athletics,2,1,0,3,26,0.252926542
SWE,Badminton,0,0,0,0,1,0
SWE,Boxing,0,0,0,0,2,0
SWE,Canoe Slalom,0,0,0,0,1,0
SWE,Canoe Sprint,0,0,0,0,3,0.001125348
SWE,Cycling,1,0,0,1,1,0.080581957
SWE,Diving,0,0,0,0,1,0
SWE,Equestrian,4,1,0,5,23,0.376086298
SWE,Football,0,26,0,26,28,2.209872857
SWE,Golf,0,0,0,0,5,0.001125348
SWE,Handball,0,0,0,0,37,0.007874964
SWE,Judo,0,0,0,0,7,0.003373572
SWE,Rowing,0,0,0,0,1,0
SWE,Sailing,1,3,0,4,16,0.339128874
SWE,Shooting,0,0,0,0,1,0
SWE,Skateboarding,0,0,0,0,1,0
SWE,Swimming,0,1,0,1,38,0.11417831
SWE,Table Tennis,0,0,0,0,9,0.00449892
SWE,Tennis,0,0,0,0,1,0
SWE,Weightlifting,0,0,0,0,1,0
SWE,Wrestling,0,0,0,0,3,0
SYR,Athletics,0,0,0,0,1,0
SYR,Equestrian,0,0,0,0,1,0
SYR,Swimming,0,0,0,0,1,0
SYR,Table Tennis,0,0,0,0,1,0
SYR,Triathlon,0,0,0,0,1,0
SYR,Weightlifting,0,0,1,1,2,0.079989894
TAN,Athletics,0,0,0,0,3,0
TGA,Athletics,0,0,0,0,1,0
TGA,Swimming,0,0,0,0,4,0.002248224
TGA,Taekwondo,0,0,0,0,3,0.001125348
TGA,Weightlifting,0,0,0,0,1,0
THA,Athletics,0,0,0,0,3,0.001125348
THA,Badminton,0,0,0,0,10,0.003373572
THA,Boxing,0,0,1,1,4,0.079981078
THA,Canoe Sprint,0,0,0,0,1,0
THA,Cycling,0,0,0,0,2,0.001125348
THA,Cycling BMX Racing,0,0,0,0,1,0
THA,Equestrian,0,0,0,0,6,0.003376044
THA,Golf,0,0,0,0,5,0.001125348
THA,Judo,0,0,0,0,1,0
THA,Rowing,0,0,0,0,2,0
THA,Sailing,0,0,0,0,6,0.003376044
THA,Shooting,0,0,0,0,19,0.014562934
THA,Swimming,0,0,0,0,4,0.002250696
THA,Table Tennis,0,0,0,0,3,0.001125348
THA,Taekwondo,1,0,1,2,3,0.12020334
TJK,Athletics,0,0,0,0,1,0
TJK,Boxing,0,0,0,0,3,0
TJK,Judo,0,0,0,0,5,0.001125348
TJK,Swimming,0,0,0,0,3,0.001125348
TKM,Athletics,0,0,0,0,1,0
TKM,Judo,0,0,0,0,1,0
TKM,Swimming,0,0,0,0,3,0.001125348
TKM,Weightlifting,0,1,0,1,5,0.086140832
TOG,Athletics,0,0,0,0,1,0
TOG,Rowing,0,0,0,0,1,0
TOG,Swimming,0,0,0,0,1,0
TOG,Table Tennis,0,0,0,0,1,0
TPE,Archery,0,3,0,3,14,0.262968084
TPE,Artistic Gymnastics,0,1,0,1,34,0.111061348
TPE,Athletics,0,0,0,0,6,0
TPE,Badminton,2,1,0,3,5,0.247304746
TPE,Boxing,0,0,1,1,4,0.079981078
TPE,Canoe Slalom,0,0,0,0,1,0
TPE,Cycling Road,0,0,0,0,1,0
TPE,Equestrian,0,0,0,0,1,0
TPE,Golf,0,0,1,1,3,0.079981078
TPE,Judo,0,1,0,1,3,0.086140832
TPE,Karate,0,0,1,1,2,0.079981078
TPE,Rowing,0,0,0,0,1,0
TPE,Shooting,0,0,0,0,9,0.004501392
TPE,Swimming,0,0,0,0,5,0.002250696
TPE,Table Tennis,0,0,1,1,9,0.082262608
TPE,Taekwondo,0,0,1,1,4,0.079981078
TPE,Tennis,0,0,0,0,5,0
TPE,Weightlifting,1,0,1,2,7,0.160563035
TTO,Athletics,1,0,2,3,47,0.220554425
TTO,Boxing,0,0,0,0,1,0
TTO,Cycling Road,0,0,0,0,1,0
TTO,Cycling Track,0,0,0,0,4,0.002250696
TTO,Judo,0,0,0,0,1,0
TTO,Rowing,0,0,0,0,1,0
TTO,Swimming,0,0,0,0,6,0.004486578
TUN,Archery,0,0,0,0,4,0.002250696
TUN,Athletics,0,0,0,0,3,0
TUN,Boxing,0,0,0,0,2,0
TUN,Canoe Sprint,0,0,0,0,5,0.001125348
TUN,Fencing,0,0,0,0,14,0.006749616
TUN,Judo,0,0,0,0,3,0
TUN,Marathon Swimming,0,0,0,0,1,0
TUN,Rowing,0,0,0,0,2,0
TUN,Sailing,0,0,0,0,4,0
TUN,Shooting,0,0,0,0,5,0.003373572
TUN,Swimming,1,0,0,1,2,0.080591187
TUN,Table Tennis,0,0,0,0,2,0
TUN,Taekwondo,0,1,0,1,1,0.086140832
TUN,Tennis,0,0,0,0,3,0.002248224
TUN,Volleyball,0,0,0,0,14,0.002250696
TUN,Weightlifting,0,0,0,0,5,0
TUN,Wrestling,0,0,0,0,10,0
TUR,Archery,1,0,0,1,5,0.081739533
TUR,Artistic Gymnastics,0,0,1,1,22,0.097906654
TUR,Athletics,0,0,0,0,29,0.006744677
TUR,Badminton,0,0,0,0,1,0
TUR,Boxing,1,1,0,2,6,0.166722789
TUR,Cycling,0,0,0,0,1,0
TUR,Cycling Road,0,0,0,0,1,0
TUR,Fencing,0,0,0,0,1,0
TUR,Judo,0,0,0,0,6,0
TUR,Karate,0,1,3,4,7,0.326084066
TUR,Modern Pentathlon,0,0,0,0,1,0
TUR,Rowing,0,0,0,0,1,0
TUR,Sailing,0,0,0,0,11,0.003373572
TUR,Shooting,0,0,0,0,5,0.001125348
TUR,Swimming,0,0,0,0,19,0.008992901
TUR,Taekwondo,0,1,3,4,7,0.282984912
TUR,Volleyball,0,0,0,0,12,0
TUR,Weightlifting,0,0,0,0,2,0
TUR,Wrestling,0,0,3,3,10,0.23995205
UAE,Athletics,0,0,0,0,1,0
UAE,Judo,0,0,0,0,2,0.001125348
UAE,Shooting,0,0,0,0,1,0
UAE,Swimming,0,0,0,0,1,0
UGA,Athletics,3,1,1,5,32,0.372199715
UGA,Boxing,0,0,0,0,3,0
UGA,Rowing,0,0,0,0,1,0
UGA,Swimming,0,0,0,0,2,0
UKR,Archery,0,0,0,0,11,0.007862622
UKR,Artistic Gymnastics,0,0,0,0,36,0.034678673
UKR,Artistic Swimming,0,0,10,10,10,0.784259006
UKR,Athletics,0,0,1,1,70,0.109200602
UKR,Badminton,0,0,0,0,3,0.001125348
UKR,Boxing,0,1,0,1,6,0.08726618
UKR,Canoe Slalom,0,0,0,0,2,0.001125348
UKR,Canoe Sprint,0,2,1,3,18,0.215908395
UKR,Cycling,0,0,0,0,2,0.001125348
UKR,Cycling Road,0,0,0,0,2,0
UKR,Cycling Track,0,1,0,1,6,0.088418548
UKR,Diving,0,0,0,0,7,0.001125348
UKR,Equestrian,0,0,0,0,2,0
UKR,Fencing,0,0,1,1,13,0.086727168
UKR,Judo,0,0,1,1,9,0.082231774
UKR,Karate,0,1,1,2,3,0.16612191
UKR,Marathon Swimming,0,0,0,0,1,0
UKR,Modern Pentathlon,0,1,0,1,4,0.086203533
UKR,Rhythmic Gymnastics,0,0,0,0,7,0
UKR,Rowing,0,0,0,0,2,0
UKR,Shooting,1,1,4,6,37,0.418383744
UKR,Swimming,0,1,1,2,16,0.130875515
UKR,Table Tennis,0,0,0,0,5,0.002248224
UKR,Tennis,0,0,1,1,9,0.082297817
UKR,Trampoline Gymnastics,0,0,0,0,1,0
UKR,Triathlon,0,0,0,0,1,0
UKR,Weightlifting,0,0,0,0,3,0.001125348
UKR,Wrestling,1,2,2,5,13,0.372556335
URU,Athletics,0,0,0,0,3,0
URU,Judo,0,0,0,0,1,0
URU,Rowing,0,0,0,0,2,0
URU,Sailing,0,0,0,0,3,0
URU,Swimming,0,0,0,0,2,0
USA,3x3 Basketball,4,0,0,4,4,0.322327828
USA,Archery,0,3,1,4,25,0.284719206
USA,Artistic Gymnastics,2,5,2,9,67,0.653611652
USA,Artistic Swimming,0,0,0,0,2,0
USA,Athletics,31,24,17,72,202,5.071739383
USA,Badminton,0,0,0,0,6,0.002248224
USA,Baseball/Softball,0,38,0,38,38,3.273351616
USA,Basketball,38,0,0,38,38,2.955470981
USA,Beach Volleyball,2,1,1,4,14,0.244619478
USA,Boxing,0,3,1,4,10,0.338403574
USA,Canoe Slalom,0,0,0,0,4,0.001125348
USA,Canoe Sprint,1,0,0,1,1,0.080581957
USA,Cycling,1,1,0,2,4,0.166732019
USA,Cycling BMX Freestyle,0,1,0,1,4,0.086140832
USA,Cycling BMX Racing,0,0,0,0,3,0
USA,Cycling Mountain Bike,0,0,0,0,4,0
USA,Cycling Road,0,0,0,0,10,0.003376044
USA,Cycling Track,0,0,3,3,13,0.243358928
USA,Diving,0,5,1,6,19,0.504428243
USA,Equestrian,0,7,0,7,20,0.605296636
USA,Fencing,3,2,11,16,77,1.144706427
USA,Football,4,0,21,25,31,1.865803374
USA,Golf,2,0,0,2,9,0.162289262
USA,Judo,0,0,0,0,6,0.002250696
USA,Karate,0,0,1,1,3,0.079981078
USA,Marathon Swimming,0,0,0,0,3,0
USA,Modern Pentathlon,0,0,0,0,2,0
USA,Rhythmic Gymnastics,0,0,0,0,8,0.001125348
USA,Rowing,2,1,2,5,52,0.411416622
USA,Rugby Sevens,0,0,0,0,33,0.007877436
USA,Sailing,0,0,0,0,18,0.005624268
USA,Shooting,5,3,2,10,39,0.819352819
USA,Skateboarding,0,0,2,2,12,0.159962156
USA,Sport Climbing,0,1,0,1,4,0.086140832
USA,Surfing,1,0,0,1,4,0.080581957
USA,Swimming,41,29,17,87,135,5.725760305
USA,Table Tennis,0,0,0,0,16,0.011221392
USA,Taekwondo,1,0,0,1,2,0.080581957
USA,Tennis,1,1,0,2,21,0.171355862
USA,Trampoline Gymnastics,0,0,0,0,2,0
USA,Triathlon,0,5,1,6,10,0.467604567
USA,Volleyball,11,1,9,21,31,1.52454524
USA,Water Polo,23,1,0,24,43,1.895615225
USA,Weightlifting,0,1,1,2,8,0.16612191
USA,Wrestling,3,2,4,9,15,0.733951847
UZB,Artistic Gymnastics,0,0,0,0,7,0.006715091
UZB,Athletics,0,0,0,0,9,0.003368633
UZB,Boxing,1,0,0,1,11,0.080581957
UZB,Canoe Sprint,0,0,0,0,4,0.002250696
UZB,Cycling Road,0,0,0,0,2,0
UZB,Fencing,0,0,0,0,3,0
UZB,Judo,0,0,1,1,20,0.090115554
UZB,Modern Pentathlon,0,0,0,0,2,0
UZB,Rhythmic Gymnastics,0,0,0,0,6,0
UZB,Rowing,0,0,0,0,2,0
UZB,Shooting,0,0,0,0,2,0.001125348
UZB,Swimming,0,0,0,0,2,0
UZB,Taekwondo,1,0,0,1,6,0.082832653
UZB,Tennis,0,0,0,0,3,0.002248224
UZB,Weightlifting,1,0,0,1,4,0.080581957
UZB,Wrestling,0,0,2,2,12,0.161127154
VEN,Athletics,1,0,0,1,4,0.080581957
VEN,Boxing,0,0,0,0,3,0
VEN,Cycling BMX Freestyle,0,1,0,1,1,0.086140832
VEN,Cycling Road,0,0,0,0,1,0
VEN,Diving,0,0,0,0,1,0
VEN,Fencing,0,0,0,0,2,0
VEN,Golf,0,0,0,0,2,0.001125348
VEN,Judo,0,0,0,0,3,0
VEN,Karate,0,0,0,0,2,0
VEN,Rowing,0,0,0,0,2,0
VEN,Sailing,0,0,0,0,1,0
VEN,Shooting,0,0,0,0,2,0.001125348
VEN,Swimming,0,0,0,0,6,0.003376044
VEN,Volleyball,0,0,0,0,10,0
VEN,Weightlifting,0,2,0,2,4,0.172281664
VIE,Archery,0,0,0,0,4,0.002250696
VIE,Artistic Gymnastics,0,0,0,0,3,0.001125348
VIE,Athletics,0,0,0,0,1,0
VIE,Badminton,0,0,0,0,2,0
VIE,Boxing,0,0,0,0,2,0
VIE,Judo,0,0,0,0,1,0
VIE,Rowing,0,0,0,0,2,0
VIE,Shooting,0,0,0,0,1,0
VIE,Swimming,0,0,0,0,4,0.002250696
VIE,Taekwondo,0,0,0,0,1,0
VIE,Weightlifting,0,0,0,0,2,0
ZAM,Athletics,0,0,0,0,3,0.001125348
ZAM,Boxing,0,0,0,0,3,0
ZAM,Football,0,0,0,0,22,0
ZAM,Judo,0,0,0,0,1,0
ZAM,Swimming,0,0,0,0,2,0
ZIM,Athletics,0,0,0,0,1,0
ZIM,Golf,0,0,0,0,1,0
ZIM,Rowing,0,0,0,0,1,0
ZIM,Swimming,0,0,0,0,2,0
